$date
	Sat Sep  5 19:46:42 2026
$end
$version
	Icarus Verilog
$end
$timescale
	1ps
$end
$scope module skid_buffer_tb $end
$var wire 1 ! out_valid $end
$var wire 8 " out_data [7:0] $end
$var wire 1 # in_ready $end
$var parameter 32 $ WIDTH $end
$var reg 1 % clk $end
$var reg 8 & in_data [7:0] $end
$var reg 1 ' in_valid $end
$var reg 1 ( out_ready $end
$var reg 8 ) p_data [7:0] $end
$var reg 1 * p_ready $end
$var reg 1 + p_valid $end
$var reg 8 , rdp [7:0] $end
$var reg 1 - rst_n $end
$var reg 8 . sym [7:0] $end
$var reg 8 / wrp [7:0] $end
$var integer 32 0 c [31:0] $end
$var integer 32 1 guard [31:0] $end
$var integer 32 2 in_bubble_pct [31:0] $end
$var integer 32 3 n_err [31:0] $end
$var integer 32 4 n_recv [31:0] $end
$var integer 32 5 n_sent [31:0] $end
$var integer 32 6 out_bubble_pct [31:0] $end
$var integer 32 7 target [31:0] $end
$scope function pct $end
$var reg 32 8 r [31:0] $end
$var integer 32 9 unused [31:0] $end
$upscope $end
$scope module dut $end
$var wire 1 % clk $end
$var wire 1 : in $end
$var wire 8 ; in_data [7:0] $end
$var wire 1 ' in_valid $end
$var wire 1 < out $end
$var wire 1 ( out_ready $end
$var wire 1 - rst_n $end
$var parameter 32 = HOLD0 $end
$var parameter 32 > HOLD1 $end
$var parameter 32 ? HOLD2 $end
$var parameter 32 @ WIDTH $end
$var reg 1 # in_ready $end
$var reg 2 A next_state [1:0] $end
$var reg 8 B out_data [7:0] $end
$var reg 1 ! out_valid $end
$var reg 8 C skid_data [7:0] $end
$var reg 2 D state [1:0] $end
$upscope $end
$scope task consumer_step $end
$upscope $end
$scope task do_reset $end
$upscope $end
$scope task producer_step $end
$upscope $end
$scope task run_random $end
$var integer 32 E g [31:0] $end
$var integer 32 F ib [31:0] $end
$var integer 32 G nb [31:0] $end
$var integer 32 H ob [31:0] $end
$upscope $end
$scope task step $end
$upscope $end
$upscope $end
$enddefinitions $end
$comment Show the parameter values. $end
$dumpall
b1000 @
b10 ?
b1 >
b0 =
b1000 $
$end
#0
$dumpvars
bx H
bx G
bx F
bx E
bx D
bx C
bx B
b0 A
0<
b0 ;
0:
bx 9
bx 8
bx 7
bx 6
b0 5
b0 4
b0 3
bx 2
bx 1
bx 0
b0 /
b0 .
0-
b0 ,
0+
0*
b0 )
0(
0'
b0 &
0%
x#
bx "
x!
$end
#5000
1#
0!
b0 C
b0 "
b0 B
b0 D
bx )
x+
1%
#10000
0%
#15000
b0 )
0+
1%
#20000
0%
#25000
1%
#30000
1-
0%
#35000
1%
#40000
b0 0
b1000000 7
b0 6
b0 2
0%
#45000
1%
#50000
b1 A
1:
b1 0
1(
1'
b11000000100010010101111010000001 8
b0 9
0%
#55000
1<
b1 A
1!
1*
b1 D
b1 5
b1 /
1%
#60000
b10 0
b1 &
b1 ;
b10110001111100000101011001100011 8
1'
b1 .
0%
#65000
b1 "
b1 B
1+
b1 4
b1 ,
b10 5
b10 /
1%
#70000
b11 0
b10 &
b10 ;
b1000110110111111001100110001101 8
1'
b10 .
0%
#75000
b1 )
b10 "
b10 B
b10 4
b10 ,
b11 5
b11 /
1%
#80000
b100 0
b11 &
b11 ;
b10001001001101110101001000010010 8
1'
b11 .
0%
#85000
b11 "
b11 B
b10 )
b11 4
b11 ,
b100 5
b100 /
1%
#90000
b101 0
b100 &
b100 ;
b110110101111100110100001101 8
1'
b100 .
0%
#95000
b11 )
b100 "
b100 B
b100 4
b100 ,
b101 5
b101 /
1%
#100000
b110 0
b101 &
b101 ;
b11110100011011100110100111101 8
1'
b101 .
0%
#105000
b101 "
b101 B
b100 )
b101 4
b101 ,
b110 5
b110 /
1%
#110000
b111 0
b110 &
b110 ;
b1000110001011011111011110001100 8
1'
b110 .
0%
#115000
b101 )
b110 "
b110 B
b110 4
b110 ,
b111 5
b111 /
1%
#120000
b1000 0
b111 &
b111 ;
b11100011001101110010010011000110 8
1'
b111 .
0%
#125000
b111 "
b111 B
b110 )
b111 4
b111 ,
b1000 5
b1000 /
1%
#130000
b1001 0
b1000 &
b1000 ;
b11010101000100111101001010101010 8
1'
b1000 .
0%
#135000
b111 )
b1000 "
b1000 B
b1000 4
b1000 ,
b1001 5
b1001 /
1%
#140000
b1010 0
b1001 &
b1001 ;
b10111011110100100111001001110111 8
1'
b1001 .
0%
#145000
b1001 "
b1001 B
b1000 )
b1001 4
b1001 ,
b1010 5
b1010 /
1%
#150000
b1011 0
b1010 &
b1010 ;
b1000111111011001101101110001111 8
1'
b1010 .
0%
#155000
b1001 )
b1010 "
b1010 B
b1010 4
b1010 ,
b1011 5
b1011 /
1%
#160000
b1100 0
b1011 &
b1011 ;
b11100111011101101001011011001110 8
1'
b1011 .
0%
#165000
b1011 "
b1011 B
b1010 )
b1011 4
b1011 ,
b1100 5
b1100 /
1%
#170000
b1101 0
b1100 &
b1100 ;
b11100010110010100100111011000101 8
1'
b1100 .
0%
#175000
b1011 )
b1100 "
b1100 B
b1100 4
b1100 ,
b1101 5
b1101 /
1%
#180000
b1110 0
b1101 &
b1101 ;
b11011110100011100010100010111101 8
1'
b1101 .
0%
#185000
b1101 "
b1101 B
b1100 )
b1101 4
b1101 ,
b1110 5
b1110 /
1%
#190000
b1111 0
b1110 &
b1110 ;
b10110010101001110010011001100101 8
1'
b1110 .
0%
#195000
b1101 )
b1110 "
b1110 B
b1110 4
b1110 ,
b1111 5
b1111 /
1%
#200000
b10000 0
b1111 &
b1111 ;
b101011100111000011100001010 8
1'
b1111 .
0%
#205000
b1111 "
b1111 B
b1110 )
b1111 4
b1111 ,
b10000 5
b10000 /
1%
#210000
b10001 0
b10000 &
b10000 ;
b10000011001000010000100100000 8
1'
b10000 .
0%
#215000
b1111 )
b10000 "
b10000 B
b10000 4
b10000 ,
b10001 5
b10001 /
1%
#220000
b10010 0
b10001 &
b10001 ;
b11001110110011001100110010011101 8
1'
b10001 .
0%
#225000
b10001 "
b10001 B
b10000 )
b10001 4
b10001 ,
b10010 5
b10010 /
1%
#230000
b10011 0
b10010 &
b10010 ;
b10001001100000111011100000010011 8
1'
b10010 .
0%
#235000
b10001 )
b10010 "
b10010 B
b10010 4
b10010 ,
b10011 5
b10011 /
1%
#240000
b10100 0
b10011 &
b10011 ;
b10101001101001111101011001010011 8
1'
b10011 .
0%
#245000
b10011 "
b10011 B
b10010 )
b10011 4
b10011 ,
b10100 5
b10100 /
1%
#250000
b10101 0
b10100 &
b10100 ;
b11101010101001100010101011010101 8
1'
b10100 .
0%
#255000
b10011 )
b10100 "
b10100 B
b10100 4
b10100 ,
b10101 5
b10101 /
1%
#260000
b10110 0
b10101 &
b10101 ;
b11010111010101100011111010101110 8
1'
b10101 .
0%
#265000
b10101 "
b10101 B
b10100 )
b10101 4
b10101 ,
b10110 5
b10110 /
1%
#270000
b10111 0
b10110 &
b10110 ;
b11100111110001010111001011001111 8
1'
b10110 .
0%
#275000
b10101 )
b10110 "
b10110 B
b10110 4
b10110 ,
b10111 5
b10111 /
1%
#280000
b11000 0
b10111 &
b10111 ;
b101000010010110010100001010 8
1'
b10111 .
0%
#285000
b10111 "
b10111 B
b10110 )
b10111 4
b10111 ,
b11000 5
b11000 /
1%
#290000
b11001 0
b11000 &
b11000 ;
b10011110001100010100110000111100 8
1'
b11000 .
0%
#295000
b10111 )
b11000 "
b11000 B
b11000 4
b11000 ,
b11001 5
b11001 /
1%
#300000
b11010 0
b11001 &
b11001 ;
b1000101001011100110000110001010 8
1'
b11001 .
0%
#305000
b11001 "
b11001 B
b11000 )
b11001 4
b11001 ,
b11010 5
b11010 /
1%
#310000
b11011 0
b11010 &
b11010 ;
b11101100010010110011010011011000 8
1'
b11010 .
0%
#315000
b11001 )
b11010 "
b11010 B
b11010 4
b11010 ,
b11011 5
b11011 /
1%
#320000
b11100 0
b11011 &
b11011 ;
b11000100100010100001001010001001 8
1'
b11011 .
0%
#325000
b11011 "
b11011 B
b11010 )
b11011 4
b11011 ,
b11100 5
b11100 /
1%
#330000
b11101 0
b11100 &
b11100 ;
b1011011000000100110010110110110 8
1'
b11100 .
0%
#335000
b11011 )
b11100 "
b11100 B
b11100 4
b11100 ,
b11101 5
b11101 /
1%
#340000
b11110 0
b11101 &
b11101 ;
b1010111000101010001001110101110 8
1'
b11101 .
0%
#345000
b11101 "
b11101 B
b11100 )
b11101 4
b11101 ,
b11110 5
b11110 /
1%
#350000
b11111 0
b11110 &
b11110 ;
b10101000011111101110100101010 8
1'
b11110 .
0%
#355000
b11101 )
b11110 "
b11110 B
b11110 4
b11110 ,
b11111 5
b11111 /
1%
#360000
b100000 0
b11111 &
b11111 ;
b10111000100101111011111001110001 8
1'
b11111 .
0%
#365000
b11111 "
b11111 B
b11110 )
b11111 4
b11111 ,
b100000 5
b100000 /
1%
#370000
b100001 0
b100000 &
b100000 ;
b100111111100100101010101001111 8
1'
b100000 .
0%
#375000
b11111 )
b100000 "
b100000 B
b100000 4
b100000 ,
b100001 5
b100001 /
1%
#380000
b100010 0
b100001 &
b100001 ;
b11101000001100011001100111010 8
1'
b100001 .
0%
#385000
b100001 "
b100001 B
b100000 )
b100001 4
b100001 ,
b100010 5
b100010 /
1%
#390000
b100011 0
b100010 &
b100010 ;
b1010101010100100101100010101 8
1'
b100010 .
0%
#395000
b100001 )
b100010 "
b100010 B
b100010 4
b100010 ,
b100011 5
b100011 /
1%
#400000
b100100 0
b100011 &
b100011 ;
b1101100100111000100101111011001 8
1'
b100011 .
0%
#405000
b100011 "
b100011 B
b100010 )
b100011 4
b100011 ,
b100100 5
b100100 /
1%
#410000
b100101 0
b100100 &
b100100 ;
b100110001101011111101101001100 8
1'
b100100 .
0%
#415000
b100011 )
b100100 "
b100100 B
b100100 4
b100100 ,
b100101 5
b100101 /
1%
#420000
b100110 0
b100101 &
b100101 ;
b1000111101110011010000110001111 8
1'
b100101 .
0%
#425000
b100101 "
b100101 B
b100100 )
b100101 4
b100101 ,
b100110 5
b100110 /
1%
#430000
b100111 0
b100110 &
b100110 ;
b11011011110011010110000010110111 8
1'
b100110 .
0%
#435000
b100101 )
b100110 "
b100110 B
b100110 4
b100110 ,
b100111 5
b100111 /
1%
#440000
b101000 0
b100111 &
b100111 ;
b10101110011111011001010001011100 8
1'
b100111 .
0%
#445000
b100111 "
b100111 B
b100110 )
b100111 4
b100111 ,
b101000 5
b101000 /
1%
#450000
b101001 0
b101000 &
b101000 ;
b1000100110111100011011110001001 8
1'
b101000 .
0%
#455000
b100111 )
b101000 "
b101000 B
b101000 4
b101000 ,
b101001 5
b101001 /
1%
#460000
b101010 0
b101001 &
b101001 ;
b11101000001000110011111011010000 8
1'
b101001 .
0%
#465000
b101001 "
b101001 B
b101000 )
b101001 4
b101001 ,
b101010 5
b101010 /
1%
#470000
b101011 0
b101010 &
b101010 ;
b10101000110001111111110001010001 8
1'
b101010 .
0%
#475000
b101001 )
b101010 "
b101010 B
b101010 4
b101010 ,
b101011 5
b101011 /
1%
#480000
b101100 0
b101011 &
b101011 ;
b110000111010111111100001100 8
1'
b101011 .
0%
#485000
b101011 "
b101011 B
b101010 )
b101011 4
b101011 ,
b101100 5
b101100 /
1%
#490000
b101101 0
b101100 &
b101100 ;
b1100100010101111110110111001000 8
1'
b101100 .
0%
#495000
b101011 )
b101100 "
b101100 B
b101100 4
b101100 ,
b101101 5
b101101 /
1%
#500000
b101110 0
b101101 &
b101101 ;
b11110111100101110110100111101 8
1'
b101101 .
0%
#505000
b101101 "
b101101 B
b101100 )
b101101 4
b101101 ,
b101110 5
b101110 /
1%
#510000
b101111 0
b101110 &
b101110 ;
b10111111000001010000000001111110 8
1'
b101110 .
0%
#515000
b101101 )
b101110 "
b101110 B
b101110 4
b101110 ,
b101111 5
b101111 /
1%
#520000
b110000 0
b101111 &
b101111 ;
b11100110110011110011100111001 8
1'
b101111 .
0%
#525000
b101111 "
b101111 B
b101110 )
b101111 4
b101111 ,
b110000 5
b110000 /
1%
#530000
b110001 0
b110000 &
b110000 ;
b11101001111010111111011011010011 8
1'
b110000 .
0%
#535000
b101111 )
b110000 "
b110000 B
b110000 4
b110000 ,
b110001 5
b110001 /
1%
#540000
b110010 0
b110001 &
b110001 ;
b10111100000101001000100001111000 8
1'
b110001 .
0%
#545000
b110001 "
b110001 B
b110000 )
b110001 4
b110001 ,
b110010 5
b110010 /
1%
#550000
b110011 0
b110010 &
b110010 ;
b100100100010110100101101001001 8
1'
b110010 .
0%
#555000
b110001 )
b110010 "
b110010 B
b110010 4
b110010 ,
b110011 5
b110011 /
1%
#560000
b110100 0
b110011 &
b110011 ;
b10101000011001010111100101010 8
1'
b110011 .
0%
#565000
b110011 "
b110011 B
b110010 )
b110011 4
b110011 ,
b110100 5
b110100 /
1%
#570000
b110101 0
b110100 &
b110100 ;
b11000011001111110011100010000110 8
1'
b110100 .
0%
#575000
b110011 )
b110100 "
b110100 B
b110100 4
b110100 ,
b110101 5
b110101 /
1%
#580000
b110110 0
b110101 &
b110101 ;
b11001110001011111111001010011100 8
1'
b110101 .
0%
#585000
b110101 "
b110101 B
b110100 )
b110101 4
b110101 ,
b110110 5
b110110 /
1%
#590000
b110111 0
b110110 &
b110110 ;
b10010011011111011011110000100110 8
1'
b110110 .
0%
#595000
b110101 )
b110110 "
b110110 B
b110110 4
b110110 ,
b110111 5
b110111 /
1%
#600000
b111000 0
b110111 &
b110111 ;
b11010001100010111011010010100011 8
1'
b110111 .
0%
#605000
b110111 "
b110111 B
b110110 )
b110111 4
b110111 ,
b111000 5
b111000 /
1%
#610000
b111001 0
b111000 &
b111000 ;
b11011001110100101001001010110011 8
1'
b111000 .
0%
#615000
b110111 )
b111000 "
b111000 B
b111000 4
b111000 ,
b111001 5
b111001 /
1%
#620000
b111010 0
b111001 &
b111001 ;
b100010001010010000110101000100 8
1'
b111001 .
0%
#625000
b111001 "
b111001 B
b111000 )
b111001 4
b111001 ,
b111010 5
b111010 /
1%
#630000
b111011 0
b111010 &
b111010 ;
b11100101100110110011011011001011 8
1'
b111010 .
0%
#635000
b111001 )
b111010 "
b111010 B
b111010 4
b111010 ,
b111011 5
b111011 /
1%
#640000
b111100 0
b111011 &
b111011 ;
b101101001010001101101101011010 8
1'
b111011 .
0%
#645000
b111011 "
b111011 B
b111010 )
b111011 4
b111011 ,
b111100 5
b111100 /
1%
#650000
b111101 0
b111100 &
b111100 ;
b11110110100000101110001011101101 8
1'
b111100 .
0%
#655000
b111011 )
b111100 "
b111100 B
b111100 4
b111100 ,
b111101 5
b111101 /
1%
#660000
b111110 0
b111101 &
b111101 ;
b10110010100111111011011001100101 8
1'
b111101 .
0%
#665000
b111101 "
b111101 B
b111100 )
b111101 4
b111101 ,
b111110 5
b111110 /
1%
#670000
b111111 0
b111110 &
b111110 ;
b11101111101111101001010011011111 8
1'
b111110 .
0%
#675000
b111101 )
b111110 "
b111110 B
b111110 4
b111110 ,
b111111 5
b111111 /
1%
#680000
b1000000 0
b111111 &
b111111 ;
b100010001100011111111101000100 8
1'
b111111 .
0%
#685000
b111111 "
b111111 B
b111110 )
b111111 4
b111111 ,
b1000000 5
b1000000 /
1%
#690000
b0 A
0:
b1000001 0
b11101000011101000000110011010000 8
0'
b1000000 .
0%
#695000
0<
0!
b111111 )
b0 D
b1000000 4
b1000000 ,
1%
#700000
b0 )
0*
0+
b0 4
b0 5
b0 ,
b0 /
b0 .
0(
b0 &
b0 ;
0-
b1000010 0
b10101000010010000101100101010 8
0%
#705000
b0 "
b0 B
b111111 )
1%
#710000
0%
#715000
b0 )
1%
#720000
0%
#725000
1%
#730000
1-
0%
#735000
1%
#740000
b10000 7
b1100100 6
0%
#745000
1%
#750000
b1 A
1:
1'
b111011011111100111100001110 8
0%
#755000
b10 A
1!
b1 D
b1 5
b1 /
1%
#760000
b1 &
b1 ;
b11001101010111101011110010011010 8
1'
b1 .
0%
#765000
0:
0#
b1 C
b1 "
b1 B
b10 D
1+
b10 5
b10 /
1%
#770000
b11111110110111110111001011111101 8
0%
#775000
b1 )
b1 3
1%
#780000
b11100001111100010000001011000011 8
0%
#785000
1%
#790000
b101011000011101110110101010110 8
0%
#795000
1%
#800000
b100111011110011110100101001110 8
0%
#805000
1%
#810000
b10110011110110010111011001100111 8
0%
#815000
1%
#820000
b10000101001100010011010000001010 8
0%
#825000
1%
#830000
b1011011011011111011100110110110 8
0%
#835000
1%
#840000
b10011100000011101000101000111000 8
0%
#845000
1%
#850000
b111100110100011000011101111001 8
0%
#855000
1%
#860000
b0 1
b0 6
b11011100001010111100010010111000 8
0%
#865000
1%
#870000
b1 A
1<
b1 1
1(
b1001010011101001011111110010100 8
0%
#875000
1:
b1 A
1#
1*
b1 D
b1 4
b1 ,
b10 3
1%
#880000
b10 1
b10 &
b10 ;
b10000010001111110010110000000100 8
1'
b10 .
0%
#885000
b10 "
b10 B
b10 4
b10 ,
b11 5
b11 /
1%
#890000
b11 1
b11 &
b11 ;
b1101101110010110110100111011011 8
1'
b11 .
0%
#895000
b10 )
b11 "
b11 B
b11 4
b11 ,
b100 5
b100 /
1%
#900000
b100 1
b100 &
b100 ;
b1101100101100001011011111011001 8
1'
b100 .
0%
#905000
b100 "
b100 B
b11 )
b100 4
b100 ,
b101 5
b101 /
1%
#910000
b101 1
b101 &
b101 ;
b10111011010001011110001001110110 8
1'
b101 .
0%
#915000
b100 )
b101 "
b101 B
b101 4
b101 ,
b110 5
b110 /
1%
#920000
b110 1
b110 &
b110 ;
b1011011000101110010110110110110 8
1'
b110 .
0%
#925000
b110 "
b110 B
b101 )
b110 4
b110 ,
b111 5
b111 /
1%
#930000
b111 1
b111 &
b111 ;
b10100011000001110001101001000110 8
1'
b111 .
0%
#935000
b110 )
b111 "
b111 B
b111 4
b111 ,
b1000 5
b1000 /
1%
#940000
b1000 1
b1000 &
b1000 ;
b1111011110100100110000111110111 8
1'
b1000 .
0%
#945000
b1000 "
b1000 B
b111 )
b1000 4
b1000 ,
b1001 5
b1001 /
1%
#950000
b1001 1
b1001 &
b1001 ;
b11011010011011101011101010110100 8
1'
b1001 .
0%
#955000
b1000 )
b1001 "
b1001 B
b1001 4
b1001 ,
b1010 5
b1010 /
1%
#960000
b1010 1
b1010 &
b1010 ;
b10100011111001101100100101000 8
1'
b1010 .
0%
#965000
b1010 "
b1010 B
b1001 )
b1010 4
b1010 ,
b1011 5
b1011 /
1%
#970000
b1011 1
b1011 &
b1011 ;
b11100011110001010011000011000111 8
1'
b1011 .
0%
#975000
b1010 )
b1011 "
b1011 B
b1011 4
b1011 ,
b1100 5
b1100 /
1%
#980000
b1100 1
b1100 &
b1100 ;
b10000100011101111110010000001000 8
1'
b1100 .
0%
#985000
b1100 "
b1100 B
b1011 )
b1100 4
b1100 ,
b1101 5
b1101 /
1%
#990000
b1101 1
b1101 &
b1101 ;
b11111110101001111010011011111101 8
1'
b1101 .
0%
#995000
b1100 )
b1101 "
b1101 B
b1101 4
b1101 ,
b1110 5
b1110 /
1%
#1000000
b1110 1
b1110 &
b1110 ;
b10001110001101111001000000011100 8
1'
b1110 .
0%
#1005000
b1110 "
b1110 B
b1101 )
b1110 4
b1110 ,
b1111 5
b1111 /
1%
#1010000
b1111 1
b1111 &
b1111 ;
b11101101001101000000100011011010 8
1'
b1111 .
0%
#1015000
b1110 )
b1111 "
b1111 B
b1111 4
b1111 ,
b10000 5
b10000 /
1%
#1020000
b0 A
0:
b10000 1
b10011110101101111100011000111101 8
0'
b10000 .
0%
#1025000
0<
0!
b0 D
b1111 )
b10000 4
b10000 ,
1%
#1030000
b0 )
0*
0+
b0 4
b0 5
b0 ,
b0 /
b0 .
0(
b0 &
b0 ;
0-
b110010000 G
b11110 H
b11110 F
b10001 1
b110011010011101010011101100110 8
0%
#1035000
b1111 )
b0 C
b0 "
b0 B
1%
#1040000
0%
#1045000
b0 )
1%
#1050000
0%
#1055000
1%
#1060000
1-
0%
#1065000
1%
#1070000
b0 E
b110010000 7
b11110 6
b11110 2
0%
#1075000
1%
#1080000
b1 A
1:
b1 E
1'
b10111001111101010000010001110011 8
0%
#1085000
b10 A
1!
b1 D
b1 5
b1 /
1%
#1090000
b0 A
1<
0:
b10 E
1(
b101111001110101011001101011110 8
0'
b1 .
0%
#1095000
0<
0!
1*
1+
b0 D
b1 4
b1 ,
1%
#1100000
b1 A
1:
b11 E
0(
b1 &
b1 ;
1'
b1101010100011100000010111010101 8
0%
#1105000
b10 A
1!
b1 "
b1 B
b1 D
0*
0+
b10 5
b10 /
1%
#1110000
b1 A
1<
b100 E
1(
b10 &
b10 ;
b11011100111100000000000010111001 8
1'
b10 .
0%
#1115000
b1 )
1*
1+
b10 "
b10 B
b10 4
b10 ,
b11 5
b11 /
1%
#1120000
b101 E
b11 &
b11 ;
b1001011001001110011011110010110 8
1'
b11 .
0%
#1125000
b11 "
b11 B
b10 )
b11 4
b11 ,
b100 5
b100 /
1%
#1130000
b0 A
0:
b110 E
b10011001001011001111100100110 8
0'
b100 .
0%
#1135000
0<
0!
b11 )
b0 D
b100 4
b100 ,
1%
#1140000
b1 A
1:
b111 E
b100 &
b100 ;
1'
b111110100110011000001101111101 8
0%
#1145000
1<
b1 A
1!
b100 "
b100 B
b1 D
0+
b101 5
b101 /
1%
#1150000
b1000 E
b101 &
b101 ;
b1000011011000010101011110000110 8
1'
b101 .
0%
#1155000
b100 )
1+
b101 "
b101 B
b101 4
b101 ,
b110 5
b110 /
1%
#1160000
b1001 E
b110 &
b110 ;
b111111010110101001101101111110 8
1'
b110 .
0%
#1165000
b110 "
b110 B
b101 )
b110 4
b110 ,
b111 5
b111 /
1%
#1170000
b10 A
0<
b1010 E
0(
b111 &
b111 ;
b11100111110000111011011011001111 8
1'
b111 .
0%
#1175000
0:
0#
b110 )
0*
b111 C
b111 "
b111 B
b10 D
b1000 5
b1000 /
1%
#1180000
b1011 E
b111100111011010010101101111001 8
0%
#1185000
b111 )
b11 3
1%
#1190000
b1100 E
b11111101001010001110010011111010 8
0%
#1195000
1%
#1200000
b1101 E
b10110000101111001110111001100001 8
0%
#1205000
1%
#1210000
b1 A
1<
b1110 E
1(
b1011100101000000100100010111 8
0%
#1215000
1:
b1 A
1#
1*
b1 D
b111 4
b111 ,
b100 3
1%
#1220000
0<
0:
b1111 E
0(
b1000011011101111001000110000110 8
0'
b1000 .
0%
#1225000
0*
1%
#1230000
b10 A
1:
b10000 E
b1000 &
b1000 ;
1'
b1111010100011000101100111110101 8
0%
#1235000
0:
0#
b1000 C
b1000 "
b1000 B
b10 D
b1001 5
b1001 /
1%
#1240000
b10001 E
b10011010101101001000100000110101 8
0%
#1245000
b1000 )
b101 3
1%
#1250000
b1 A
1<
b10010 E
1(
b10010100100110101000101000101001 8
0%
#1255000
1:
b1 A
1#
1*
b1 D
b1000 4
b1000 ,
b110 3
1%
#1260000
b10011 E
b1001 &
b1001 ;
b11100010111001010111010011000101 8
1'
b1001 .
0%
#1265000
b1001 "
b1001 B
b1001 4
b1001 ,
b1010 5
b1010 /
1%
#1270000
b10100 E
b1010 &
b1010 ;
b100101101100100111101101001011 8
1'
b1010 .
0%
#1275000
b1001 )
b1010 "
b1010 B
b1010 4
b1010 ,
b1011 5
b1011 /
1%
#1280000
b0 A
0:
b10101 E
b11110110001000101110011011101100 8
0'
b1011 .
0%
#1285000
0<
0!
b0 D
b1010 )
b1011 4
b1011 ,
1%
#1290000
b10110 E
b100111010110001101000101001110 8
0%
#1295000
0+
1%
#1300000
b10111 E
b1010100100111101111110110101001 8
0%
#1305000
1%
#1310000
b11000 E
b111000010111011100100001110 8
0%
#1315000
1%
#1320000
b11001 E
0(
b11001111110101101100000010011111 8
0%
#1325000
0*
1%
#1330000
b11010 E
1(
b10101010110100001110100101010 8
0%
#1335000
1*
1%
#1340000
b1 A
1:
b11011 E
0(
b1011 &
b1011 ;
1'
b1001111011101011111111110011110 8
0%
#1345000
b10 A
1!
b1011 "
b1011 B
b1 D
0*
b1100 5
b1100 /
1%
#1350000
b1 A
1<
b11100 E
1(
b1100 &
b1100 ;
b10111100110011111010100001111001 8
1'
b1100 .
0%
#1355000
b1011 )
1*
1+
b1100 "
b1100 B
b1100 4
b1100 ,
b1101 5
b1101 /
1%
#1360000
b0 A
0:
b11101 E
b1100101001000110100010111001010 8
0'
b1101 .
0%
#1365000
0<
0!
b0 D
b1100 )
b1101 4
b1101 ,
1%
#1370000
b1 A
1:
b11110 E
b1101 &
b1101 ;
1'
b110101101000001100100101101011 8
0%
#1375000
1<
b1 A
1!
0+
b1101 "
b1101 B
b1 D
b1110 5
b1110 /
1%
#1380000
b10 A
0<
b11111 E
0(
b1110 &
b1110 ;
b1011011000010111101110110110110 8
1'
b1110 .
0%
#1385000
0:
0#
b1110 C
b1110 "
b1110 B
b10 D
b1101 )
0*
1+
b1111 5
b1111 /
1%
#1390000
b1 A
1<
b100000 E
1(
b1011101000001011001110110111010 8
0%
#1395000
1:
b1 A
1#
b1110 )
1*
b1 D
b1110 4
b1110 ,
b1000 3
1%
#1400000
b100001 E
b1111 &
b1111 ;
b1011100100000101001010110111001 8
1'
b1111 .
0%
#1405000
b1111 "
b1111 B
b1111 4
b1111 ,
b10000 5
b10000 /
1%
#1410000
b0 A
0:
b100010 E
b11011010001001101001101010110100 8
0'
b10000 .
0%
#1415000
0<
0!
b1111 )
b0 D
b10000 4
b10000 ,
1%
#1420000
b1 A
1:
b100011 E
b10000 &
b10000 ;
1'
b11000011001100111001000010000110 8
0%
#1425000
1<
b1 A
1!
b10000 "
b10000 B
b1 D
0+
b10001 5
b10001 /
1%
#1430000
b10 A
0<
b100100 E
0(
b10001 &
b10001 ;
b11111001001001111001010011110010 8
1'
b10001 .
0%
#1435000
0:
0#
b10000 )
0*
1+
b10001 C
b10001 "
b10001 B
b10 D
b10010 5
b10010 /
1%
#1440000
b1 A
1<
b100101 E
1(
b11001010001010010000100110010 8
0%
#1445000
1:
b1 A
1#
b1 D
b10001 )
1*
b10001 4
b10001 ,
b1010 3
1%
#1450000
0<
0:
b100110 E
0(
b1000010010011111100110110000100 8
0'
b10010 .
0%
#1455000
0*
1%
#1460000
b100111 E
b1100101010000111100111111001010 8
0%
#1465000
1%
#1470000
1<
1:
b101000 E
1(
b10010 &
b10010 ;
1'
b11010000100101011010100010100001 8
0%
#1475000
1*
b10010 "
b10010 B
b10010 4
b10010 ,
b10011 5
b10011 /
1%
#1480000
b101001 E
b10011 &
b10011 ;
b11111101100010110110101011111011 8
1'
b10011 .
0%
#1485000
b10011 "
b10011 B
b10010 )
b10011 4
b10011 ,
b10100 5
b10100 /
1%
#1490000
b101010 E
b10100 &
b10100 ;
b11110111100000101001000011101111 8
1'
b10100 .
0%
#1495000
b10011 )
b10100 "
b10100 B
b10100 4
b10100 ,
b10101 5
b10101 /
1%
#1500000
b0 A
0:
b101011 E
b11011011000001110010100110110 8
0'
b10101 .
0%
#1505000
0<
0!
b0 D
b10100 )
b10101 4
b10101 ,
1%
#1510000
b1 A
1:
b101100 E
b10101 &
b10101 ;
1'
b11000111111010000101011010001111 8
0%
#1515000
1<
b1 A
1!
0+
b10101 "
b10101 B
b1 D
b10110 5
b10110 /
1%
#1520000
b101101 E
b10110 &
b10110 ;
b1000100011001011110011110001000 8
1'
b10110 .
0%
#1525000
b10110 "
b10110 B
b10101 )
1+
b10110 4
b10110 ,
b10111 5
b10111 /
1%
#1530000
b101110 E
b10111 &
b10111 ;
b1001101111100111000000110011011 8
1'
b10111 .
0%
#1535000
b10110 )
b10111 "
b10111 B
b10111 4
b10111 ,
b11000 5
b11000 /
1%
#1540000
b0 A
0:
b101111 E
b10100010001001101111100101000 8
0'
b11000 .
0%
#1545000
0<
0!
b0 D
b10111 )
b11000 4
b11000 ,
1%
#1550000
b1 A
1:
b110000 E
b11000 &
b11000 ;
1'
b100101101101110101111101001011 8
0%
#1555000
1<
b1 A
1!
0+
b11000 "
b11000 B
b1 D
b11001 5
b11001 /
1%
#1560000
b10 A
0<
b110001 E
0(
b11001 &
b11001 ;
b10001111000111001111011000011110 8
1'
b11001 .
0%
#1565000
0:
0#
b11001 C
b11001 "
b11001 B
b10 D
b11000 )
0*
1+
b11010 5
b11010 /
1%
#1570000
b1 A
1<
b110010 E
1(
b110101100110000010100001101 8
0%
#1575000
1:
b1 A
1#
b11001 )
1*
b1 D
b11001 4
b11001 ,
b1100 3
1%
#1580000
b10 A
0<
b110011 E
0(
b11010 &
b11010 ;
b1100000000111001110100011000 8
1'
b11010 .
0%
#1585000
0:
0#
b11010 C
b11010 "
b11010 B
b10 D
0*
b11011 5
b11011 /
1%
#1590000
b1 A
1<
b110100 E
1(
b1101000101011100001101111010001 8
0%
#1595000
1:
b1 A
1#
b11010 )
1*
b1 D
b11010 4
b11010 ,
b1110 3
1%
#1600000
b110101 E
b11011 &
b11011 ;
b10100000110000000010010001000001 8
1'
b11011 .
0%
#1605000
b11011 "
b11011 B
b11011 4
b11011 ,
b11100 5
b11100 /
1%
#1610000
b110110 E
b11100 &
b11100 ;
b1101100010001001111100111011000 8
1'
b11100 .
0%
#1615000
b11011 )
b11100 "
b11100 B
b11100 4
b11100 ,
b11101 5
b11101 /
1%
#1620000
b10 A
0<
b110111 E
0(
b11101 &
b11101 ;
b10101011000110010110001001010110 8
1'
b11101 .
0%
#1625000
0:
0#
b11101 C
b11101 "
b11101 B
b10 D
b11100 )
0*
b11110 5
b11110 /
1%
#1630000
b1 A
1<
b111000 E
1(
b10101101101011000010001001011011 8
0%
#1635000
1:
b1 A
1#
b11101 )
1*
b1 D
b11101 4
b11101 ,
b10000 3
1%
#1640000
b111001 E
b11110 &
b11110 ;
b10000010011100111110001000000100 8
1'
b11110 .
0%
#1645000
b11110 "
b11110 B
b11110 4
b11110 ,
b11111 5
b11111 /
1%
#1650000
b111010 E
b11111 &
b11111 ;
b11101100010100001011010011011000 8
1'
b11111 .
0%
#1655000
b11110 )
b11111 "
b11111 B
b11111 4
b11111 ,
b100000 5
b100000 /
1%
#1660000
0<
0:
b111011 E
0(
b11011100000000110100010010111000 8
0'
b100000 .
0%
#1665000
b11111 )
0*
1%
#1670000
b0 A
1<
b111100 E
1(
b11110010100001111011011011100101 8
0%
#1675000
0<
0!
1*
b0 D
b100000 4
b100000 ,
1%
#1680000
b111101 E
b10101100010010000111100101011 8
0%
#1685000
0+
1%
#1690000
b1 A
1:
b111110 E
0(
b100000 &
b100000 ;
1'
b1100100000110111000010111001000 8
0%
#1695000
b10 A
1!
0*
b100000 "
b100000 B
b1 D
b100001 5
b100001 /
1%
#1700000
b0 A
1<
0:
b111111 E
1(
b1010000110101011111100110100001 8
0'
b100001 .
0%
#1705000
0<
0!
b0 D
b100000 )
1*
1+
b100001 4
b100001 ,
1%
#1710000
b1000000 E
b10000010001000100011101000000100 8
0%
#1715000
0+
1%
#1720000
b1 A
1:
b1000001 E
b100001 &
b100001 ;
1'
b11001011010111001000000010010110 8
0%
#1725000
1<
b1 A
1!
b100001 "
b100001 B
b1 D
b100010 5
b100010 /
1%
#1730000
b1000010 E
b100010 &
b100010 ;
b10001001000110011011010000010010 8
1'
b100010 .
0%
#1735000
b100001 )
1+
b100010 "
b100010 B
b100010 4
b100010 ,
b100011 5
b100011 /
1%
#1740000
b1000011 E
b100011 &
b100011 ;
b11011000101011001110001010110001 8
1'
b100011 .
0%
#1745000
b100011 "
b100011 B
b100010 )
b100011 4
b100011 ,
b100100 5
b100100 /
1%
#1750000
b1000100 E
b100100 &
b100100 ;
b11110110110000111000111011101101 8
1'
b100100 .
0%
#1755000
b100011 )
b100100 "
b100100 B
b100100 4
b100100 ,
b100101 5
b100101 /
1%
#1760000
b1000101 E
b100101 &
b100101 ;
b1111010101100010001101111110101 8
1'
b100101 .
0%
#1765000
b100101 "
b100101 B
b100100 )
b100101 4
b100101 ,
b100110 5
b100110 /
1%
#1770000
b1000110 E
b100110 &
b100110 ;
b10010011110000010010001000100111 8
1'
b100110 .
0%
#1775000
b100101 )
b100110 "
b100110 B
b100110 4
b100110 ,
b100111 5
b100111 /
1%
#1780000
b1000111 E
b100111 &
b100111 ;
b11010011101010001110010010100111 8
1'
b100111 .
0%
#1785000
b100111 "
b100111 B
b100110 )
b100111 4
b100111 ,
b101000 5
b101000 /
1%
#1790000
b1001000 E
b101000 &
b101000 ;
b11011100111011111001000010111001 8
1'
b101000 .
0%
#1795000
b100111 )
b101000 "
b101000 B
b101000 4
b101000 ,
b101001 5
b101001 /
1%
#1800000
b1001001 E
b101001 &
b101001 ;
b1101101111001011011101111011011 8
1'
b101001 .
0%
#1805000
b101001 "
b101001 B
b101000 )
b101001 4
b101001 ,
b101010 5
b101010 /
1%
#1810000
b1001010 E
b101010 &
b101010 ;
b101000100000111011000101010001 8
1'
b101010 .
0%
#1815000
b101001 )
b101010 "
b101010 B
b101010 4
b101010 ,
b101011 5
b101011 /
1%
#1820000
b0 A
0:
b1001011 E
b10101010001101101110100101010 8
0'
b101011 .
0%
#1825000
0<
0!
b0 D
b101010 )
b101011 4
b101011 ,
1%
#1830000
b1001100 E
b10100010111001100010000001000101 8
0%
#1835000
0+
1%
#1840000
b1 A
1:
b1001101 E
b101011 &
b101011 ;
1'
b10111110011101010100001001111100 8
0%
#1845000
1<
b1 A
1!
b101011 "
b101011 B
b1 D
b101100 5
b101100 /
1%
#1850000
b0 A
0:
b1001110 E
b11111111010011110011110011111110 8
0'
b101100 .
0%
#1855000
0<
0!
b101011 )
1+
b0 D
b101100 4
b101100 ,
1%
#1860000
b1 A
1:
b1001111 E
b101100 &
b101100 ;
1'
b10110111110111111010101001101111 8
0%
#1865000
1<
b1 A
1!
b101100 "
b101100 B
b1 D
0+
b101101 5
b101101 /
1%
#1870000
b1010000 E
b101101 &
b101101 ;
b1111000001000110010000111110000 8
1'
b101101 .
0%
#1875000
b101100 )
1+
b101101 "
b101101 B
b101101 4
b101101 ,
b101110 5
b101110 /
1%
#1880000
b0 A
0:
b1010001 E
b100000011101101001000101000000 8
0'
b101110 .
0%
#1885000
0<
0!
b0 D
b101101 )
b101110 4
b101110 ,
1%
#1890000
b1 A
1:
b1010010 E
b101110 &
b101110 ;
1'
b1111011000011011010100111110110 8
0%
#1895000
1<
b1 A
1!
0+
b101110 "
b101110 B
b1 D
b101111 5
b101111 /
1%
#1900000
b10 A
0<
b1010011 E
0(
b101111 &
b101111 ;
b1100000001010000011000111000000 8
1'
b101111 .
0%
#1905000
0:
0#
b101111 C
b101111 "
b101111 B
b10 D
b101110 )
0*
1+
b110000 5
b110000 /
1%
#1910000
b1 A
1<
b1010100 E
1(
b111010011000100101111101110100 8
0%
#1915000
1:
b1 A
1#
b101111 )
1*
b1 D
b101111 4
b101111 ,
b10010 3
1%
#1920000
b0 A
0:
b1010101 E
b11011000011010100110101010110000 8
0'
b110000 .
0%
#1925000
0<
0!
b0 D
b110000 4
b110000 ,
1%
#1930000
b1010110 E
b10101001000011001001100101010 8
0%
#1935000
0+
1%
#1940000
b1 A
1:
b1010111 E
b110000 &
b110000 ;
1'
b1010111011000011010100010101 8
0%
#1945000
1<
b1 A
1!
b110000 "
b110000 B
b1 D
b110001 5
b110001 /
1%
#1950000
0<
0:
b1011000 E
0(
b1011111000101001110100010111 8
0'
b110001 .
0%
#1955000
b110000 )
0*
1+
1%
#1960000
b10 A
1:
b1011001 E
b110001 &
b110001 ;
1'
b1100100101101011110001111001001 8
0%
#1965000
0:
0#
b110001 C
b110001 "
b110001 B
b10 D
b110010 5
b110010 /
1%
#1970000
b1011010 E
b11000011001101100000010010000110 8
0%
#1975000
b110001 )
b10011 3
1%
#1980000
b1011011 E
b10010100101111100101100100101 8
0%
#1985000
1%
#1990000
b1 A
1<
b1011100 E
1(
b1100000111101101001110111000001 8
0%
#1995000
1:
b1 A
1#
1*
b1 D
b110001 4
b110001 ,
b10100 3
1%
#2000000
b10 A
0<
b1011101 E
0(
b110010 &
b110010 ;
b10101101011001111110001001011010 8
1'
b110010 .
0%
#2005000
0:
0#
b110010 C
b110010 "
b110010 B
b10 D
0*
b110011 5
b110011 /
1%
#2010000
b1 A
1<
b1011110 E
1(
b11110101100010011100000111 8
0%
#2015000
1:
b1 A
1#
b110010 )
1*
b1 D
b110010 4
b110010 ,
b10110 3
1%
#2020000
b1011111 E
b110011 &
b110011 ;
b110000010100101110100001100 8
1'
b110011 .
0%
#2025000
b110011 "
b110011 B
b110011 4
b110011 ,
b110100 5
b110100 /
1%
#2030000
b10 A
0<
b1100000 E
0(
b110100 &
b110100 ;
b10011101111000010111110000111011 8
1'
b110100 .
0%
#2035000
0:
0#
b110011 )
0*
b110100 C
b110100 "
b110100 B
b10 D
b110101 5
b110101 /
1%
#2040000
b1100001 E
b1011011011000001110010110110110 8
0%
#2045000
b110100 )
b10111 3
1%
#2050000
b1 A
1<
b1100010 E
1(
b11111011110111111100001011110111 8
0%
#2055000
1:
b1 A
1#
1*
b1 D
b110100 4
b110100 ,
b11000 3
1%
#2060000
0<
0:
b1100011 E
0(
b10101110011110000101100001011100 8
0'
b110101 .
0%
#2065000
0*
1%
#2070000
b0 A
1<
b1100100 E
1(
b10010000001010100011101000100000 8
0%
#2075000
0<
0!
1*
b0 D
b110101 4
b110101 ,
1%
#2080000
b1 A
1:
b1100101 E
b110101 &
b110101 ;
1'
b111001011000000000100101110010 8
0%
#2085000
1<
b1 A
1!
b110101 "
b110101 B
b1 D
0+
b110110 5
b110110 /
1%
#2090000
b0 A
0:
b1100110 E
b1101110100010101111010111011101 8
0'
b110110 .
0%
#2095000
0<
0!
b110101 )
1+
b0 D
b110110 4
b110110 ,
1%
#2100000
b1100111 E
b100101101100001001100101001011 8
0%
#2105000
0+
1%
#2110000
b1 A
1:
b1101000 E
b110110 &
b110110 ;
1'
b11001111011000111101101010011110 8
0%
#2115000
1<
b1 A
1!
b110110 "
b110110 B
b1 D
b110111 5
b110111 /
1%
#2120000
b1101001 E
b110111 &
b110111 ;
b10111101111000001101001001111011 8
1'
b110111 .
0%
#2125000
b110111 "
b110111 B
b110110 )
1+
b110111 4
b110111 ,
b111000 5
b111000 /
1%
#2130000
b10 A
0<
b1101010 E
0(
b111000 &
b111000 ;
b10000001110000111001101000000011 8
1'
b111000 .
0%
#2135000
0:
0#
b110111 )
0*
b111000 C
b111000 "
b111000 B
b10 D
b111001 5
b111001 /
1%
#2140000
b1 A
1<
b1101011 E
1(
b1110001110000010010100111100011 8
0%
#2145000
1:
b1 A
1#
b1 D
b111000 )
1*
b111000 4
b111000 ,
b11010 3
1%
#2150000
b1101100 E
b111001 &
b111001 ;
b1011000111110010011110110110001 8
1'
b111001 .
0%
#2155000
b111001 "
b111001 B
b111001 4
b111001 ,
b111010 5
b111010 /
1%
#2160000
0<
0:
b1101101 E
0(
b11001010100111001011110010010101 8
0'
b111010 .
0%
#2165000
b111001 )
0*
1%
#2170000
b0 A
1<
b1101110 E
1(
b11110110101000010111100011101101 8
0%
#2175000
0<
0!
1*
b0 D
b111010 4
b111010 ,
1%
#2180000
b1101111 E
0(
b1111100000111100101101111111000 8
0%
#2185000
0*
0+
1%
#2190000
b1110000 E
1(
b10101001010111111100010001010010 8
0%
#2195000
1*
1%
#2200000
b1110001 E
0(
b100011011010101111110101000110 8
0%
#2205000
0*
1%
#2210000
b1 A
1:
b1110010 E
1(
b111010 &
b111010 ;
1'
b1001000010010000111110110010000 8
0%
#2215000
1<
b1 A
1!
1*
b111010 "
b111010 B
b1 D
b111011 5
b111011 /
1%
#2220000
b10 A
0<
b1110011 E
0(
b111011 &
b111011 ;
b110101001011010110000101101010 8
1'
b111011 .
0%
#2225000
0:
0#
b111011 C
b111011 "
b111011 B
b10 D
b111010 )
0*
1+
b111100 5
b111100 /
1%
#2230000
b1 A
1<
b1110100 E
1(
b1000010011110110101011110000100 8
0%
#2235000
1:
b1 A
1#
b111011 )
1*
b1 D
b111011 4
b111011 ,
b11100 3
1%
#2240000
b1110101 E
b111100 &
b111100 ;
b111110011011110000111101111100 8
1'
b111100 .
0%
#2245000
b111100 "
b111100 B
b111100 4
b111100 ,
b111101 5
b111101 /
1%
#2250000
b1110110 E
b111101 &
b111101 ;
b1011101010010100100110110111010 8
1'
b111101 .
0%
#2255000
b111100 )
b111101 "
b111101 B
b111101 4
b111101 ,
b111110 5
b111110 /
1%
#2260000
b10 A
0<
b1110111 E
0(
b111110 &
b111110 ;
b11010011000111011111111010100110 8
1'
b111110 .
0%
#2265000
0:
0#
b111110 C
b111110 "
b111110 B
b10 D
b111101 )
0*
b111111 5
b111111 /
1%
#2270000
b1 A
1<
b1111000 E
1(
b10010010100000110001111000100101 8
0%
#2275000
1:
b1 A
1#
b111110 )
1*
b1 D
b111110 4
b111110 ,
b11110 3
1%
#2280000
b10 A
0<
b1111001 E
0(
b111111 &
b111111 ;
b11010001000001010000010010100010 8
1'
b111111 .
0%
#2285000
0:
0#
b111111 C
b111111 "
b111111 B
b10 D
0*
b1000000 5
b1000000 /
1%
#2290000
b1 A
1<
b1111010 E
1(
b10100100100011110111110001001001 8
0%
#2295000
1:
b1 A
1#
b111111 )
1*
b1 D
b111111 4
b111111 ,
b100000 3
1%
#2300000
b1111011 E
b1000000 &
b1000000 ;
b10011110110010011100000000111101 8
1'
b1000000 .
0%
#2305000
b1000000 "
b1000000 B
b1000000 4
b1000000 ,
b1000001 5
b1000001 /
1%
#2310000
b10 A
0<
b1111100 E
0(
b1000001 &
b1000001 ;
b10101110011010000011000001011100 8
1'
b1000001 .
0%
#2315000
0:
0#
b1000000 )
0*
b1000001 C
b1000001 "
b1000001 B
b10 D
b1000010 5
b1000010 /
1%
#2320000
b1 A
1<
b1111101 E
1(
b100011100100000111010101000111 8
0%
#2325000
1:
b1 A
1#
b1 D
b1000001 )
1*
b1000001 4
b1000001 ,
b100010 3
1%
#2330000
b1111110 E
b1000010 &
b1000010 ;
b10011100101011110111101000111001 8
1'
b1000010 .
0%
#2335000
b1000010 "
b1000010 B
b1000010 4
b1000010 ,
b1000011 5
b1000011 /
1%
#2340000
b10 A
0<
b1111111 E
0(
b1000011 &
b1000011 ;
b1101000010100011110010111010000 8
1'
b1000011 .
0%
#2345000
0:
0#
b1000011 C
b1000011 "
b1000011 B
b10 D
b1000010 )
0*
b1000100 5
b1000100 /
1%
#2350000
b1 A
1<
b10000000 E
1(
b10010110001000100101000000101100 8
0%
#2355000
1:
b1 A
1#
b1000011 )
1*
b1 D
b1000011 4
b1000011 ,
b100100 3
1%
#2360000
b10000001 E
b1000100 &
b1000100 ;
b11111010011011011100000111 8
1'
b1000100 .
0%
#2365000
b1000100 "
b1000100 B
b1000100 4
b1000100 ,
b1000101 5
b1000101 /
1%
#2370000
b0 A
0:
b10000010 E
b1000100101011111100100010001 8
0'
b1000101 .
0%
#2375000
0<
0!
b1000100 )
b0 D
b1000101 4
b1000101 ,
1%
#2380000
b1 A
1:
b10000011 E
b1000101 &
b1000101 ;
1'
b10100101111001111001111001001011 8
0%
#2385000
1<
b1 A
1!
b1000101 "
b1000101 B
b1 D
0+
b1000110 5
b1000110 /
1%
#2390000
b10000100 E
b1000110 &
b1000110 ;
b1110110001010010101101111101100 8
1'
b1000110 .
0%
#2395000
b1000101 )
1+
b1000110 "
b1000110 B
b1000110 4
b1000110 ,
b1000111 5
b1000111 /
1%
#2400000
b10000101 E
b1000111 &
b1000111 ;
b1010010000011101110111110100100 8
1'
b1000111 .
0%
#2405000
b1000111 "
b1000111 B
b1000110 )
b1000111 4
b1000111 ,
b1001000 5
b1001000 /
1%
#2410000
b10000110 E
b1001000 &
b1001000 ;
b10011100101001110000010000111001 8
1'
b1001000 .
0%
#2415000
b1000111 )
b1001000 "
b1001000 B
b1001000 4
b1001000 ,
b1001001 5
b1001001 /
1%
#2420000
b10000111 E
b1001001 &
b1001001 ;
b11101010010110000001010011010100 8
1'
b1001001 .
0%
#2425000
b1001001 "
b1001001 B
b1001000 )
b1001001 4
b1001001 ,
b1001010 5
b1001010 /
1%
#2430000
b10 A
0<
b10001000 E
0(
b1001010 &
b1001010 ;
b1001110101000000100000110011101 8
1'
b1001010 .
0%
#2435000
0:
0#
b1001001 )
0*
b1001010 C
b1001010 "
b1001010 B
b10 D
b1001011 5
b1001011 /
1%
#2440000
b10001001 E
b1011000001100010010010110110000 8
0%
#2445000
b1001010 )
b100101 3
1%
#2450000
b1 A
1<
b10001010 E
1(
b1000001000100000011100110000010 8
0%
#2455000
1:
b1 A
1#
1*
b1 D
b1001010 4
b1001010 ,
b100110 3
1%
#2460000
0<
0:
b10001011 E
0(
b11101100101110010001101011011001 8
0'
b1001011 .
0%
#2465000
0*
1%
#2470000
1<
1:
b10001100 E
1(
b1001011 &
b1001011 ;
1'
b10001110000001010100110000011100 8
0%
#2475000
1*
b1001011 "
b1001011 B
b1001011 4
b1001011 ,
b1001100 5
b1001100 /
1%
#2480000
b0 A
0:
b10001101 E
b1110001101101000110000111100011 8
0'
b1001100 .
0%
#2485000
0<
0!
b0 D
b1001011 )
b1001100 4
b1001100 ,
1%
#2490000
b10001110 E
0(
b11100100011100011111100011001000 8
0%
#2495000
0*
0+
1%
#2500000
b1 A
1:
b10001111 E
1(
b1001100 &
b1001100 ;
1'
b11101001111111001110100111010 8
0%
#2505000
1<
b1 A
1!
b1001100 "
b1001100 B
b1 D
1*
b1001101 5
b1001101 /
1%
#2510000
0<
0:
b10010000 E
0(
b10010101101010011010100000101011 8
0'
b1001101 .
0%
#2515000
b1001100 )
0*
1+
1%
#2520000
1<
1:
b10010001 E
1(
b1001101 &
b1001101 ;
1'
b10001001011111110001110000010010 8
0%
#2525000
b1001101 "
b1001101 B
1*
b1001101 4
b1001101 ,
b1001110 5
b1001110 /
1%
#2530000
b10 A
0<
b10010010 E
0(
b1001110 &
b1001110 ;
b101100100001001000100101011001 8
1'
b1001110 .
0%
#2535000
0:
0#
b1001101 )
0*
b1001110 C
b1001110 "
b1001110 B
b10 D
b1001111 5
b1001111 /
1%
#2540000
b1 A
1<
b10010011 E
1(
b11101000001010111001011011010000 8
0%
#2545000
1:
b1 A
1#
b1 D
b1001110 )
1*
b1001110 4
b1001110 ,
b101000 3
1%
#2550000
b10010100 E
b1001111 &
b1001111 ;
b1001011111101010010100110010111 8
1'
b1001111 .
0%
#2555000
b1001111 "
b1001111 B
b1001111 4
b1001111 ,
b1010000 5
b1010000 /
1%
#2560000
0<
0:
b10010101 E
0(
b1010011010100100111011110100110 8
0'
b1010000 .
0%
#2565000
b1001111 )
0*
1%
#2570000
1<
1:
b10010110 E
1(
b1010000 &
b1010000 ;
1'
b10000000011110010111110000000000 8
0%
#2575000
1*
b1010000 "
b1010000 B
b1010000 4
b1010000 ,
b1010001 5
b1010001 /
1%
#2580000
b10 A
0<
b10010111 E
0(
b1010001 &
b1010001 ;
b10110100111010001101011001101001 8
1'
b1010001 .
0%
#2585000
0:
0#
b1010001 C
b1010001 "
b1010001 B
b10 D
b1010000 )
0*
b1010010 5
b1010010 /
1%
#2590000
b1 A
1<
b10011000 E
1(
b10000110010100110110001000001100 8
0%
#2595000
1:
b1 A
1#
b1010001 )
1*
b1 D
b1010001 4
b1010001 ,
b101010 3
1%
#2600000
b10011001 E
b1010010 &
b1010010 ;
b1100010111111010100100111000101 8
1'
b1010010 .
0%
#2605000
b1010010 "
b1010010 B
b1010010 4
b1010010 ,
b1010011 5
b1010011 /
1%
#2610000
b10011010 E
b1010011 &
b1010011 ;
b1001000001110011110010110010000 8
1'
b1010011 .
0%
#2615000
b1010010 )
b1010011 "
b1010011 B
b1010011 4
b1010011 ,
b1010100 5
b1010100 /
1%
#2620000
b10011011 E
b1010100 &
b1010100 ;
b10110100111110011010010001101001 8
1'
b1010100 .
0%
#2625000
b1010100 "
b1010100 B
b1010011 )
b1010100 4
b1010100 ,
b1010101 5
b1010101 /
1%
#2630000
b10011100 E
b1010101 &
b1010101 ;
b100101001000110110010101001010 8
1'
b1010101 .
0%
#2635000
b1010100 )
b1010101 "
b1010101 B
b1010101 4
b1010101 ,
b1010110 5
b1010110 /
1%
#2640000
b0 A
0:
b10011101 E
b1001101110111010100110110011011 8
0'
b1010110 .
0%
#2645000
0<
0!
b0 D
b1010101 )
b1010110 4
b1010110 ,
1%
#2650000
b1 A
1:
b10011110 E
b1010110 &
b1010110 ;
1'
b1011100011110001011000110111000 8
0%
#2655000
1<
b1 A
1!
0+
b1010110 "
b1010110 B
b1 D
b1010111 5
b1010111 /
1%
#2660000
0<
0:
b10011111 E
0(
b11000011011110001110111010000110 8
0'
b1010111 .
0%
#2665000
b1010110 )
0*
1+
1%
#2670000
1<
1:
b10100000 E
1(
b1010111 &
b1010111 ;
1'
b111011111011010101001101110111 8
0%
#2675000
1*
b1010111 "
b1010111 B
b1010111 4
b1010111 ,
b1011000 5
b1011000 /
1%
#2680000
b10100001 E
b1011000 &
b1011000 ;
b1101010000101011111010111010100 8
1'
b1011000 .
0%
#2685000
b1011000 "
b1011000 B
b1010111 )
b1011000 4
b1011000 ,
b1011001 5
b1011001 /
1%
#2690000
b10 A
0<
b10100010 E
0(
b1011001 &
b1011001 ;
b111011000010111001011101110110 8
1'
b1011001 .
0%
#2695000
0:
0#
b1011000 )
0*
b1011001 C
b1011001 "
b1011001 B
b10 D
b1011010 5
b1011010 /
1%
#2700000
b1 A
1<
b10100011 E
1(
b1110100101000011010110111101001 8
0%
#2705000
1:
b1 A
1#
b1 D
b1011001 )
1*
b1011001 4
b1011001 ,
b101100 3
1%
#2710000
b10100100 E
b1011010 &
b1011010 ;
b111100100101111100000001 8
1'
b1011010 .
0%
#2715000
b1011010 "
b1011010 B
b1011010 4
b1011010 ,
b1011011 5
b1011011 /
1%
#2720000
b10100101 E
b1011011 &
b1011011 ;
b11000000011101100100001010000000 8
1'
b1011011 .
0%
#2725000
b1011011 "
b1011011 B
b1011010 )
b1011011 4
b1011011 ,
b1011100 5
b1011100 /
1%
#2730000
b10 A
0<
b10100110 E
0(
b1011100 &
b1011100 ;
b11100010111011001101101011000101 8
1'
b1011100 .
0%
#2735000
0:
0#
b1011011 )
0*
b1011100 C
b1011100 "
b1011100 B
b10 D
b1011101 5
b1011101 /
1%
#2740000
b1 A
1<
b10100111 E
1(
b10011000001001111111101000110000 8
0%
#2745000
1:
b1 A
1#
b1 D
b1011100 )
1*
b1011100 4
b1011100 ,
b101110 3
1%
#2750000
b10101000 E
b1011101 &
b1011101 ;
b10110011000000101101101001100110 8
1'
b1011101 .
0%
#2755000
b1011101 "
b1011101 B
b1011101 4
b1011101 ,
b1011110 5
b1011110 /
1%
#2760000
b10101001 E
b1011110 &
b1011110 ;
b11110100110110000110111011101001 8
1'
b1011110 .
0%
#2765000
b1011110 "
b1011110 B
b1011101 )
b1011110 4
b1011110 ,
b1011111 5
b1011111 /
1%
#2770000
b10101010 E
b1011111 &
b1011111 ;
b10000011011101101010110000000110 8
1'
b1011111 .
0%
#2775000
b1011110 )
b1011111 "
b1011111 B
b1011111 4
b1011111 ,
b1100000 5
b1100000 /
1%
#2780000
b10 A
0<
b10101011 E
0(
b1100000 &
b1100000 ;
b1110000111011110011011111100001 8
1'
b1100000 .
0%
#2785000
0:
0#
b1100000 C
b1100000 "
b1100000 B
b10 D
b1011111 )
0*
b1100001 5
b1100001 /
1%
#2790000
b10101100 E
b11001010101101000111110010010101 8
0%
#2795000
b1100000 )
b101111 3
1%
#2800000
b1 A
1<
b10101101 E
1(
b11110111011100100011111011101110 8
0%
#2805000
1:
b1 A
1#
b1 D
1*
b1100000 4
b1100000 ,
b110000 3
1%
#2810000
b10101110 E
b1100001 &
b1100001 ;
b11110010100111000101111011100101 8
1'
b1100001 .
0%
#2815000
b1100001 "
b1100001 B
b1100001 4
b1100001 ,
b1100010 5
b1100010 /
1%
#2820000
b10101111 E
b1100010 &
b1100010 ;
b110010001011110111110101100100 8
1'
b1100010 .
0%
#2825000
b1100010 "
b1100010 B
b1100001 )
b1100010 4
b1100010 ,
b1100011 5
b1100011 /
1%
#2830000
b0 A
0:
b10110000 E
b11110000111011101010111011100001 8
0'
b1100011 .
0%
#2835000
0<
0!
b1100010 )
b0 D
b1100011 4
b1100011 ,
1%
#2840000
b1 A
1:
b10110001 E
0(
b1100011 &
b1100011 ;
1'
b110111000101010001010101101110 8
0%
#2845000
b10 A
1!
b1100011 "
b1100011 B
b1 D
0*
0+
b1100100 5
b1100100 /
1%
#2850000
b1 A
1<
b10110010 E
1(
b1100100 &
b1100100 ;
b1101010100111111011100111010101 8
1'
b1100100 .
0%
#2855000
b1100011 )
1*
1+
b1100100 "
b1100100 B
b1100100 4
b1100100 ,
b1100101 5
b1100101 /
1%
#2860000
b10 A
0<
b10110011 E
0(
b1100101 &
b1100101 ;
b1111000011000100111000111110000 8
1'
b1100101 .
0%
#2865000
0:
0#
b1100101 C
b1100101 "
b1100101 B
b10 D
b1100100 )
0*
b1100110 5
b1100110 /
1%
#2870000
b1 A
1<
b10110100 E
1(
b11010101011110000000000010101010 8
0%
#2875000
1:
b1 A
1#
b1100101 )
1*
b1 D
b1100101 4
b1100101 ,
b110010 3
1%
#2880000
b10110101 E
b1100110 &
b1100110 ;
b11111000110111000100100011110001 8
1'
b1100110 .
0%
#2885000
b1100110 "
b1100110 B
b1100110 4
b1100110 ,
b1100111 5
b1100111 /
1%
#2890000
b10110110 E
b1100111 &
b1100111 ;
b1000111001011101001010110001110 8
1'
b1100111 .
0%
#2895000
b1100110 )
b1100111 "
b1100111 B
b1100111 4
b1100111 ,
b1101000 5
b1101000 /
1%
#2900000
b10 A
0<
b10110111 E
0(
b1101000 &
b1101000 ;
b11110011001100100110100111100 8
1'
b1101000 .
0%
#2905000
0:
0#
b1101000 C
b1101000 "
b1101000 B
b10 D
b1100111 )
0*
b1101001 5
b1101001 /
1%
#2910000
b1 A
1<
b10111000 E
1(
b11010100101101011110011010101001 8
0%
#2915000
1:
b1 A
1#
b1101000 )
1*
b1 D
b1101000 4
b1101000 ,
b110100 3
1%
#2920000
0<
0:
b10111001 E
0(
b10101101111001111101000001011011 8
0'
b1101001 .
0%
#2925000
0*
1%
#2930000
b10111010 E
b100101000000101001101101001010 8
0%
#2935000
1%
#2940000
1<
1:
b10111011 E
1(
b1101001 &
b1101001 ;
1'
b1001100011100010110100010011 8
0%
#2945000
b1101001 "
b1101001 B
1*
b1101001 4
b1101001 ,
b1101010 5
b1101010 /
1%
#2950000
b10111100 E
b1101010 &
b1101010 ;
b110010110111000100000101100101 8
1'
b1101010 .
0%
#2955000
b1101001 )
b1101010 "
b1101010 B
b1101010 4
b1101010 ,
b1101011 5
b1101011 /
1%
#2960000
b10 A
0<
b10111101 E
0(
b1101011 &
b1101011 ;
b11011011100110000011101010110111 8
1'
b1101011 .
0%
#2965000
0:
0#
b1101011 C
b1101011 "
b1101011 B
b10 D
b1101010 )
0*
b1101100 5
b1101100 /
1%
#2970000
b1 A
1<
b10111110 E
1(
b11001100100110000001000010011001 8
0%
#2975000
1:
b1 A
1#
b1101011 )
1*
b1 D
b1101011 4
b1101011 ,
b110110 3
1%
#2980000
b10 A
0<
b10111111 E
0(
b1101100 &
b1101100 ;
b10111000111010100011101001110001 8
1'
b1101100 .
0%
#2985000
0:
0#
b1101100 C
b1101100 "
b1101100 B
b10 D
0*
b1101101 5
b1101101 /
1%
#2990000
b1 A
1<
b11000000 E
1(
b110001011111000000011101100010 8
0%
#2995000
1:
b1 A
1#
b1101100 )
1*
b1 D
b1101100 4
b1101100 ,
b111000 3
1%
#3000000
b11000001 E
b1101101 &
b1101101 ;
b10101000100111101110100101010 8
1'
b1101101 .
0%
#3005000
b1101101 "
b1101101 B
b1101101 4
b1101101 ,
b1101110 5
b1101110 /
1%
#3010000
b0 A
0:
b11000010 E
b101100111011100101111101011001 8
0'
b1101110 .
0%
#3015000
0<
0!
b1101101 )
b0 D
b1101110 4
b1101110 ,
1%
#3020000
b11000011 E
0(
b1110110110111100110101111101101 8
0%
#3025000
0*
0+
1%
#3030000
b1 A
1:
b11000100 E
b1101110 &
b1101110 ;
1'
b10100000101011101100110001000001 8
0%
#3035000
b10 A
1!
b1101110 "
b1101110 B
b1 D
b1101111 5
b1101111 /
1%
#3040000
b0 A
1<
0:
b11000101 E
1(
b11101101101001110001110011011011 8
0'
b1101111 .
0%
#3045000
0<
0!
b0 D
b1101110 )
1*
1+
b1101111 4
b1101111 ,
1%
#3050000
b1 A
1:
b11000110 E
b1101111 &
b1101111 ;
1'
b111000000100111001111101110000 8
0%
#3055000
1<
b1 A
1!
0+
b1101111 "
b1101111 B
b1 D
b1110000 5
b1110000 /
1%
#3060000
b11000111 E
b1110000 &
b1110000 ;
b11010001010010000010000010100010 8
1'
b1110000 .
0%
#3065000
b1110000 "
b1110000 B
b1101111 )
1+
b1110000 4
b1110000 ,
b1110001 5
b1110001 /
1%
#3070000
b11001000 E
b1110001 &
b1110001 ;
b10110101010101011101111001101010 8
1'
b1110001 .
0%
#3075000
b1110000 )
b1110001 "
b1110001 B
b1110001 4
b1110001 ,
b1110010 5
b1110010 /
1%
#3080000
b10 A
0<
b11001001 E
0(
b1110010 &
b1110010 ;
b10101000011011000101111001010000 8
1'
b1110010 .
0%
#3085000
0:
0#
b1110010 C
b1110010 "
b1110010 B
b10 D
b1110001 )
0*
b1110011 5
b1110011 /
1%
#3090000
b1 A
1<
b11001010 E
1(
b10111101100001101111010001111011 8
0%
#3095000
1:
b1 A
1#
b1110010 )
1*
b1 D
b1110010 4
b1110010 ,
b111010 3
1%
#3100000
b11001011 E
b1110011 &
b1110011 ;
b10111100001111111000010001111000 8
1'
b1110011 .
0%
#3105000
b1110011 "
b1110011 B
b1110011 4
b1110011 ,
b1110100 5
b1110100 /
1%
#3110000
b0 A
0:
b11001100 E
b10101110001000111100111001011100 8
0'
b1110100 .
0%
#3115000
0<
0!
b1110011 )
b0 D
b1110100 4
b1110100 ,
1%
#3120000
b1 A
1:
b11001101 E
0(
b1110100 &
b1110100 ;
1'
b111100101100111010101101111001 8
0%
#3125000
b10 A
1!
b1110100 "
b1110100 B
b1 D
0*
0+
b1110101 5
b1110101 /
1%
#3130000
b0 A
1<
0:
b11001110 E
1(
b11011101110100010100011010111011 8
0'
b1110101 .
0%
#3135000
0<
0!
b1110100 )
1*
1+
b0 D
b1110101 4
b1110101 ,
1%
#3140000
b1 A
1:
b11001111 E
0(
b1110101 &
b1110101 ;
1'
b10111001100001111001010001110011 8
0%
#3145000
b10 A
1!
b1110101 "
b1110101 B
b1 D
0*
0+
b1110110 5
b1110110 /
1%
#3150000
b1 A
1<
b11010000 E
1(
b1110110 &
b1110110 ;
b11100111000011111001100011001110 8
1'
b1110110 .
0%
#3155000
b1110101 )
1*
1+
b1110110 "
b1110110 B
b1110110 4
b1110110 ,
b1110111 5
b1110111 /
1%
#3160000
b11010001 E
b1110111 &
b1110111 ;
b10101100111011001101110001011001 8
1'
b1110111 .
0%
#3165000
b1110111 "
b1110111 B
b1110110 )
b1110111 4
b1110111 ,
b1111000 5
b1111000 /
1%
#3170000
0<
0:
b11010010 E
0(
b11011001101110001100000010110011 8
0'
b1111000 .
0%
#3175000
b1110111 )
0*
1%
#3180000
1<
1:
b11010011 E
1(
b1111000 &
b1111000 ;
1'
b10111010111101001110001001110101 8
0%
#3185000
b1111000 "
b1111000 B
1*
b1111000 4
b1111000 ,
b1111001 5
b1111001 /
1%
#3190000
b11010100 E
b1111001 &
b1111001 ;
b10011100111111000111101000111001 8
1'
b1111001 .
0%
#3195000
b1111000 )
b1111001 "
b1111001 B
b1111001 4
b1111001 ,
b1111010 5
b1111010 /
1%
#3200000
b11010101 E
b1111010 &
b1111010 ;
b10001010111011001011111000010101 8
1'
b1111010 .
0%
#3205000
b1111010 "
b1111010 B
b1111001 )
b1111010 4
b1111010 ,
b1111011 5
b1111011 /
1%
#3210000
b0 A
0:
b11010110 E
b100111000111000100001101001110 8
0'
b1111011 .
0%
#3215000
0<
0!
b1111010 )
b0 D
b1111011 4
b1111011 ,
1%
#3220000
b1 A
1:
b11010111 E
b1111011 &
b1111011 ;
1'
b1011100011110010101000110111000 8
0%
#3225000
1<
b1 A
1!
b1111011 "
b1111011 B
b1 D
0+
b1111100 5
b1111100 /
1%
#3230000
b10 A
0<
b11011000 E
0(
b1111100 &
b1111100 ;
b1000110111001110101001110001101 8
1'
b1111100 .
0%
#3235000
0:
0#
b1111011 )
0*
1+
b1111100 C
b1111100 "
b1111100 B
b10 D
b1111101 5
b1111101 /
1%
#3240000
b1 A
1<
b11011001 E
1(
b11010111101101001000111010101111 8
0%
#3245000
1:
b1 A
1#
b1 D
b1111100 )
1*
b1111100 4
b1111100 ,
b111100 3
1%
#3250000
b10 A
0<
b11011010 E
0(
b1111101 &
b1111101 ;
b1001000010110010000100110010000 8
1'
b1111101 .
0%
#3255000
0:
0#
0*
b1111101 C
b1111101 "
b1111101 B
b10 D
b1111110 5
b1111110 /
1%
#3260000
b11011011 E
b1111010111101101010101111110101 8
0%
#3265000
b1111101 )
b111101 3
1%
#3270000
b1 A
1<
b11011100 E
1(
b10100110001000001001000001001100 8
0%
#3275000
1:
b1 A
1#
1*
b1 D
b1111101 4
b1111101 ,
b111110 3
1%
#3280000
b10 A
0<
b11011101 E
0(
b1111110 &
b1111110 ;
b10100000000001011010011001000000 8
1'
b1111110 .
0%
#3285000
0:
0#
b1111110 C
b1111110 "
b1111110 B
b10 D
0*
b1111111 5
b1111111 /
1%
#3290000
b1 A
1<
b11011110 E
1(
b10010101010010000001100100101 8
0%
#3295000
1:
b1 A
1#
b1111110 )
1*
b1 D
b1111110 4
b1111110 ,
b1000000 3
1%
#3300000
0<
0:
b11011111 E
0(
b10111000011111000001000001110000 8
0'
b1111111 .
0%
#3305000
0*
1%
#3310000
1<
1:
b11100000 E
1(
b1111111 &
b1111111 ;
1'
b10010100110111101101100000101001 8
0%
#3315000
1*
b1111111 "
b1111111 B
b1111111 4
b1111111 ,
b10000000 5
b10000000 /
1%
#3320000
b11100001 E
b10000000 &
b10000000 ;
b10011000011110110000100000110000 8
1'
b10000000 .
0%
#3325000
b10000000 "
b10000000 B
b1111111 )
b10000000 4
b10000000 ,
b10000001 5
b10000001 /
1%
#3330000
b11100010 E
b10000001 &
b10000001 ;
b101000011101100110100101010000 8
1'
b10000001 .
0%
#3335000
b10000000 )
b10000001 "
b10000001 B
b10000001 4
b10000001 ,
b10000010 5
b10000010 /
1%
#3340000
b11100011 E
b10000010 &
b10000010 ;
b100110101111110011111101001101 8
1'
b10000010 .
0%
#3345000
b10000010 "
b10000010 B
b10000001 )
b10000010 4
b10000010 ,
b10000011 5
b10000011 /
1%
#3350000
b11100100 E
b10000011 &
b10000011 ;
b1111010100001111010111111110101 8
1'
b10000011 .
0%
#3355000
b10000010 )
b10000011 "
b10000011 B
b10000011 4
b10000011 ,
b10000100 5
b10000100 /
1%
#3360000
b0 A
0:
b11100101 E
b11001010010010000001001010010100 8
0'
b10000100 .
0%
#3365000
0<
0!
b0 D
b10000011 )
b10000100 4
b10000100 ,
1%
#3370000
b1 A
1:
b11100110 E
0(
b10000100 &
b10000100 ;
1'
b1011110011000000110010110111100 8
0%
#3375000
b10 A
1!
0*
0+
b10000100 "
b10000100 B
b1 D
b10000101 5
b10000101 /
1%
#3380000
b1 A
1<
b11100111 E
1(
b10000101 &
b10000101 ;
b11001111001100001001110010011110 8
1'
b10000101 .
0%
#3385000
b10000101 "
b10000101 B
b10000100 )
1*
1+
b10000101 4
b10000101 ,
b10000110 5
b10000110 /
1%
#3390000
b11101000 E
b10000110 &
b10000110 ;
b100011010000000000101101000110 8
1'
b10000110 .
0%
#3395000
b10000101 )
b10000110 "
b10000110 B
b10000110 4
b10000110 ,
b10000111 5
b10000111 /
1%
#3400000
b0 A
0:
b11101001 E
b11001001110010111011110010010011 8
0'
b10000111 .
0%
#3405000
0<
0!
b0 D
b10000110 )
b10000111 4
b10000111 ,
1%
#3410000
b1 A
1:
b11101010 E
b10000111 &
b10000111 ;
1'
b1011011110100111101101110110111 8
0%
#3415000
1<
b1 A
1!
0+
b10000111 "
b10000111 B
b1 D
b10001000 5
b10001000 /
1%
#3420000
b11101011 E
b10001000 &
b10001000 ;
b10110001100000000000101001100011 8
1'
b10001000 .
0%
#3425000
b10001000 "
b10001000 B
b10000111 )
1+
b10001000 4
b10001000 ,
b10001001 5
b10001001 /
1%
#3430000
b11101100 E
b10001001 &
b10001001 ;
b10010011011100101100111000100110 8
1'
b10001001 .
0%
#3435000
b10001000 )
b10001001 "
b10001001 B
b10001001 4
b10001001 ,
b10001010 5
b10001010 /
1%
#3440000
b0 A
0:
b11101101 E
b10001111011000111110010000011110 8
0'
b10001010 .
0%
#3445000
0<
0!
b0 D
b10001001 )
b10001010 4
b10001010 ,
1%
#3450000
b11101110 E
b101101000110011010010101011010 8
0%
#3455000
0+
1%
#3460000
b11101111 E
b1011100100110010110011110111001 8
0%
#3465000
1%
#3470000
b1 A
1:
b11110000 E
b10001010 &
b10001010 ;
1'
b1101000001001101101100111010000 8
0%
#3475000
1<
b1 A
1!
b10001010 "
b10001010 B
b1 D
b10001011 5
b10001011 /
1%
#3480000
b0 A
0:
b11110001 E
b1101100011010100110110111011000 8
0'
b10001011 .
0%
#3485000
0<
0!
b0 D
b10001010 )
1+
b10001011 4
b10001011 ,
1%
#3490000
b11110010 E
0(
b1000110110101101010011110001101 8
0%
#3495000
0*
0+
1%
#3500000
b1 A
1:
b11110011 E
1(
b10001011 &
b10001011 ;
1'
b1111110001001001001000111111100 8
0%
#3505000
1<
b1 A
1!
b10001011 "
b10001011 B
b1 D
1*
b10001100 5
b10001100 /
1%
#3510000
b11110100 E
b10001100 &
b10001100 ;
b11010010011111110000101010100100 8
1'
b10001100 .
0%
#3515000
b10001011 )
1+
b10001100 "
b10001100 B
b10001100 4
b10001100 ,
b10001101 5
b10001101 /
1%
#3520000
b11110101 E
b10001101 &
b10001101 ;
b1010010101101010011001110100101 8
1'
b10001101 .
0%
#3525000
b10001101 "
b10001101 B
b10001100 )
b10001101 4
b10001101 ,
b10001110 5
b10001110 /
1%
#3530000
b0 A
0:
b11110110 E
b11111001100010111100000011110011 8
0'
b10001110 .
0%
#3535000
0<
0!
b10001101 )
b0 D
b10001110 4
b10001110 ,
1%
#3540000
b11110111 E
b1100010000001010110101111000100 8
0%
#3545000
0+
1%
#3550000
b11111000 E
0(
b11001110100100010100000110 8
0%
#3555000
0*
1%
#3560000
b1 A
1:
b11111001 E
b10001110 &
b10001110 ;
1'
b1100000101100001100100011000 8
0%
#3565000
b10 A
1!
b10001110 "
b10001110 B
b1 D
b10001111 5
b10001111 /
1%
#3570000
b1 A
1<
b11111010 E
1(
b10001111 &
b10001111 ;
b1010101000101011101000110101010 8
1'
b10001111 .
0%
#3575000
b10001110 )
1*
1+
b10001111 "
b10001111 B
b10001111 4
b10001111 ,
b10010000 5
b10010000 /
1%
#3580000
b11111011 E
b10010000 &
b10010000 ;
b1100001110110111101010111000011 8
1'
b10010000 .
0%
#3585000
b10010000 "
b10010000 B
b10001111 )
b10010000 4
b10010000 ,
b10010001 5
b10010001 /
1%
#3590000
b0 A
0:
b11111100 E
b110001100110110001100001100 8
0'
b10010001 .
0%
#3595000
0<
0!
b10010000 )
b0 D
b10010001 4
b10010001 ,
1%
#3600000
b1 A
1:
b11111101 E
b10010001 &
b10010001 ;
1'
b1100001110110101111110111000011 8
0%
#3605000
1<
b1 A
1!
b10010001 "
b10010001 B
b1 D
0+
b10010010 5
b10010010 /
1%
#3610000
b10 A
0<
b11111110 E
0(
b10010010 &
b10010010 ;
b1111100001011011011100111111000 8
1'
b10010010 .
0%
#3615000
0:
0#
b10010001 )
0*
1+
b10010010 C
b10010010 "
b10010010 B
b10 D
b10010011 5
b10010011 /
1%
#3620000
b1 A
1<
b11111111 E
1(
b1111001001011000000001111110010 8
0%
#3625000
1:
b1 A
1#
b1 D
b10010010 )
1*
b10010010 4
b10010010 ,
b1000010 3
1%
#3630000
b0 A
0:
b100000000 E
b110111100011000111001101101111 8
0'
b10010011 .
0%
#3635000
0<
0!
b0 D
b10010011 4
b10010011 ,
1%
#3640000
b1 A
1:
b100000001 E
b10010011 &
b10010011 ;
1'
b11010110101000010010100010101101 8
0%
#3645000
1<
b1 A
1!
b10010011 "
b10010011 B
b1 D
0+
b10010100 5
b10010100 /
1%
#3650000
b0 A
0:
b100000010 E
b10010010111110010001001000100101 8
0'
b10010100 .
0%
#3655000
0<
0!
b10010011 )
1+
b0 D
b10010100 4
b10010100 ,
1%
#3660000
b1 A
1:
b100000011 E
b10010100 &
b10010100 ;
1'
b1010101110111011000110110101011 8
0%
#3665000
1<
b1 A
1!
b10010100 "
b10010100 B
b1 D
0+
b10010101 5
b10010101 /
1%
#3670000
b100000100 E
b10010101 &
b10010101 ;
b11000000001110110011111010000000 8
1'
b10010101 .
0%
#3675000
b10010100 )
1+
b10010101 "
b10010101 B
b10010101 4
b10010101 ,
b10010110 5
b10010110 /
1%
#3680000
b100000101 E
b10010110 &
b10010110 ;
b1000001001011011111110110000010 8
1'
b10010110 .
0%
#3685000
b10010110 "
b10010110 B
b10010101 )
b10010110 4
b10010110 ,
b10010111 5
b10010111 /
1%
#3690000
b10 A
0<
b100000110 E
0(
b10010111 &
b10010111 ;
b101011101001111010010101010111 8
1'
b10010111 .
0%
#3695000
0:
0#
b10010110 )
0*
b10010111 C
b10010111 "
b10010111 B
b10 D
b10011000 5
b10011000 /
1%
#3700000
b100000111 E
b11011001101101000101100110110 8
0%
#3705000
b10010111 )
b1000011 3
1%
#3710000
b1 A
1<
b100001000 E
1(
b11001011010100000001100110010 8
0%
#3715000
1:
b1 A
1#
1*
b1 D
b10010111 4
b10010111 ,
b1000100 3
1%
#3720000
b100001001 E
b10011000 &
b10011000 ;
b11110010010010111010111011100100 8
1'
b10011000 .
0%
#3725000
b10011000 "
b10011000 B
b10011000 4
b10011000 ,
b10011001 5
b10011001 /
1%
#3730000
b100001010 E
b10011001 &
b10011001 ;
b11010101011111111110110010101010 8
1'
b10011001 .
0%
#3735000
b10011000 )
b10011001 "
b10011001 B
b10011001 4
b10011001 ,
b10011010 5
b10011010 /
1%
#3740000
b100001011 E
b10011010 &
b10011010 ;
b10010111010110011000100000101110 8
1'
b10011010 .
0%
#3745000
b10011010 "
b10011010 B
b10011001 )
b10011010 4
b10011010 ,
b10011011 5
b10011011 /
1%
#3750000
b100001100 E
b10011011 &
b10011011 ;
b10111000110000001100001001110001 8
1'
b10011011 .
0%
#3755000
b10011010 )
b10011011 "
b10011011 B
b10011011 4
b10011011 ,
b10011100 5
b10011100 /
1%
#3760000
b0 A
0:
b100001101 E
b1011110010101000010000110111100 8
0'
b10011100 .
0%
#3765000
0<
0!
b0 D
b10011011 )
b10011100 4
b10011100 ,
1%
#3770000
b1 A
1:
b100001110 E
b10011100 &
b10011100 ;
1'
b1011111011000101011100010111 8
0%
#3775000
1<
b1 A
1!
0+
b10011100 "
b10011100 B
b1 D
b10011101 5
b10011101 /
1%
#3780000
b100001111 E
b10011101 &
b10011101 ;
b1110101111110110010000111101011 8
1'
b10011101 .
0%
#3785000
b10011101 "
b10011101 B
b10011100 )
1+
b10011101 4
b10011101 ,
b10011110 5
b10011110 /
1%
#3790000
b100010000 E
b10011110 &
b10011110 ;
b11000100111111010010111010001001 8
1'
b10011110 .
0%
#3795000
b10011101 )
b10011110 "
b10011110 B
b10011110 4
b10011110 ,
b10011111 5
b10011111 /
1%
#3800000
b100010001 E
b10011111 &
b10011111 ;
b11011111111101101111011010111111 8
1'
b10011111 .
0%
#3805000
b10011111 "
b10011111 B
b10011110 )
b10011111 4
b10011111 ,
b10100000 5
b10100000 /
1%
#3810000
b0 A
0:
b100010010 E
b11101001101101001001101011010011 8
0'
b10100000 .
0%
#3815000
0<
0!
b10011111 )
b0 D
b10100000 4
b10100000 ,
1%
#3820000
b1 A
1:
b100010011 E
b10100000 &
b10100000 ;
1'
b11000001010001001100110010000010 8
0%
#3825000
1<
b1 A
1!
b10100000 "
b10100000 B
b1 D
0+
b10100001 5
b10100001 /
1%
#3830000
b100010100 E
b10100001 &
b10100001 ;
b111000111001101010011101110001 8
1'
b10100001 .
0%
#3835000
b10100000 )
1+
b10100001 "
b10100001 B
b10100001 4
b10100001 ,
b10100010 5
b10100010 /
1%
#3840000
b100010101 E
b10100010 &
b10100010 ;
b10000111011000101000111000001110 8
1'
b10100010 .
0%
#3845000
b10100010 "
b10100010 B
b10100001 )
b10100010 4
b10100010 ,
b10100011 5
b10100011 /
1%
#3850000
b100010110 E
b10100011 &
b10100011 ;
b1100110100001100001110111001101 8
1'
b10100011 .
0%
#3855000
b10100010 )
b10100011 "
b10100011 B
b10100011 4
b10100011 ,
b10100100 5
b10100100 /
1%
#3860000
b10 A
0<
b100010111 E
0(
b10100100 &
b10100100 ;
b1110001110101110101100011100 8
1'
b10100100 .
0%
#3865000
0:
0#
b10100100 C
b10100100 "
b10100100 B
b10 D
b10100011 )
0*
b10100101 5
b10100101 /
1%
#3870000
b1 A
1<
b100011000 E
1(
b1001100000110001100011110011000 8
0%
#3875000
1:
b1 A
1#
b10100100 )
1*
b1 D
b10100100 4
b10100100 ,
b1000110 3
1%
#3880000
b0 A
0:
b100011001 E
b10010101010000011101011000101010 8
0'
b10100101 .
0%
#3885000
0<
0!
b0 D
b10100101 4
b10100101 ,
1%
#3890000
b100011010 E
0(
b11011100100100000010100110111 8
0%
#3895000
0*
0+
1%
#3900000
b1 A
1:
b100011011 E
1(
b10100101 &
b10100101 ;
1'
b11111111011100101001111011111110 8
0%
#3905000
1<
b1 A
1!
b10100101 "
b10100101 B
b1 D
1*
b10100110 5
b10100110 /
1%
#3910000
b100011100 E
b10100110 &
b10100110 ;
b10011111011110100000111000111110 8
1'
b10100110 .
0%
#3915000
b10100101 )
1+
b10100110 "
b10100110 B
b10100110 4
b10100110 ,
b10100111 5
b10100111 /
1%
#3920000
b100011101 E
b10100111 &
b10100111 ;
b10111010011000000011100001110100 8
1'
b10100111 .
0%
#3925000
b10100111 "
b10100111 B
b10100110 )
b10100111 4
b10100111 ,
b10101000 5
b10101000 /
1%
#3930000
b10 A
0<
b100011110 E
0(
b10101000 &
b10101000 ;
b10000011011000011101110000000110 8
1'
b10101000 .
0%
#3935000
0:
0#
b10100111 )
0*
b10101000 C
b10101000 "
b10101000 B
b10 D
b10101001 5
b10101001 /
1%
#3940000
b1 A
1<
b100011111 E
1(
b1001000101100100110100010010 8
0%
#3945000
1:
b1 A
1#
b1 D
b10101000 )
1*
b10101000 4
b10101000 ,
b1001000 3
1%
#3950000
0<
0:
b100100000 E
0(
b11100010101110100000000011000101 8
0'
b10101001 .
0%
#3955000
0*
1%
#3960000
1<
1:
b100100001 E
1(
b10101001 &
b10101001 ;
1'
b11011000011110000110100110110 8
0%
#3965000
b10101001 "
b10101001 B
1*
b10101001 4
b10101001 ,
b10101010 5
b10101010 /
1%
#3970000
b0 A
0:
b100100010 E
b1111101110111011010101111111011 8
0'
b10101010 .
0%
#3975000
0<
0!
b10101001 )
b0 D
b10101010 4
b10101010 ,
1%
#3980000
b100100011 E
0(
b1011110010111011111100010111 8
0%
#3985000
0*
0+
1%
#3990000
b1 A
1:
b100100100 E
1(
b10101010 &
b10101010 ;
1'
b10001010010001111011011000010100 8
0%
#3995000
1<
b1 A
1!
1*
b10101010 "
b10101010 B
b1 D
b10101011 5
b10101011 /
1%
#4000000
b100100101 E
b10101011 &
b10101011 ;
b11010011011001100110111010100110 8
1'
b10101011 .
0%
#4005000
b10101011 "
b10101011 B
b10101010 )
1+
b10101011 4
b10101011 ,
b10101100 5
b10101100 /
1%
#4010000
b100100110 E
b10101100 &
b10101100 ;
b11100101101011000001000011001011 8
1'
b10101100 .
0%
#4015000
b10101011 )
b10101100 "
b10101100 B
b10101100 4
b10101100 ,
b10101101 5
b10101101 /
1%
#4020000
b0 A
0:
b100100111 E
b10011101111110101100000100 8
0'
b10101101 .
0%
#4025000
0<
0!
b0 D
b10101100 )
b10101101 4
b10101101 ,
1%
#4030000
b1 A
1:
b100101000 E
b10101101 &
b10101101 ;
1'
b1000110100010110110000110001101 8
0%
#4035000
1<
b1 A
1!
0+
b10101101 "
b10101101 B
b1 D
b10101110 5
b10101110 /
1%
#4040000
b100101001 E
b10101110 &
b10101110 ;
b1000010111000111011110110000101 8
1'
b10101110 .
0%
#4045000
b10101110 "
b10101110 B
b10101101 )
1+
b10101110 4
b10101110 ,
b10101111 5
b10101111 /
1%
#4050000
0<
0:
b100101010 E
0(
b11100100110111110001011011001001 8
0'
b10101111 .
0%
#4055000
b10101110 )
0*
1%
#4060000
1<
1:
b100101011 E
1(
b10101111 &
b10101111 ;
1'
b10100011011001000011001001000110 8
0%
#4065000
b10101111 "
b10101111 B
1*
b10101111 4
b10101111 ,
b10110000 5
b10110000 /
1%
#4070000
b100101100 E
b10110000 &
b10110000 ;
b11011100001010101111100110111 8
1'
b10110000 .
0%
#4075000
b10101111 )
b10110000 "
b10110000 B
b10110000 4
b10110000 ,
b10110001 5
b10110001 /
1%
#4080000
b10 A
0<
b100101101 E
0(
b10110001 &
b10110001 ;
b111001110101100101011101110011 8
1'
b10110001 .
0%
#4085000
0:
0#
b10110001 C
b10110001 "
b10110001 B
b10 D
b10110000 )
0*
b10110010 5
b10110010 /
1%
#4090000
b1 A
1<
b100101110 E
1(
b10000111011110001101001000001110 8
0%
#4095000
1:
b1 A
1#
b10110001 )
1*
b1 D
b10110001 4
b10110001 ,
b1001010 3
1%
#4100000
b10 A
0<
b100101111 E
0(
b10110010 &
b10110010 ;
b11000001111111100001100110000 8
1'
b10110010 .
0%
#4105000
0:
0#
b10110010 C
b10110010 "
b10110010 B
b10 D
0*
b10110011 5
b10110011 /
1%
#4110000
b1 A
1<
b100110000 E
1(
b1101000010001011111010111010000 8
0%
#4115000
1:
b1 A
1#
b10110010 )
1*
b1 D
b10110010 4
b10110010 ,
b1001100 3
1%
#4120000
b10 A
0<
b100110001 E
0(
b10110011 &
b10110011 ;
b100001100000100000111101000011 8
1'
b10110011 .
0%
#4125000
0:
0#
b10110011 C
b10110011 "
b10110011 B
b10 D
0*
b10110100 5
b10110100 /
1%
#4130000
b100110010 E
b1111100011011101001000111111000 8
0%
#4135000
b10110011 )
b1001101 3
1%
#4140000
b1 A
1<
b100110011 E
1(
b11010000101110011001101010100001 8
0%
#4145000
1:
b1 A
1#
b1 D
1*
b10110011 4
b10110011 ,
b1001110 3
1%
#4150000
b100110100 E
b10110100 &
b10110100 ;
b1001100010110001000111110011000 8
1'
b10110100 .
0%
#4155000
b10110100 "
b10110100 B
b10110100 4
b10110100 ,
b10110101 5
b10110101 /
1%
#4160000
b100110101 E
b10110101 &
b10110101 ;
b11000011101111101001001010000111 8
1'
b10110101 .
0%
#4165000
b10110101 "
b10110101 B
b10110100 )
b10110101 4
b10110101 ,
b10110110 5
b10110110 /
1%
#4170000
b10 A
0<
b100110110 E
0(
b10110110 &
b10110110 ;
b10110100110011101000100101101 8
1'
b10110110 .
0%
#4175000
0:
0#
b10110101 )
0*
b10110110 C
b10110110 "
b10110110 B
b10 D
b10110111 5
b10110111 /
1%
#4180000
b100110111 E
b10111000011101100000001001110000 8
0%
#4185000
b10110110 )
b1001111 3
1%
#4190000
b1 A
1<
b100111000 E
1(
b10110101101101001110100001101011 8
0%
#4195000
1:
b1 A
1#
1*
b1 D
b10110110 4
b10110110 ,
b1010000 3
1%
#4200000
b100111001 E
b10110111 &
b10110111 ;
b10001001001011111100000000010010 8
1'
b10110111 .
0%
#4205000
b10110111 "
b10110111 B
b10110111 4
b10110111 ,
b10111000 5
b10111000 /
1%
#4210000
b100111010 E
b10111000 &
b10111000 ;
b110110110110110101100001101 8
1'
b10111000 .
0%
#4215000
b10110111 )
b10111000 "
b10111000 B
b10111000 4
b10111000 ,
b10111001 5
b10111001 /
1%
#4220000
b0 A
0:
b100111011 E
b100000001100010000011101000000 8
0'
b10111001 .
0%
#4225000
0<
0!
b0 D
b10111000 )
b10111001 4
b10111001 ,
1%
#4230000
b1 A
1:
b100111100 E
b10111001 &
b10111001 ;
1'
b101010000110111010001101010100 8
0%
#4235000
1<
b1 A
1!
0+
b10111001 "
b10111001 B
b1 D
b10111010 5
b10111010 /
1%
#4240000
b10 A
0<
b100111101 E
0(
b10111010 &
b10111010 ;
b1001100011010001010100010011 8
1'
b10111010 .
0%
#4245000
0:
0#
b10111010 C
b10111010 "
b10111010 B
b10 D
b10111001 )
0*
1+
b10111011 5
b10111011 /
1%
#4250000
b1 A
1<
b100111110 E
1(
b11100001111000111000011011000011 8
0%
#4255000
1:
b1 A
1#
b10111010 )
1*
b1 D
b10111010 4
b10111010 ,
b1010010 3
1%
#4260000
b10 A
0<
b100111111 E
0(
b10111011 &
b10111011 ;
b11101110010011101110011011011100 8
1'
b10111011 .
0%
#4265000
0:
0#
b10111011 C
b10111011 "
b10111011 B
b10 D
0*
b10111100 5
b10111100 /
1%
#4270000
b1 A
1<
b101000000 E
1(
b10111100011110000001000001111000 8
0%
#4275000
1:
b1 A
1#
b10111011 )
1*
b1 D
b10111011 4
b10111011 ,
b1010100 3
1%
#4280000
b0 A
0:
b101000001 E
b10101111111011010010011001011111 8
0'
b10111100 .
0%
#4285000
0<
0!
b0 D
b10111100 4
b10111100 ,
1%
#4290000
b101000010 E
b1010101100101101110101110101011 8
0%
#4295000
0+
1%
#4300000
b1 A
1:
b101000011 E
0(
b10111100 &
b10111100 ;
1'
b10001010100110100110100100010 8
0%
#4305000
b10 A
1!
b10111100 "
b10111100 B
b1 D
0*
b10111101 5
b10111101 /
1%
#4310000
b1 A
1<
b101000100 E
1(
b10111101 &
b10111101 ;
b11100011111010110100110011000111 8
1'
b10111101 .
0%
#4315000
b10111100 )
1*
1+
b10111101 "
b10111101 B
b10111101 4
b10111101 ,
b10111110 5
b10111110 /
1%
#4320000
0<
0:
b101000101 E
0(
b1100111010101001101011111001110 8
0'
b10111110 .
0%
#4325000
b10111101 )
0*
1%
#4330000
b10 A
1:
b101000110 E
b10111110 &
b10111110 ;
1'
b10010010011111111010010000100100 8
0%
#4335000
0:
0#
b10111110 C
b10111110 "
b10111110 B
b10 D
b10111111 5
b10111111 /
1%
#4340000
b1 A
1<
b101000111 E
1(
b1101101101000110110111111011011 8
0%
#4345000
1:
b1 A
1#
b1 D
b10111110 )
1*
b10111110 4
b10111110 ,
b1010110 3
1%
#4350000
b101001000 E
b10111111 &
b10111111 ;
b111010110000100110111101110101 8
1'
b10111111 .
0%
#4355000
b10111111 "
b10111111 B
b10111111 4
b10111111 ,
b11000000 5
b11000000 /
1%
#4360000
b101001001 E
b11000000 &
b11000000 ;
b10001101011111010111001000011010 8
1'
b11000000 .
0%
#4365000
b11000000 "
b11000000 B
b10111111 )
b11000000 4
b11000000 ,
b11000001 5
b11000001 /
1%
#4370000
b10 A
0<
b101001010 E
0(
b11000001 &
b11000001 ;
b11000001001000110011101010000010 8
1'
b11000001 .
0%
#4375000
0:
0#
b11000000 )
0*
b11000001 C
b11000001 "
b11000001 B
b10 D
b11000010 5
b11000010 /
1%
#4380000
b1 A
1<
b101001011 E
1(
b10101100000001011010000001011000 8
0%
#4385000
1:
b1 A
1#
b1 D
b11000001 )
1*
b11000001 4
b11000001 ,
b1011000 3
1%
#4390000
b10 A
0<
b101001100 E
0(
b11000010 &
b11000010 ;
b11010001100010001001101010100011 8
1'
b11000010 .
0%
#4395000
0:
0#
0*
b11000010 C
b11000010 "
b11000010 B
b10 D
b11000011 5
b11000011 /
1%
#4400000
b101001101 E
b1010010010000111110001110100100 8
0%
#4405000
b11000010 )
b1011001 3
1%
#4410000
b101001110 E
b110010110000111101111101100101 8
0%
#4415000
1%
#4420000
b1 A
1<
b101001111 E
1(
b1110101001111000001011111101010 8
0%
#4425000
1:
b1 A
1#
b1 D
1*
b11000010 4
b11000010 ,
b1011010 3
1%
#4430000
b101010000 E
b11000011 &
b11000011 ;
b10101010000100111000000001010100 8
1'
b11000011 .
0%
#4435000
b11000011 "
b11000011 B
b11000011 4
b11000011 ,
b11000100 5
b11000100 /
1%
#4440000
b101010001 E
b11000100 &
b11000100 ;
b11100100010101011111000011001000 8
1'
b11000100 .
0%
#4445000
b11000100 "
b11000100 B
b11000011 )
b11000100 4
b11000100 ,
b11000101 5
b11000101 /
1%
#4450000
b10 A
0<
b101010010 E
0(
b11000101 &
b11000101 ;
b10011011111110001111001000110111 8
1'
b11000101 .
0%
#4455000
0:
0#
b11000100 )
0*
b11000101 C
b11000101 "
b11000101 B
b10 D
b11000110 5
b11000110 /
1%
#4460000
b1 A
1<
b101010011 E
1(
b1111100000111011111001111111000 8
0%
#4465000
1:
b1 A
1#
b1 D
b11000101 )
1*
b11000101 4
b11000101 ,
b1011100 3
1%
#4470000
b0 A
0:
b101010100 E
b101000110101101010100101010001 8
0'
b11000110 .
0%
#4475000
0<
0!
b0 D
b11000110 4
b11000110 ,
1%
#4480000
b1 A
1:
b101010101 E
b11000110 &
b11000110 ;
1'
b1001101100111101110001110011011 8
0%
#4485000
1<
b1 A
1!
b11000110 "
b11000110 B
b1 D
0+
b11000111 5
b11000111 /
1%
#4490000
0<
0:
b101010110 E
0(
b1011000000101100101001110110000 8
0'
b11000111 .
0%
#4495000
b11000110 )
0*
1+
1%
#4500000
b0 A
1<
b101010111 E
1(
b100111100011011011101101001111 8
0%
#4505000
0<
0!
b0 D
1*
b11000111 4
b11000111 ,
1%
#4510000
b1 A
1:
b101011000 E
b11000111 &
b11000111 ;
1'
b10001100001110001100010000011000 8
0%
#4515000
1<
b1 A
1!
0+
b11000111 "
b11000111 B
b1 D
b11001000 5
b11001000 /
1%
#4520000
b0 A
0:
b101011001 E
b10100011011010101110100001000110 8
0'
b11001000 .
0%
#4525000
0<
0!
b0 D
b11000111 )
1+
b11001000 4
b11001000 ,
1%
#4530000
b1 A
1:
b101011010 E
0(
b11001000 &
b11001000 ;
1'
b10101100100101110100100001011001 8
0%
#4535000
b10 A
1!
0*
0+
b11001000 "
b11001000 B
b1 D
b11001001 5
b11001001 /
1%
#4540000
b1 A
1<
b101011011 E
1(
b11001001 &
b11001001 ;
b10111100010111001011100101111 8
1'
b11001001 .
0%
#4545000
b11001001 "
b11001001 B
b11001000 )
1*
1+
b11001001 4
b11001001 ,
b11001010 5
b11001010 /
1%
#4550000
b101011100 E
b11001010 &
b11001010 ;
b11101111000111011110101011011110 8
1'
b11001010 .
0%
#4555000
b11001001 )
b11001010 "
b11001010 B
b11001010 4
b11001010 ,
b11001011 5
b11001011 /
1%
#4560000
b101011101 E
b11001011 &
b11001011 ;
b10100010001011011000100101000 8
1'
b11001011 .
0%
#4565000
b11001011 "
b11001011 B
b11001010 )
b11001011 4
b11001011 ,
b11001100 5
b11001100 /
1%
#4570000
b10 A
0<
b101011110 E
0(
b11001100 &
b11001100 ;
b101100010101110111100101011000 8
1'
b11001100 .
0%
#4575000
0:
0#
b11001011 )
0*
b11001100 C
b11001100 "
b11001100 B
b10 D
b11001101 5
b11001101 /
1%
#4580000
b101011111 E
b1101010101001001010000111010101 8
0%
#4585000
b11001100 )
b1011101 3
1%
#4590000
b1 A
1<
b101100000 E
1(
b1100001110110111110010111000011 8
0%
#4595000
1:
b1 A
1#
1*
b1 D
b11001100 4
b11001100 ,
b1011110 3
1%
#4600000
b10 A
0<
b101100001 E
0(
b11001101 &
b11001101 ;
b1010010001110010111110110100100 8
1'
b11001101 .
0%
#4605000
0:
0#
b11001101 C
b11001101 "
b11001101 B
b10 D
0*
b11001110 5
b11001110 /
1%
#4610000
b1 A
1<
b101100010 E
1(
b111111001001011110111101111110 8
0%
#4615000
1:
b1 A
1#
b11001101 )
1*
b1 D
b11001101 4
b11001101 ,
b1100000 3
1%
#4620000
b101100011 E
b11001110 &
b11001110 ;
b10000111111011101100100000001111 8
1'
b11001110 .
0%
#4625000
b11001110 "
b11001110 B
b11001110 4
b11001110 ,
b11001111 5
b11001111 /
1%
#4630000
b101100100 E
b11001111 &
b11001111 ;
b1010000011010101110111110100000 8
1'
b11001111 .
0%
#4635000
b11001110 )
b11001111 "
b11001111 B
b11001111 4
b11001111 ,
b11010000 5
b11010000 /
1%
#4640000
b101100101 E
b11010000 &
b11010000 ;
b1011111111000111100101110111111 8
1'
b11010000 .
0%
#4645000
b11010000 "
b11010000 B
b11001111 )
b11010000 4
b11010000 ,
b11010001 5
b11010001 /
1%
#4650000
b0 A
0:
b101100110 E
b10111011101111000011111001110111 8
0'
b11010001 .
0%
#4655000
0<
0!
b11010000 )
b0 D
b11010001 4
b11010001 ,
1%
#4660000
b1 A
1:
b101100111 E
0(
b11010001 &
b11010001 ;
1'
b10111010100101000001000001110101 8
0%
#4665000
b10 A
1!
b11010001 "
b11010001 B
b1 D
0*
0+
b11010010 5
b11010010 /
1%
#4670000
b1 A
1<
b101101000 E
1(
b11010010 &
b11010010 ;
b1100011001100100011101111000110 8
1'
b11010010 .
0%
#4675000
b11010001 )
1*
1+
b11010010 "
b11010010 B
b11010010 4
b11010010 ,
b11010011 5
b11010011 /
1%
#4680000
b10 A
0<
b101101001 E
0(
b11010011 &
b11010011 ;
b10101000010011100101100001010000 8
1'
b11010011 .
0%
#4685000
0:
0#
b11010011 C
b11010011 "
b11010011 B
b10 D
b11010010 )
0*
b11010100 5
b11010100 /
1%
#4690000
b1 A
1<
b101101010 E
1(
b11000101111010110001100110001 8
0%
#4695000
1:
b1 A
1#
b11010011 )
1*
b1 D
b11010011 4
b11010011 ,
b1100010 3
1%
#4700000
b101101011 E
b11010100 &
b11010100 ;
b11011110001100100101110010111100 8
1'
b11010100 .
0%
#4705000
b11010100 "
b11010100 B
b11010100 4
b11010100 ,
b11010101 5
b11010101 /
1%
#4710000
b101101100 E
b11010101 &
b11010101 ;
b10000111001011010010110000001110 8
1'
b11010101 .
0%
#4715000
b11010100 )
b11010101 "
b11010101 B
b11010101 4
b11010101 ,
b11010110 5
b11010110 /
1%
#4720000
0<
0:
b101101101 E
0(
b11011001010110110100000010110010 8
0'
b11010110 .
0%
#4725000
b11010101 )
0*
1%
#4730000
1<
1:
b101101110 E
1(
b11010110 &
b11010110 ;
1'
b11000010111010000111010010000101 8
0%
#4735000
1*
b11010110 "
b11010110 B
b11010110 4
b11010110 ,
b11010111 5
b11010111 /
1%
#4740000
b10 A
0<
b101101111 E
0(
b11010111 &
b11010111 ;
b10100000001111111000100101000 8
1'
b11010111 .
0%
#4745000
0:
0#
b11010111 C
b11010111 "
b11010111 B
b10 D
b11010110 )
0*
b11011000 5
b11011000 /
1%
#4750000
b1 A
1<
b101110000 E
1(
b1100001000011101101010111000010 8
0%
#4755000
1:
b1 A
1#
b11010111 )
1*
b1 D
b11010111 4
b11010111 ,
b1100100 3
1%
#4760000
b101110001 E
b11011000 &
b11011000 ;
b1101001111001110101000111010011 8
1'
b11011000 .
0%
#4765000
b11011000 "
b11011000 B
b11011000 4
b11011000 ,
b11011001 5
b11011001 /
1%
#4770000
b10 A
0<
b101110010 E
0(
b11011001 &
b11011001 ;
b11111101111010110111110011111011 8
1'
b11011001 .
0%
#4775000
0:
0#
b11011000 )
0*
b11011001 C
b11011001 "
b11011001 B
b10 D
b11011010 5
b11011010 /
1%
#4780000
b101110011 E
b11000101110011110111001010001011 8
0%
#4785000
b11011001 )
b1100101 3
1%
#4790000
b1 A
1<
b101110100 E
1(
b1100001000100010100110111000010 8
0%
#4795000
1:
b1 A
1#
1*
b1 D
b11011001 4
b11011001 ,
b1100110 3
1%
#4800000
b0 A
0:
b101110101 E
b111000111001100001001101110001 8
0'
b11011010 .
0%
#4805000
0<
0!
b0 D
b11011010 4
b11011010 ,
1%
#4810000
b101110110 E
b110000100111001101101101100001 8
0%
#4815000
0+
1%
#4820000
b1 A
1:
b101110111 E
b11011010 &
b11011010 ;
1'
b11011111100110111101000010111111 8
0%
#4825000
1<
b1 A
1!
b11011010 "
b11011010 B
b1 D
b11011011 5
b11011011 /
1%
#4830000
b0 A
0:
b101111000 E
b11100000011000001001100011000000 8
0'
b11011011 .
0%
#4835000
0<
0!
b11011010 )
1+
b0 D
b11011011 4
b11011011 ,
1%
#4840000
b101111001 E
b10111111010100111011010001111110 8
0%
#4845000
0+
1%
#4850000
b1 A
1:
b101111010 E
b11011011 &
b11011011 ;
1'
b10101000111000101110001001010001 8
0%
#4855000
1<
b1 A
1!
b11011011 "
b11011011 B
b1 D
b11011100 5
b11011100 /
1%
#4860000
b0 A
0:
b101111011 E
b1110011111110100111110111100111 8
0'
b11011100 .
0%
#4865000
0<
0!
b0 D
b11011011 )
1+
b11011100 4
b11011100 ,
1%
#4870000
b101111100 E
0(
b1000001101101011101010110000011 8
0%
#4875000
0*
0+
1%
#4880000
b101111101 E
1(
b1011100110111101010000110111001 8
0%
#4885000
1*
1%
#4890000
b1 A
1:
b101111110 E
b11011100 &
b11011100 ;
1'
b10111011100100110100101001110111 8
0%
#4895000
1<
b1 A
1!
b11011100 "
b11011100 B
b1 D
b11011101 5
b11011101 /
1%
#4900000
b0 A
0:
b101111111 E
b1110011001011000101111111100110 8
0'
b11011101 .
0%
#4905000
0<
0!
b0 D
b11011100 )
1+
b11011101 4
b11011101 ,
1%
#4910000
b1 A
1:
b110000000 E
b11011101 &
b11011101 ;
1'
b10001110001110000100000100 8
0%
#4915000
1<
b1 A
1!
0+
b11011101 "
b11011101 B
b1 D
b11011110 5
b11011110 /
1%
#4920000
b110000001 E
b11011110 &
b11011110 ;
b1111110001010011011001111111100 8
1'
b11011110 .
0%
#4925000
b11011110 "
b11011110 B
b11011101 )
1+
b11011110 4
b11011110 ,
b11011111 5
b11011111 /
1%
#4930000
b0 A
0:
b110000010 E
b11100010000000111111000011000100 8
0'
b11011111 .
0%
#4935000
0<
0!
b11011110 )
b0 D
b11011111 4
b11011111 ,
1%
#4940000
b110000011 E
0(
b11100001001100100101011011000010 8
0%
#4945000
0*
0+
1%
#4950000
b1 A
1:
b110000100 E
1(
b11011111 &
b11011111 ;
1'
b101101010011011001101101011010 8
0%
#4955000
1<
b1 A
1!
1*
b11011111 "
b11011111 B
b1 D
b11100000 5
b11100000 /
1%
#4960000
b0 A
0:
b110000101 E
b11111111011100111100101011111110 8
0'
b11100000 .
0%
#4965000
0<
0!
b0 D
b11011111 )
1+
b11100000 4
b11100000 ,
1%
#4970000
b1 A
1:
b110000110 E
b11100000 &
b11100000 ;
1'
b1011101100001101011011110111011 8
0%
#4975000
1<
b1 A
1!
0+
b11100000 "
b11100000 B
b1 D
b11100001 5
b11100001 /
1%
#4980000
b0 A
0:
b110000111 E
b11110001011010010100100011100010 8
0'
b11100001 .
0%
#4985000
0<
0!
b0 D
b11100000 )
1+
b11100001 4
b11100001 ,
1%
#4990000
b1 A
1:
b110001000 E
b11100001 &
b11100001 ;
1'
b11001100000100111110001010011000 8
0%
#4995000
1<
b1 A
1!
0+
b11100001 "
b11100001 B
b1 D
b11100010 5
b11100010 /
1%
#5000000
b110001001 E
b11100010 &
b11100010 ;
b1000000101111100101100010000 8
1'
b11100010 .
0%
#5005000
b11100010 "
b11100010 B
b11100001 )
1+
b11100010 4
b11100010 ,
b11100011 5
b11100011 /
1%
#5010000
b110001010 E
b11100011 &
b11100011 ;
b1011110111010010111101110111101 8
1'
b11100011 .
0%
#5015000
b11100010 )
b11100011 "
b11100011 B
b11100011 4
b11100011 ,
b11100100 5
b11100100 /
1%
#5020000
b10 A
0<
b110001011 E
0(
b11100100 &
b11100100 ;
b1011010000010100000111110110100 8
1'
b11100100 .
0%
#5025000
0:
0#
b11100100 C
b11100100 "
b11100100 B
b10 D
b11100011 )
0*
b11100101 5
b11100101 /
1%
#5030000
b110001100 E
b10101010000010001010110001010100 8
0%
#5035000
b11100100 )
b1100111 3
1%
#5040000
b110001101 E
b1000100111001111001101110001001 8
0%
#5045000
1%
#5050000
b1 A
1<
b110001110 E
1(
b10001001101101011101010000010011 8
0%
#5055000
1:
b1 A
1#
1*
b1 D
b11100100 4
b11100100 ,
b1101000 3
1%
#5060000
b0 A
0:
b110001111 E
b11010111001000000001100110101 8
0'
b11100101 .
0%
#5065000
0<
0!
b0 D
b11100101 4
b11100101 ,
1%
#5070000
b110010000 E
b10011010101000000010010000110101 8
0%
#5075000
0+
1%
#5080000
b1 A
1:
b110010001 E
0(
b11100101 &
b11100101 ;
1'
b11010011000011001100100110100 8
0%
#5085000
b10 A
1!
b11100101 "
b11100101 B
b1 D
0*
b11100110 5
b11100110 /
1%
#5090000
b1 A
1<
b110010010 E
1(
b11100110 &
b11100110 ;
b11011110011100110000001010111100 8
1'
b11100110 .
0%
#5095000
b11100101 )
1*
1+
b11100110 "
b11100110 B
b11100110 4
b11100110 ,
b11100111 5
b11100111 /
1%
#5100000
b10 A
0<
b110010011 E
0(
b11100111 &
b11100111 ;
b11010011111111100011011010100111 8
1'
b11100111 .
0%
#5105000
0:
0#
b11100111 C
b11100111 "
b11100111 B
b10 D
b11100110 )
0*
b11101000 5
b11101000 /
1%
#5110000
b1 A
1<
b110010100 E
1(
b11100000111100101000000011000001 8
0%
#5115000
1:
b1 A
1#
b11100111 )
1*
b1 D
b11100111 4
b11100111 ,
b1101010 3
1%
#5120000
b10 A
0<
b110010101 E
0(
b11101000 &
b11101000 ;
b10100000101110001010001001000001 8
1'
b11101000 .
0%
#5125000
0:
0#
b11101000 C
b11101000 "
b11101000 B
b10 D
0*
b11101001 5
b11101001 /
1%
#5130000
b1 A
1<
b110010110 E
1(
b10110100110000010110110001101001 8
0%
#5135000
1:
b1 A
1#
b11101000 )
1*
b1 D
b11101000 4
b11101000 ,
b1101100 3
1%
#5140000
b110010111 E
b11101001 &
b11101001 ;
b11100110100111011101000011001101 8
1'
b11101001 .
0%
#5145000
b11101001 "
b11101001 B
b11101001 4
b11101001 ,
b11101010 5
b11101010 /
1%
#5150000
b10 A
0<
b110011000 E
0(
b11101010 &
b11101010 ;
b11011010110010011000011010110101 8
1'
b11101010 .
0%
#5155000
0:
0#
b11101001 )
0*
b11101010 C
b11101010 "
b11101010 B
b10 D
b11101011 5
b11101011 /
1%
#5160000
b1 A
1<
b110011001 E
1(
b11110100001000001000001011101000 8
0%
#5165000
1:
b1 A
1#
b1 D
b11101010 )
1*
b11101010 4
b11101010 ,
b1101110 3
1%
#5170000
b110011010 E
b11101011 &
b11101011 ;
b10001001000001000010111000010010 8
1'
b11101011 .
0%
#5175000
b11101011 "
b11101011 B
b11101011 4
b11101011 ,
b11101100 5
b11101100 /
1%
#5180000
b110011011 E
b11101100 &
b11101100 ;
b1010111010011100001110110101110 8
1'
b11101100 .
0%
#5185000
b11101100 "
b11101100 B
b11101011 )
b11101100 4
b11101100 ,
b11101101 5
b11101101 /
1%
#5190000
b0 A
0:
b110011100 E
b10010000000110000100111000100000 8
0'
b11101101 .
0%
#5195000
0<
0!
b11101100 )
b0 D
b11101101 4
b11101101 ,
1%
#5200000
b1 A
1:
b110011101 E
b11101101 &
b11101101 ;
1'
b10010001001111100000001000100010 8
0%
#5205000
1<
b1 A
1!
b11101101 "
b11101101 B
b1 D
0+
b11101110 5
b11101110 /
1%
#5210000
b0 A
0:
b110011110 E
b10010101001101010001001000101010 8
0'
b11101110 .
0%
#5215000
0<
0!
b11101101 )
1+
b0 D
b11101110 4
b11101110 ,
1%
#5220000
b1 A
1:
b110011111 E
b11101110 &
b11101110 ;
1'
b1111000111100101000100011110 8
0%
#5225000
1<
b1 A
1!
b11101110 "
b11101110 B
b1 D
0+
b11101111 5
b11101111 /
1%
#5230000
b10 A
0<
b110100000 E
0(
b11101111 &
b11101111 ;
b11110101101001001111001011101011 8
1'
b11101111 .
0%
#5235000
0:
0#
b11101110 )
0*
1+
b11101111 C
b11101111 "
b11101111 B
b10 D
b11110000 5
b11110000 /
1%
#5240000
b110100001 E
b101101101001111011100001011 8
0%
#5245000
b11101111 )
b1101111 3
1%
#5250000
b1 A
1<
b110100010 E
1(
b10110111000001001110001001101110 8
0%
#5255000
1:
b1 A
1#
1*
b1 D
b11101111 4
b11101111 ,
b1110000 3
1%
#5260000
b10 A
0<
b110100011 E
0(
b11110000 &
b11110000 ;
b111110010100000010110101111100 8
1'
b11110000 .
0%
#5265000
0:
0#
b11110000 C
b11110000 "
b11110000 B
b10 D
0*
b11110001 5
b11110001 /
1%
#5270000
b1 A
1<
b110100100 E
1(
b100010110000000011000101000101 8
0%
#5275000
1:
b1 A
1#
b11110000 )
1*
b1 D
b11110000 4
b11110000 ,
b1110010 3
1%
#5280000
b0 A
0:
b110100101 E
b1001010010111101001100010010 8
0'
b11110001 .
0%
#5285000
0<
0!
b0 D
b11110001 4
b11110001 ,
1%
#5290000
b1 A
1:
b110100110 E
0(
b11110001 &
b11110001 ;
1'
b11000001110000111101011010000011 8
0%
#5295000
b10 A
1!
0*
0+
b11110001 "
b11110001 B
b1 D
b11110010 5
b11110010 /
1%
#5300000
b0 A
1<
0:
b110100111 E
1(
b1100111010011111101111111001110 8
0'
b11110010 .
0%
#5305000
0<
0!
b0 D
b11110001 )
1*
1+
b11110010 4
b11110010 ,
1%
#5310000
b110101000 E
0(
b1101010110011010111001111010101 8
0%
#5315000
0*
0+
1%
#5320000
b1 A
1:
b110101001 E
1(
b11110010 &
b11110010 ;
1'
b11110010000001001110111011100100 8
0%
#5325000
1<
b1 A
1!
b11110010 "
b11110010 B
b1 D
1*
b11110011 5
b11110011 /
1%
#5330000
b110101010 E
b11110011 &
b11110011 ;
b1110110011000010101001111101100 8
1'
b11110011 .
0%
#5335000
b11110010 )
1+
b11110011 "
b11110011 B
b11110011 4
b11110011 ,
b11110100 5
b11110100 /
1%
#5340000
b10 A
0<
b110101011 E
0(
b11110100 &
b11110100 ;
b11110001101000110010111011100011 8
1'
b11110100 .
0%
#5345000
0:
0#
b11110100 C
b11110100 "
b11110100 B
b10 D
b11110011 )
0*
b11110101 5
b11110101 /
1%
#5350000
b1 A
1<
b110101100 E
1(
b11110110001001001000010011101100 8
0%
#5355000
1:
b1 A
1#
b11110100 )
1*
b1 D
b11110100 4
b11110100 ,
b1110100 3
1%
#5360000
b110101101 E
b11110101 &
b11110101 ;
b10110100001110100011100101101 8
1'
b11110101 .
0%
#5365000
b11110101 "
b11110101 B
b11110101 4
b11110101 ,
b11110110 5
b11110110 /
1%
#5370000
0<
0:
b110101110 E
0(
b1101110100011010100010111011101 8
0'
b11110110 .
0%
#5375000
b11110101 )
0*
1%
#5380000
b0 A
1<
b110101111 E
1(
b11000111110110000111101010001111 8
0%
#5385000
0<
0!
b0 D
1*
b11110110 4
b11110110 ,
1%
#5390000
b1 A
1:
b110110000 E
b11110110 &
b11110110 ;
1'
b111100001100111000010101111000 8
0%
#5395000
1<
b1 A
1!
0+
b11110110 "
b11110110 B
b1 D
b11110111 5
b11110111 /
1%
#5400000
b110110001 E
b11110111 &
b11110111 ;
b10011110100011111011100100111 8
1'
b11110111 .
0%
#5405000
b11110111 "
b11110111 B
b11110110 )
1+
b11110111 4
b11110111 ,
b11111000 5
b11111000 /
1%
#5410000
b10 A
0<
b110110010 E
0(
b11111000 &
b11111000 ;
b1001110111111100001100010011 8
1'
b11111000 .
0%
#5415000
0:
0#
b11110111 )
0*
b11111000 C
b11111000 "
b11111000 B
b10 D
b11111001 5
b11111001 /
1%
#5420000
b110110011 E
b110010010011001101100001100 8
0%
#5425000
b11111000 )
b1110101 3
1%
#5430000
b110110100 E
b1011101101101111001011110111011 8
0%
#5435000
1%
#5440000
b110110101 E
b11110011011000011100101011100110 8
0%
#5445000
1%
#5450000
b110110110 E
b10100100110110000011101001001001 8
0%
#5455000
1%
#5460000
b110110111 E
b110101010101010111101101101010 8
0%
#5465000
1%
#5470000
b1 A
1<
b110111000 E
1(
b10000101011100001111011000001010 8
0%
#5475000
1:
b1 A
1#
1*
b1 D
b11111000 4
b11111000 ,
b1110110 3
1%
#5480000
b10 A
0<
b110111001 E
0(
b11111001 &
b11111001 ;
b1001011000111001110100110010110 8
1'
b11111001 .
0%
#5485000
0:
0#
b11111001 C
b11111001 "
b11111001 B
b10 D
0*
b11111010 5
b11111010 /
1%
#5490000
b110111010 E
b10000100111000110010011000001001 8
0%
#5495000
b11111001 )
b1110111 3
1%
#5500000
b1 A
1<
b110111011 E
1(
b10111001001010111000100101110 8
0%
#5505000
1:
b1 A
1#
b1 D
1*
b11111001 4
b11111001 ,
b1111000 3
1%
#5510000
b0 A
0:
b110111100 E
b110011011000111000100101100110 8
0'
b11111010 .
0%
#5515000
0<
0!
b0 D
b11111010 4
b11111010 ,
1%
#5520000
b1 A
1:
b110111101 E
b11111010 &
b11111010 ;
1'
b111010100110000010010101110101 8
0%
#5525000
1<
b1 A
1!
b11111010 "
b11111010 B
b1 D
0+
b11111011 5
b11111011 /
1%
#5530000
b110111110 E
b11111011 &
b11111011 ;
b1001010110100111001010110010101 8
1'
b11111011 .
0%
#5535000
b11111010 )
1+
b11111011 "
b11111011 B
b11111011 4
b11111011 ,
b11111100 5
b11111100 /
1%
#5540000
b0 A
0:
b110111111 E
b10111110010000111110101001111100 8
0'
b11111100 .
0%
#5545000
0<
0!
b0 D
b11111011 )
b11111100 4
b11111100 ,
1%
#5550000
b111000000 E
b11100100100000100100110011001001 8
0%
#5555000
0+
1%
#5560000
b111000001 E
b1011010001101110110000110110100 8
0%
#5565000
1%
#5570000
b1 A
1:
b111000010 E
b11111100 &
b11111100 ;
1'
b11010110101011101010100010101101 8
0%
#5575000
1<
b1 A
1!
b11111100 "
b11111100 B
b1 D
b11111101 5
b11111101 /
1%
#5580000
b111000011 E
b11111101 &
b11111101 ;
b110101100001110001100001101 8
1'
b11111101 .
0%
#5585000
b11111101 "
b11111101 B
b11111100 )
1+
b11111101 4
b11111101 ,
b11111110 5
b11111110 /
1%
#5590000
b0 A
0:
b111000100 E
b1000001101111010110011110000011 8
0'
b11111110 .
0%
#5595000
0<
0!
b11111101 )
b0 D
b11111110 4
b11111110 ,
1%
#5600000
b1 A
1:
b111000101 E
0(
b11111110 &
b11111110 ;
1'
b10011110101000110100000100 8
0%
#5605000
b10 A
1!
b11111110 "
b11111110 B
b1 D
0*
0+
b11111111 5
b11111111 /
1%
#5610000
b1 A
0:
b111000110 E
b11111100111101010000010011111001 8
0'
b11111111 .
0%
#5615000
b11111110 )
1+
1%
#5620000
1<
1:
b111000111 E
1(
b11111111 &
b11111111 ;
1'
b11100101000001100011101011001010 8
0%
#5625000
b11111111 "
b11111111 B
1*
b11111111 4
b11111111 ,
b100000000 5
b0 /
1%
#5630000
b0 A
0:
b111001000 E
b1100100111110011011101111001001 8
0'
b0 .
0%
#5635000
0<
0!
b11111111 )
b0 D
b100000000 4
b0 ,
1%
#5640000
b1 A
1:
b111001001 E
b0 &
b0 ;
1'
b11011000010010011000100010110000 8
0%
#5645000
1<
b1 A
1!
b0 "
b0 B
b1 D
0+
b100000001 5
b1 /
1%
#5650000
0<
0:
b111001010 E
0(
b1000000010011000010100010000 8
0'
b1 .
0%
#5655000
b0 )
0*
1+
1%
#5660000
1<
1:
b111001011 E
1(
b1 &
b1 ;
1'
b11010110010110011101000010101100 8
0%
#5665000
b1 "
b1 B
1*
b100000001 4
b1 ,
b100000010 5
b10 /
1%
#5670000
0<
0:
b111001100 E
0(
b1101011111110000010001111010111 8
0'
b10 .
0%
#5675000
b1 )
0*
1%
#5680000
1<
1:
b111001101 E
1(
b10 &
b10 ;
1'
b10000110110010000011001000001101 8
0%
#5685000
b10 "
b10 B
1*
b100000010 4
b10 ,
b100000011 5
b11 /
1%
#5690000
b111001110 E
b11 &
b11 ;
b11101001111010110000111011010011 8
1'
b11 .
0%
#5695000
b10 )
b11 "
b11 B
b100000011 4
b11 ,
b100000100 5
b100 /
1%
#5700000
b0 A
0:
b111001111 E
b10111101111011000011100101111 8
0'
b100 .
0%
#5705000
0<
0!
b0 D
b11 )
b100000100 4
b100 ,
1%
#5710000
b1 A
1:
b111010000 E
b100 &
b100 ;
1'
b1011011110101011000001110110111 8
0%
#5715000
1<
b1 A
1!
0+
b100 "
b100 B
b1 D
b100000101 5
b101 /
1%
#5720000
0<
0:
b111010001 E
0(
b101110110101100110101101011101 8
0'
b101 .
0%
#5725000
b100 )
0*
1+
1%
#5730000
b10 A
1:
b111010010 E
b101 &
b101 ;
1'
b10111101101000111111100101111 8
0%
#5735000
0:
0#
b101 C
b101 "
b101 B
b10 D
b100000110 5
b110 /
1%
#5740000
b1 A
1<
b111010011 E
1(
b10100010001010101100011001000100 8
0%
#5745000
1:
b1 A
1#
b1 D
b101 )
1*
b100000101 4
b101 ,
b1111010 3
1%
#5750000
b111010100 E
b110 &
b110 ;
b10110001001000000000000001100010 8
1'
b110 .
0%
#5755000
b110 "
b110 B
b100000110 4
b110 ,
b100000111 5
b111 /
1%
#5760000
0<
0:
b111010101 E
0(
b10111010001111000001100101110 8
0'
b111 .
0%
#5765000
b110 )
0*
1%
#5770000
b0 A
1<
b111010110 E
1(
b1100011001011110000011111000110 8
0%
#5775000
0<
0!
1*
b0 D
b100000111 4
b111 ,
1%
#5780000
b1 A
1:
b111010111 E
b111 &
b111 ;
1'
b11010000000111011111000010100000 8
0%
#5785000
1<
b1 A
1!
b111 "
b111 B
b1 D
0+
b100001000 5
b1000 /
1%
#5790000
b111011000 E
b1000 &
b1000 ;
b11111000011000000010111011110000 8
1'
b1000 .
0%
#5795000
b111 )
1+
b1000 "
b1000 B
b100001000 4
b1000 ,
b100001001 5
b1001 /
1%
#5800000
b10 A
0<
b111011001 E
0(
b1001 &
b1001 ;
b11100110100001000001110011001101 8
1'
b1001 .
0%
#5805000
0:
0#
b1001 C
b1001 "
b1001 B
b10 D
b1000 )
0*
b100001010 5
b1010 /
1%
#5810000
b1 A
1<
b111011010 E
1(
b1101000110011010000100111010001 8
0%
#5815000
1:
b1 A
1#
b1001 )
1*
b1 D
b100001001 4
b1001 ,
b1111100 3
1%
#5820000
b111011011 E
b1010 &
b1010 ;
b11101111111101101001001011011111 8
1'
b1010 .
0%
#5825000
b1010 "
b1010 B
b100001010 4
b1010 ,
b100001011 5
b1011 /
1%
#5830000
b111011100 E
b1011 &
b1011 ;
b101100010000000010000101011000 8
1'
b1011 .
0%
#5835000
b1010 )
b1011 "
b1011 B
b100001011 4
b1011 ,
b100001100 5
b1100 /
1%
#5840000
b111011101 E
b1100 &
b1100 ;
b1001011101011000010111110010111 8
1'
b1100 .
0%
#5845000
b1100 "
b1100 B
b1011 )
b100001100 4
b1100 ,
b100001101 5
b1101 /
1%
#5850000
b0 A
0:
b111011110 E
b10010100101000010010111000101001 8
0'
b1101 .
0%
#5855000
0<
0!
b1100 )
b0 D
b100001101 4
b1101 ,
1%
#5860000
b111011111 E
b11101011101100001111011011010111 8
0%
#5865000
0+
1%
#5870000
b111100000 E
0(
b100110110001110001001101001101 8
0%
#5875000
0*
1%
#5880000
b1 A
1:
b111100001 E
1(
b1101 &
b1101 ;
1'
b10111111110101100010101001111111 8
0%
#5885000
1<
b1 A
1!
b1101 "
b1101 B
b1 D
1*
b100001110 5
b1110 /
1%
#5890000
b111100010 E
b1110 &
b1110 ;
b1011100110111000110010110111001 8
1'
b1110 .
0%
#5895000
b1101 )
1+
b1110 "
b1110 B
b100001110 4
b1110 ,
b100001111 5
b1111 /
1%
#5900000
0<
0:
b111100011 E
0(
b10011100110101101100001000111001 8
0'
b1111 .
0%
#5905000
b1110 )
0*
1%
#5910000
b111100100 E
b11000111110111000001100110001 8
0%
#5915000
1%
#5920000
b0 A
1<
b111100101 E
1(
b1111111010100110111110111111110 8
0%
#5925000
0<
0!
b0 D
1*
b100001111 4
b1111 ,
1%
#5930000
b111100110 E
b10000111100010101000100000001111 8
0%
#5935000
0+
1%
#5940000
b1 A
1:
b111100111 E
b1111 &
b1111 ;
1'
b110100100011101101010101101001 8
0%
#5945000
1<
b1 A
1!
b1111 "
b1111 B
b1 D
b100010000 5
b10000 /
1%
#5950000
b111101000 E
b10000 &
b10000 ;
b11001101010101110101001010011010 8
1'
b10000 .
0%
#5955000
b1111 )
1+
b10000 "
b10000 B
b100010000 4
b10000 ,
b100010001 5
b10001 /
1%
#5960000
0<
0:
b111101001 E
0(
b100100111010010000011101001001 8
0'
b10001 .
0%
#5965000
b10000 )
0*
1%
#5970000
1<
1:
b111101010 E
1(
b10001 &
b10001 ;
1'
b10011101011100110111101000111010 8
0%
#5975000
1*
b10001 "
b10001 B
b100010001 4
b10001 ,
b100010010 5
b10010 /
1%
#5980000
b10 A
0<
b111101011 E
0(
b10010 &
b10010 ;
b10111100000111000000111001111000 8
1'
b10010 .
0%
#5985000
0:
0#
b10010 C
b10010 "
b10010 B
b10 D
b10001 )
0*
b100010011 5
b10011 /
1%
#5990000
b1 A
1<
b111101100 E
1(
b11100110010110011010100111001 8
0%
#5995000
1:
b1 A
1#
b10010 )
1*
b1 D
b100010010 4
b10010 ,
b1111110 3
1%
#6000000
b10 A
0<
b111101101 E
0(
b10011 &
b10011 ;
b10000100100101101101011000001001 8
1'
b10011 .
0%
#6005000
0:
0#
b10011 C
b10011 "
b10011 B
b10 D
0*
b100010100 5
b10100 /
1%
#6010000
b111101110 E
b10101011001101111010100001010110 8
0%
#6015000
b10011 )
b1111111 3
1%
#6020000
b1 A
1<
b111101111 E
1(
b10010110001011000110100000101100 8
0%
#6025000
1:
b1 A
1#
b1 D
1*
b100010011 4
b10011 ,
b10000000 3
1%
#6030000
b10 A
0<
b111110000 E
0(
b10100 &
b10100 ;
b1101011000110011111100011010 8
1'
b10100 .
0%
#6035000
0:
0#
0*
b10100 C
b10100 "
b10100 B
b10 D
b100010101 5
b10101 /
1%
#6040000
b1 A
1<
b111110001 E
1(
b10111010101000100000000 8
0%
#6045000
1:
b1 A
1#
b1 D
b10100 )
1*
b100010100 4
b10100 ,
b10000010 3
1%
#6050000
b111110010 E
b10101 &
b10101 ;
b11110100010110001000111011101000 8
1'
b10101 .
0%
#6055000
b10101 "
b10101 B
b100010101 4
b10101 ,
b100010110 5
b10110 /
1%
#6060000
b111110011 E
b10110 &
b10110 ;
b11010000001111000100000010100000 8
1'
b10110 .
0%
#6065000
b10110 "
b10110 B
b10101 )
b100010110 4
b10110 ,
b100010111 5
b10111 /
1%
#6070000
b0 A
0:
b111110100 E
b1101000110000010100111111010001 8
0'
b10111 .
0%
#6075000
0<
0!
b10110 )
b0 D
b100010111 4
b10111 ,
1%
#6080000
b1 A
1:
b111110101 E
0(
b10111 &
b10111 ;
1'
b11101101010011010111100011011010 8
0%
#6085000
b10 A
1!
b10111 "
b10111 B
b1 D
0*
0+
b100011000 5
b11000 /
1%
#6090000
b0 A
1<
0:
b111110110 E
1(
b1100000010111011011101111000000 8
0'
b11000 .
0%
#6095000
0<
0!
b10111 )
1*
1+
b0 D
b100011000 4
b11000 ,
1%
#6100000
b1 A
1:
b111110111 E
0(
b11000 &
b11000 ;
1'
b11101000110011111011000011010001 8
0%
#6105000
b10 A
1!
b11000 "
b11000 B
b1 D
0*
0+
b100011001 5
b11001 /
1%
#6110000
b1 A
1<
b111111000 E
1(
b11001 &
b11001 ;
b10101000111000011110111001010001 8
1'
b11001 .
0%
#6115000
b11000 )
1*
1+
b11001 "
b11001 B
b100011001 4
b11001 ,
b100011010 5
b11010 /
1%
#6120000
b0 A
0:
b111111001 E
b1011001100000110110011110110011 8
0'
b11010 .
0%
#6125000
0<
0!
b0 D
b11001 )
b100011010 4
b11010 ,
1%
#6130000
b111111010 E
0(
b11000000010010011100011010000000 8
0%
#6135000
0*
0+
1%
#6140000
b1 A
1:
b111111011 E
1(
b11010 &
b11010 ;
1'
b100100001001101101011101001000 8
0%
#6145000
1<
b1 A
1!
b11010 "
b11010 B
b1 D
1*
b100011011 5
b11011 /
1%
#6150000
b111111100 E
b11011 &
b11011 ;
b10011000101101001101110000110001 8
1'
b11011 .
0%
#6155000
b11010 )
1+
b11011 "
b11011 B
b100011011 4
b11011 ,
b100011100 5
b11100 /
1%
#6160000
b10 A
0<
b111111101 E
0(
b11100 &
b11100 ;
b1000001101100011111110110000011 8
1'
b11100 .
0%
#6165000
0:
0#
b11100 C
b11100 "
b11100 B
b10 D
b11011 )
0*
b100011101 5
b11101 /
1%
#6170000
b1 A
1<
b111111110 E
1(
b10011111110000010100001000111111 8
0%
#6175000
1:
b1 A
1#
b11100 )
1*
b1 D
b100011100 4
b11100 ,
b10000100 3
1%
#6180000
b111111111 E
b11101 &
b11101 ;
b10110010000101011000110001100100 8
1'
b11101 .
0%
#6185000
b11101 "
b11101 B
b100011101 4
b11101 ,
b100011110 5
b11110 /
1%
#6190000
0<
0:
b1000000000 E
0(
b1111000100001111101111111110001 8
0'
b11110 .
0%
#6195000
b11101 )
0*
1%
#6200000
1<
1:
b1000000001 E
1(
b11110 &
b11110 ;
1'
b1001111001000110100110110011110 8
0%
#6205000
b11110 "
b11110 B
1*
b100011110 4
b11110 ,
b100011111 5
b11111 /
1%
#6210000
b0 A
0:
b1000000010 E
b100100100000111001101101001001 8
0'
b11111 .
0%
#6215000
0<
0!
b11110 )
b0 D
b100011111 4
b11111 ,
1%
#6220000
b1000000011 E
b101111101110000001101101011111 8
0%
#6225000
0+
1%
#6230000
b1 A
1:
b1000000100 E
0(
b11111 &
b11111 ;
1'
b10100100110110011000011001001001 8
0%
#6235000
b10 A
1!
0*
b11111 "
b11111 B
b1 D
b100100000 5
b100000 /
1%
#6240000
b0 A
1<
0:
b1000000101 E
1(
b10110110010010101110011001101100 8
0'
b100000 .
0%
#6245000
0<
0!
b0 D
b11111 )
1*
1+
b100100000 4
b100000 ,
1%
#6250000
b1 A
1:
b1000000110 E
b100000 &
b100000 ;
1'
b10101111010111010110110001011110 8
0%
#6255000
1<
b1 A
1!
0+
b100000 "
b100000 B
b1 D
b100100001 5
b100001 /
1%
#6260000
b10 A
0<
b1000000111 E
0(
b100001 &
b100001 ;
b11000001110011110101101010000011 8
1'
b100001 .
0%
#6265000
0:
0#
b100001 C
b100001 "
b100001 B
b10 D
b100000 )
0*
1+
b100100010 5
b100010 /
1%
#6270000
b1 A
1<
b1000001000 E
1(
b10011101101110101001100100111 8
0%
#6275000
1:
b1 A
1#
b100001 )
1*
b1 D
b100100001 4
b100001 ,
b10000110 3
1%
#6280000
b0 A
0:
b1000001001 E
b11001010000011100100010010010100 8
0'
b100010 .
0%
#6285000
0<
0!
b0 D
b100100010 4
b100010 ,
1%
#6290000
b1000001010 E
0(
b11110001100100110011100111100 8
0%
#6295000
0*
0+
1%
#6300000
b1 A
1:
b1000001011 E
b100010 &
b100010 ;
1'
b10110111101110000010101001101111 8
0%
#6305000
b10 A
1!
b100010 "
b100010 B
b1 D
b100100011 5
b100011 /
1%
#6310000
b0 A
1<
0:
b1000001100 E
1(
b1111011110111100001010111110111 8
0'
b100011 .
0%
#6315000
0<
0!
b100010 )
1*
1+
b0 D
b100100011 4
b100011 ,
1%
#6320000
b1 A
1:
b1000001101 E
b100011 &
b100011 ;
1'
b111001000010010010111101110010 8
0%
#6325000
1<
b1 A
1!
b100011 "
b100011 B
b1 D
0+
b100100100 5
b100100 /
1%
#6330000
b1000001110 E
b100100 &
b100100 ;
b1110001111100000101100111100011 8
1'
b100100 .
0%
#6335000
b100011 )
1+
b100100 "
b100100 B
b100100100 4
b100100 ,
b100100101 5
b100101 /
1%
#6340000
b0 A
0:
b1000001111 E
b11100101110011101011000011001011 8
0'
b100101 .
0%
#6345000
0<
0!
b0 D
b100100 )
b100100101 4
b100101 ,
1%
#6350000
b1000010000 E
b10011000101101001110111000110001 8
0%
#6355000
0+
1%
#6360000
b1 A
1:
b1000010001 E
0(
b100101 &
b100101 ;
1'
b10101010110100011100100001010101 8
0%
#6365000
b10 A
1!
b100101 "
b100101 B
b1 D
0*
b100100110 5
b100110 /
1%
#6370000
b1000010010 E
b100110 &
b100110 ;
b101111010010010101001101011110 8
1'
b100110 .
0%
#6375000
0:
0#
b100101 )
1+
b100110 C
b100110 "
b100110 B
b10 D
b100100111 5
b100111 /
1%
#6380000
b1 A
1<
b1000010011 E
1(
b11100110111000011000011011001101 8
0%
#6385000
1:
b1 A
1#
b1 D
b100110 )
1*
b100100110 4
b100110 ,
b10001000 3
1%
#6390000
b1000010100 E
b100111 &
b100111 ;
b100010000010000110100001000 8
1'
b100111 .
0%
#6395000
b100111 "
b100111 B
b100100111 4
b100111 ,
b100101000 5
b101000 /
1%
#6400000
0<
0:
b1000010101 E
0(
b10011111100000001001100000111111 8
0'
b101000 .
0%
#6405000
b100111 )
0*
1%
#6410000
1<
1:
b1000010110 E
1(
b101000 &
b101000 ;
1'
b1010110000011101110111110101100 8
0%
#6415000
1*
b101000 "
b101000 B
b100101000 4
b101000 ,
b100101001 5
b101001 /
1%
#6420000
b1000010111 E
b101001 &
b101001 ;
b10100111110000010100000101 8
1'
b101001 .
0%
#6425000
b101001 "
b101001 B
b101000 )
b100101001 4
b101001 ,
b100101010 5
b101010 /
1%
#6430000
b1000011000 E
b101010 &
b101010 ;
b11011100000101101101100010111000 8
1'
b101010 .
0%
#6435000
b101001 )
b101010 "
b101010 B
b100101010 4
b101010 ,
b100101011 5
b101011 /
1%
#6440000
b1000011001 E
b101011 &
b101011 ;
b10000101000100010101100000001010 8
1'
b101011 .
0%
#6445000
b101011 "
b101011 B
b101010 )
b100101011 4
b101011 ,
b100101100 5
b101100 /
1%
#6450000
b1000011010 E
b101100 &
b101100 ;
b1100100111010110011100111001001 8
1'
b101100 .
0%
#6455000
b101011 )
b101100 "
b101100 B
b100101100 4
b101100 ,
b100101101 5
b101101 /
1%
#6460000
b0 A
0:
b1000011011 E
b11011010000100101101111010110100 8
0'
b101101 .
0%
#6465000
0<
0!
b0 D
b101100 )
b100101101 4
b101101 ,
1%
#6470000
b1000011100 E
b11010000100110011100100110100 8
0%
#6475000
0+
1%
#6480000
b1 A
1:
b1000011101 E
b101101 &
b101101 ;
1'
b10110100100011010001100101101 8
0%
#6485000
1<
b1 A
1!
b101101 "
b101101 B
b1 D
b100101110 5
b101110 /
1%
#6490000
0<
0:
b1000011110 E
0(
b101111001101101100010101011110 8
0'
b101110 .
0%
#6495000
b101101 )
0*
1+
1%
#6500000
1<
1:
b1000011111 E
1(
b101110 &
b101110 ;
1'
b111001110100111001100001110 8
0%
#6505000
b101110 "
b101110 B
1*
b100101110 4
b101110 ,
b100101111 5
b101111 /
1%
#6510000
b1000100000 E
b101111 &
b101111 ;
b110010000010101000101101100100 8
1'
b101111 .
0%
#6515000
b101110 )
b101111 "
b101111 B
b100101111 4
b101111 ,
b100110000 5
b110000 /
1%
#6520000
b0 A
0:
b1000100001 E
b11000101010001001101100010001010 8
0'
b110000 .
0%
#6525000
0<
0!
b0 D
b101111 )
b100110000 4
b110000 ,
1%
#6530000
b1 A
1:
b1000100010 E
b110000 &
b110000 ;
1'
b11100110111110111111010011001101 8
0%
#6535000
1<
b1 A
1!
0+
b110000 "
b110000 B
b1 D
b100110001 5
b110001 /
1%
#6540000
b1000100011 E
b110001 &
b110001 ;
b1010101111111110010001110101011 8
1'
b110001 .
0%
#6545000
b110001 "
b110001 B
b110000 )
1+
b100110001 4
b110001 ,
b100110010 5
b110010 /
1%
#6550000
b1000100100 E
b110010 &
b110010 ;
b1011110100111010010111110111101 8
1'
b110010 .
0%
#6555000
b110001 )
b110010 "
b110010 B
b100110010 4
b110010 ,
b100110011 5
b110011 /
1%
#6560000
b1000100101 E
b110011 &
b110011 ;
b11100001000110100101100011000010 8
1'
b110011 .
0%
#6565000
b110011 "
b110011 B
b110010 )
b100110011 4
b110011 ,
b100110100 5
b110100 /
1%
#6570000
b0 A
0:
b1000100110 E
b10101111110100010010011001011111 8
0'
b110100 .
0%
#6575000
0<
0!
b110011 )
b0 D
b100110100 4
b110100 ,
1%
#6580000
b1 A
1:
b1000100111 E
b110100 &
b110100 ;
1'
b11001001101101100100110010010011 8
0%
#6585000
1<
b1 A
1!
b110100 "
b110100 B
b1 D
0+
b100110101 5
b110101 /
1%
#6590000
b1000101000 E
b110101 &
b110101 ;
b10000010101101111000011000000101 8
1'
b110101 .
0%
#6595000
b110100 )
1+
b110101 "
b110101 B
b100110101 4
b110101 ,
b100110110 5
b110110 /
1%
#6600000
b1000101001 E
b110110 &
b110110 ;
b10110110001011011000010001101100 8
1'
b110110 .
0%
#6605000
b110110 "
b110110 B
b110101 )
b100110110 4
b110110 ,
b100110111 5
b110111 /
1%
#6610000
b1000101010 E
b110111 &
b110111 ;
b1011000010110001011110110110000 8
1'
b110111 .
0%
#6615000
b110110 )
b110111 "
b110111 B
b100110111 4
b110111 ,
b100111000 5
b111000 /
1%
#6620000
b10 A
0<
b1000101011 E
0(
b111000 &
b111000 ;
b1010010101000010101000110100101 8
1'
b111000 .
0%
#6625000
0:
0#
b111000 C
b111000 "
b111000 B
b10 D
b110111 )
0*
b100111001 5
b111001 /
1%
#6630000
b1000101100 E
b10101011111010001100000001010111 8
0%
#6635000
b111000 )
b10001001 3
1%
#6640000
b1 A
1<
b1000101101 E
1(
b111011000100011111001101110110 8
0%
#6645000
1:
b1 A
1#
b1 D
1*
b100111000 4
b111000 ,
b10001010 3
1%
#6650000
b1000101110 E
b111001 &
b111001 ;
b1011010010001011011110110110100 8
1'
b111001 .
0%
#6655000
b111001 "
b111001 B
b100111001 4
b111001 ,
b100111010 5
b111010 /
1%
#6660000
b1000101111 E
b111010 &
b111010 ;
b1000011110000010001010110000111 8
1'
b111010 .
0%
#6665000
b111010 "
b111010 B
b111001 )
b100111010 4
b111010 ,
b100111011 5
b111011 /
1%
#6670000
b1000110000 E
b111011 &
b111011 ;
b110011011011011001001101100110 8
1'
b111011 .
0%
#6675000
b111010 )
b111011 "
b111011 B
b100111011 4
b111011 ,
b100111100 5
b111100 /
1%
#6680000
b1000110001 E
b111100 &
b111100 ;
b11111101100001101000100111111 8
1'
b111100 .
0%
#6685000
b111100 "
b111100 B
b111011 )
b100111100 4
b111100 ,
b100111101 5
b111101 /
1%
#6690000
b1000110010 E
b111101 &
b111101 ;
b101010010101100101111101010100 8
1'
b111101 .
0%
#6695000
b111100 )
b111101 "
b111101 B
b100111101 4
b111101 ,
b100111110 5
b111110 /
1%
#6700000
0<
0:
b1000110011 E
0(
b10000011010001001001000000000110 8
0'
b111110 .
0%
#6705000
b111101 )
0*
1%
#6710000
1<
1:
b1000110100 E
1(
b111110 &
b111110 ;
1'
b10110101101000110110100101101 8
0%
#6715000
1*
b111110 "
b111110 B
b100111110 4
b111110 ,
b100111111 5
b111111 /
1%
#6720000
b1000110101 E
b111111 &
b111111 ;
b110101011001001000001101101010 8
1'
b111111 .
0%
#6725000
b111111 "
b111111 B
b111110 )
b100111111 4
b111111 ,
b101000000 5
b1000000 /
1%
#6730000
b1000110110 E
b1000000 &
b1000000 ;
b11110111111111101100101011101111 8
1'
b1000000 .
0%
#6735000
b111111 )
b1000000 "
b1000000 B
b101000000 4
b1000000 ,
b101000001 5
b1000001 /
1%
#6740000
b0 A
0:
b1000110111 E
b11111101010011000111100111111 8
0'
b1000001 .
0%
#6745000
0<
0!
b0 D
b1000000 )
b101000001 4
b1000001 ,
1%
#6750000
b1 A
1:
b1000111000 E
b1000001 &
b1000001 ;
1'
b11010100011110110100001010101000 8
0%
#6755000
1<
b1 A
1!
0+
b1000001 "
b1000001 B
b1 D
b101000010 5
b1000010 /
1%
#6760000
b1000111001 E
b1000010 &
b1000010 ;
b10001111010010010110011000011110 8
1'
b1000010 .
0%
#6765000
b1000010 "
b1000010 B
b1000001 )
1+
b101000010 4
b1000010 ,
b101000011 5
b1000011 /
1%
#6770000
b1000111010 E
b1000011 &
b1000011 ;
b11100111000010100110001011001110 8
1'
b1000011 .
0%
#6775000
b1000010 )
b1000011 "
b1000011 B
b101000011 4
b1000011 ,
b101000100 5
b1000100 /
1%
#6780000
b10 A
0<
b1000111011 E
0(
b1000100 &
b1000100 ;
b10010010110000100111000000100101 8
1'
b1000100 .
0%
#6785000
0:
0#
b1000100 C
b1000100 "
b1000100 B
b10 D
b1000011 )
0*
b101000101 5
b1000101 /
1%
#6790000
b1 A
1<
b1000111100 E
1(
b11010100110011100000101010101001 8
0%
#6795000
1:
b1 A
1#
b1000100 )
1*
b1 D
b101000100 4
b1000100 ,
b10001100 3
1%
#6800000
b1000111101 E
b1000101 &
b1000101 ;
b11010100110101111010100110101 8
1'
b1000101 .
0%
#6805000
b1000101 "
b1000101 B
b101000101 4
b1000101 ,
b101000110 5
b1000110 /
1%
#6810000
0<
0:
b1000111110 E
0(
b1011011000011000111001110110110 8
0'
b1000110 .
0%
#6815000
b1000101 )
0*
1%
#6820000
1<
1:
b1000111111 E
1(
b1000110 &
b1000110 ;
1'
b10101101001001111100010001011010 8
0%
#6825000
b1000110 "
b1000110 B
1*
b101000110 4
b1000110 ,
b101000111 5
b1000111 /
1%
#6830000
b0 A
0:
b1001000000 E
b10010110011100001000100100101 8
0'
b1000111 .
0%
#6835000
0<
0!
b1000110 )
b0 D
b101000111 4
b1000111 ,
1%
#6840000
b1 A
1:
b1001000001 E
b1000111 &
b1000111 ;
1'
b100010011111101011000101000100 8
0%
#6845000
1<
b1 A
1!
b1000111 "
b1000111 B
b1 D
0+
b101001000 5
b1001000 /
1%
#6850000
b1001000010 E
b1001000 &
b1001000 ;
b11001111101110001001111010011111 8
1'
b1001000 .
0%
#6855000
b1000111 )
1+
b1001000 "
b1001000 B
b101001000 4
b1001000 ,
b101001001 5
b1001001 /
1%
#6860000
b1001000011 E
b1001001 &
b1001001 ;
b1100100110100101101001111001001 8
1'
b1001001 .
0%
#6865000
b1001001 "
b1001001 B
b1001000 )
b101001001 4
b1001001 ,
b101001010 5
b1001010 /
1%
#6870000
b1001000100 E
b1001010 &
b1001010 ;
b1000010111000111001110110000101 8
1'
b1001010 .
0%
#6875000
b1001001 )
b1001010 "
b1001010 B
b101001010 4
b1001010 ,
b101001011 5
b1001011 /
1%
#6880000
b0 A
0:
b1001000101 E
b1000100000011110000100110001000 8
0'
b1001011 .
0%
#6885000
0<
0!
b0 D
b1001010 )
b101001011 4
b1001011 ,
1%
#6890000
b1001000110 E
b10011010010101000100001000110100 8
0%
#6895000
0+
1%
#6900000
b1001000111 E
b101000101100011111000101010001 8
0%
#6905000
1%
#6910000
b1 A
1:
b1001001000 E
0(
b1001011 &
b1001011 ;
1'
b10001110001110011001000000011100 8
0%
#6915000
b10 A
1!
0*
b1001011 "
b1001011 B
b1 D
b101001100 5
b1001100 /
1%
#6920000
b1001001001 E
b1001100 &
b1001100 ;
b11011010011010011110001010110100 8
1'
b1001100 .
0%
#6925000
0:
0#
b1001100 C
b1001100 "
b1001100 B
b10 D
b1001011 )
1+
b101001101 5
b1001101 /
1%
#6930000
b1 A
1<
b1001001010 E
1(
b100111011001000111010101001110 8
0%
#6935000
1:
b1 A
1#
b1001100 )
1*
b1 D
b101001100 4
b1001100 ,
b10001110 3
1%
#6940000
b1001001011 E
b1001101 &
b1001101 ;
b101100111111111111000101011001 8
1'
b1001101 .
0%
#6945000
b1001101 "
b1001101 B
b101001101 4
b1001101 ,
b101001110 5
b1001110 /
1%
#6950000
b0 A
0:
b1001001100 E
b1111010000000101010100011110 8
0'
b1001110 .
0%
#6955000
0<
0!
b1001101 )
b0 D
b101001110 4
b1001110 ,
1%
#6960000
b1 A
1:
b1001001101 E
b1001110 &
b1001110 ;
1'
b11100000001000010100100011000000 8
0%
#6965000
1<
b1 A
1!
b1001110 "
b1001110 B
b1 D
0+
b101001111 5
b1001111 /
1%
#6970000
b0 A
0:
b1001001110 E
b10110010010011001111011001100100 8
0'
b1001111 .
0%
#6975000
0<
0!
b1001110 )
1+
b0 D
b101001111 4
b1001111 ,
1%
#6980000
b1 A
1:
b1001001111 E
b1001111 &
b1001111 ;
1'
b1001000111010011111111110010001 8
0%
#6985000
1<
b1 A
1!
b1001111 "
b1001111 B
b1 D
0+
b101010000 5
b1010000 /
1%
#6990000
b0 A
0:
b1001010000 E
b100100110101000100011101001001 8
0'
b1010000 .
0%
#6995000
0<
0!
b1001111 )
1+
b0 D
b101010000 4
b1010000 ,
1%
#7000000
b1 A
1:
b1001010001 E
0(
b1010000 &
b1010000 ;
1'
b11011001111110001110000010110011 8
0%
#7005000
b10 A
1!
b1010000 "
b1010000 B
b1 D
0*
0+
b101010001 5
b1010001 /
1%
#7010000
b0 A
1<
0:
b1001010010 E
1(
b10100010011001110110100101000 8
0'
b1010001 .
0%
#7015000
0<
0!
b1010000 )
1*
1+
b0 D
b101010001 4
b1010001 ,
1%
#7020000
b1 A
1:
b1001010011 E
b1010001 &
b1010001 ;
1'
b101110100101110111100101011101 8
0%
#7025000
1<
b1 A
1!
b1010001 "
b1010001 B
b1 D
0+
b101010010 5
b1010010 /
1%
#7030000
b1001010100 E
b1010010 &
b1010010 ;
b1100110000001100101101111001100 8
1'
b1010010 .
0%
#7035000
b1010001 )
1+
b1010010 "
b1010010 B
b101010010 4
b1010010 ,
b101010011 5
b1010011 /
1%
#7040000
b1001010101 E
b1010011 &
b1010011 ;
b10111100010001100001010001111000 8
1'
b1010011 .
0%
#7045000
b1010011 "
b1010011 B
b1010010 )
b101010011 4
b1010011 ,
b101010100 5
b1010100 /
1%
#7050000
b10 A
0<
b1001010110 E
0(
b1010100 &
b1010100 ;
b101110100101001011011101011101 8
1'
b1010100 .
0%
#7055000
0:
0#
b1010011 )
0*
b1010100 C
b1010100 "
b1010100 B
b10 D
b101010101 5
b1010101 /
1%
#7060000
b1001010111 E
b10001111001100101111101000011110 8
0%
#7065000
b1010100 )
b10001111 3
1%
#7070000
b1 A
1<
b1001011000 E
1(
b111011000001111011110101110110 8
0%
#7075000
1:
b1 A
1#
1*
b1 D
b101010100 4
b1010100 ,
b10010000 3
1%
#7080000
b1001011001 E
b1010101 &
b1010101 ;
b1101101111111001111000111011011 8
1'
b1010101 .
0%
#7085000
b1010101 "
b1010101 B
b101010101 4
b1010101 ,
b101010110 5
b1010110 /
1%
#7090000
0<
0:
b1001011010 E
0(
b10000011011100100001100100000 8
0'
b1010110 .
0%
#7095000
b1010101 )
0*
1%
#7100000
1<
1:
b1001011011 E
1(
b1010110 &
b1010110 ;
1'
b10111100101000001011001001111001 8
0%
#7105000
b1010110 "
b1010110 B
1*
b101010110 4
b1010110 ,
b101010111 5
b1010111 /
1%
#7110000
b1001011100 E
b1010111 &
b1010111 ;
b11001001011001100010110010010010 8
1'
b1010111 .
0%
#7115000
b1010110 )
b1010111 "
b1010111 B
b101010111 4
b1010111 ,
b101011000 5
b1011000 /
1%
#7120000
b10 A
0<
b1001011101 E
0(
b1011000 &
b1011000 ;
b11010100111010100110101010101001 8
1'
b1011000 .
0%
#7125000
0:
0#
b1011000 C
b1011000 "
b1011000 B
b10 D
b1010111 )
0*
b101011001 5
b1011001 /
1%
#7130000
b1 A
1<
b1001011110 E
1(
b11001111001100011111110010011110 8
0%
#7135000
1:
b1 A
1#
b1011000 )
1*
b1 D
b101011000 4
b1011000 ,
b10010010 3
1%
#7140000
b1001011111 E
b1011001 &
b1011001 ;
b1100000000010110010110111000000 8
1'
b1011001 .
0%
#7145000
b1011001 "
b1011001 B
b101011001 4
b1011001 ,
b101011010 5
b1011010 /
1%
#7150000
b1001100000 E
b1011010 &
b1011010 ;
b1011101101101111110000110111011 8
1'
b1011010 .
0%
#7155000
b1011001 )
b1011010 "
b1011010 B
b101011010 4
b1011010 ,
b101011011 5
b1011011 /
1%
#7160000
b0 A
0:
b1001100001 E
b11011001001100101101100010110010 8
0'
b1011011 .
0%
#7165000
0<
0!
b0 D
b1011010 )
b101011011 4
b1011011 ,
1%
#7170000
b1 A
1:
b1001100010 E
0(
b1011011 &
b1011011 ;
1'
b101101011101011100100001011 8
0%
#7175000
b10 A
1!
0*
0+
b1011011 "
b1011011 B
b1 D
b101011100 5
b1011100 /
1%
#7180000
b1 A
1<
b1001100011 E
1(
b1011100 &
b1011100 ;
b11110000101110000110000011100001 8
1'
b1011100 .
0%
#7185000
b1011100 "
b1011100 B
b1011011 )
1*
1+
b101011100 4
b1011100 ,
b101011101 5
b1011101 /
1%
#7190000
b0 A
0:
b1001100100 E
b11010111111110000100010010101111 8
0'
b1011101 .
0%
#7195000
0<
0!
b1011100 )
b0 D
b101011101 4
b1011101 ,
1%
#7200000
b1 A
1:
b1001100101 E
b1011101 &
b1011101 ;
1'
b111011010101101111100001110 8
0%
#7205000
1<
b1 A
1!
b1011101 "
b1011101 B
b1 D
0+
b101011110 5
b1011110 /
1%
#7210000
b0 A
0:
b1001100110 E
b1101100101001111111111111011001 8
0'
b1011110 .
0%
#7215000
0<
0!
b1011101 )
1+
b0 D
b101011110 4
b1011110 ,
1%
#7220000
b1 A
1:
b1001100111 E
0(
b1011110 &
b1011110 ;
1'
b10011100100010011000100100111 8
0%
#7225000
b10 A
1!
b1011110 "
b1011110 B
b1 D
0*
0+
b101011111 5
b1011111 /
1%
#7230000
b1 A
1<
b1001101000 E
1(
b1011111 &
b1011111 ;
b1111110011111110010000111111100 8
1'
b1011111 .
0%
#7235000
b1011110 )
1*
1+
b1011111 "
b1011111 B
b101011111 4
b1011111 ,
b101100000 5
b1100000 /
1%
#7240000
b1001101001 E
b1100000 &
b1100000 ;
b10101111110001011111001001011111 8
1'
b1100000 .
0%
#7245000
b1100000 "
b1100000 B
b1011111 )
b101100000 4
b1100000 ,
b101100001 5
b1100001 /
1%
#7250000
b0 A
0:
b1001101010 E
b10110100001010001010101001101000 8
0'
b1100001 .
0%
#7255000
0<
0!
b1100000 )
b0 D
b101100001 4
b1100001 ,
1%
#7260000
b1 A
1:
b1001101011 E
b1100001 &
b1100001 ;
1'
b11111101100100111000000011111011 8
0%
#7265000
1<
b1 A
1!
b1100001 "
b1100001 B
b1 D
0+
b101100010 5
b1100010 /
1%
#7270000
b1001101100 E
b1100010 &
b1100010 ;
b11010011001101010101010010100110 8
1'
b1100010 .
0%
#7275000
b1100001 )
1+
b1100010 "
b1100010 B
b101100010 4
b1100010 ,
b101100011 5
b1100011 /
1%
#7280000
0<
0:
b1001101101 E
0(
b11110111110011111111011011101111 8
0'
b1100011 .
0%
#7285000
b1100010 )
0*
1%
#7290000
b10 A
1:
b1001101110 E
b1100011 &
b1100011 ;
1'
b1011000110101111001110110110001 8
0%
#7295000
0:
0#
b1100011 C
b1100011 "
b1100011 B
b10 D
b101100100 5
b1100100 /
1%
#7300000
b1 A
1<
b1001101111 E
1(
b10110010011011111111111001100100 8
0%
#7305000
1:
b1 A
1#
b1 D
b1100011 )
1*
b101100011 4
b1100011 ,
b10010100 3
1%
#7310000
b1001110000 E
b1100100 &
b1100100 ;
b1111011001001001011110111110110 8
1'
b1100100 .
0%
#7315000
b1100100 "
b1100100 B
b101100100 4
b1100100 ,
b101100101 5
b1100101 /
1%
#7320000
b10 A
0<
b1001110001 E
0(
b1100101 &
b1100101 ;
b10001010001010010000000000010100 8
1'
b1100101 .
0%
#7325000
0:
0#
b1100101 C
b1100101 "
b1100101 B
b10 D
b1100100 )
0*
b101100110 5
b1100110 /
1%
#7330000
b1 A
1<
b1001110010 E
1(
b10110111110100001100101001101111 8
0%
#7335000
1:
b1 A
1#
b1100101 )
1*
b1 D
b101100101 4
b1100101 ,
b10010110 3
1%
#7340000
b1001110011 E
b1100110 &
b1100110 ;
b11111011101111011011100111110 8
1'
b1100110 .
0%
#7345000
b1100110 "
b1100110 B
b101100110 4
b1100110 ,
b101100111 5
b1100111 /
1%
#7350000
b0 A
0:
b1001110100 E
b100011011110000001111101000110 8
0'
b1100111 .
0%
#7355000
0<
0!
b1100110 )
b0 D
b101100111 4
b1100111 ,
1%
#7360000
b1 A
1:
b1001110101 E
b1100111 &
b1100111 ;
1'
b11010000000111110100000010100000 8
0%
#7365000
1<
b1 A
1!
b1100111 "
b1100111 B
b1 D
0+
b101101000 5
b1101000 /
1%
#7370000
b1001110110 E
b1101000 &
b1101000 ;
b1111010010011000100110111110100 8
1'
b1101000 .
0%
#7375000
b1100111 )
1+
b1101000 "
b1101000 B
b101101000 4
b1101000 ,
b101101001 5
b1101001 /
1%
#7380000
b0 A
0:
b1001110111 E
b11001111101011100000000 8
0'
b1101001 .
0%
#7385000
0<
0!
b0 D
b1101000 )
b101101001 4
b1101001 ,
1%
#7390000
b1 A
1:
b1001111000 E
0(
b1101001 &
b1101001 ;
1'
b111000010000100010110101110000 8
0%
#7395000
b10 A
1!
0*
0+
b1101001 "
b1101001 B
b1 D
b101101010 5
b1101010 /
1%
#7400000
b1001111001 E
b1101010 &
b1101010 ;
b111111100001011100100001111 8
1'
b1101010 .
0%
#7405000
0:
0#
b1101010 C
b1101010 "
b1101010 B
b10 D
b1101001 )
1+
b101101011 5
b1101011 /
1%
#7410000
b1 A
1<
b1001111010 E
1(
b1001011010110110111000110010110 8
0%
#7415000
1:
b1 A
1#
b1101010 )
1*
b1 D
b101101010 4
b1101010 ,
b10011000 3
1%
#7420000
b0 A
0:
b1001111011 E
b10001110010010001000100100011 8
0'
b1101011 .
0%
#7425000
0<
0!
b0 D
b101101011 4
b1101011 ,
1%
#7430000
b1 A
1:
b1001111100 E
b1101011 &
b1101011 ;
1'
b10100101001110000000000001001010 8
0%
#7435000
1<
b1 A
1!
0+
b1101011 "
b1101011 B
b1 D
b101101100 5
b1101100 /
1%
#7440000
b1001111101 E
b1101100 &
b1101100 ;
b100000110111001011111101000001 8
1'
b1101100 .
0%
#7445000
b1101100 "
b1101100 B
b1101011 )
1+
b101101100 4
b1101100 ,
b101101101 5
b1101101 /
1%
#7450000
b1001111110 E
b1101101 &
b1101101 ;
b11100110111001001011100011001101 8
1'
b1101101 .
0%
#7455000
b1101100 )
b1101101 "
b1101101 B
b101101101 4
b1101101 ,
b101101110 5
b1101110 /
1%
#7460000
b1001111111 E
b1101110 &
b1101110 ;
b10010100001000110010001000101000 8
1'
b1101110 .
0%
#7465000
b1101110 "
b1101110 B
b1101101 )
b101101110 4
b1101110 ,
b101101111 5
b1101111 /
1%
#7470000
b0 A
0:
b1010000000 E
b10110110000000001110001001101100 8
0'
b1101111 .
0%
#7475000
0<
0!
b1101110 )
b0 D
b101101111 4
b1101111 ,
1%
#7480000
b1 A
1:
b1010000001 E
b1101111 &
b1101111 ;
1'
b1111111001001110110011111111110 8
0%
#7485000
1<
b1 A
1!
b1101111 "
b1101111 B
b1 D
0+
b101110000 5
b1110000 /
1%
#7490000
b1010000010 E
b1110000 &
b1110000 ;
b1111010000111101000101111110100 8
1'
b1110000 .
0%
#7495000
b1101111 )
1+
b1110000 "
b1110000 B
b101110000 4
b1110000 ,
b101110001 5
b1110001 /
1%
#7500000
b10 A
0<
b1010000011 E
0(
b1110001 &
b1110001 ;
b11101001110101010111011011010011 8
1'
b1110001 .
0%
#7505000
0:
0#
b1110001 C
b1110001 "
b1110001 B
b10 D
b1110000 )
0*
b101110010 5
b1110010 /
1%
#7510000
b1 A
1<
b1010000100 E
1(
b10001100011100010010001000011000 8
0%
#7515000
1:
b1 A
1#
b1110001 )
1*
b1 D
b101110001 4
b1110001 ,
b10011010 3
1%
#7520000
b1010000101 E
b1110010 &
b1110010 ;
b1111100100110011100111111111001 8
1'
b1110010 .
0%
#7525000
b1110010 "
b1110010 B
b101110010 4
b1110010 ,
b101110011 5
b1110011 /
1%
#7530000
b0 A
0:
b1010000110 E
b10010010100101011010101000100101 8
0'
b1110011 .
0%
#7535000
0<
0!
b1110010 )
b0 D
b101110011 4
b1110011 ,
1%
#7540000
b1010000111 E
b1110001100001101010101111100011 8
0%
#7545000
0+
1%
#7550000
b1 A
1:
b1010001000 E
0(
b1110011 &
b1110011 ;
1'
b1000101000001100010000110001010 8
0%
#7555000
b10 A
1!
0*
b1110011 "
b1110011 B
b1 D
b101110100 5
b1110100 /
1%
#7560000
b0 A
1<
0:
b1010001001 E
1(
b10111000001100110001100001110000 8
0'
b1110100 .
0%
#7565000
0<
0!
b0 D
b1110011 )
1*
1+
b101110100 4
b1110100 ,
1%
#7570000
b1010001010 E
b100111001111111011111101001110 8
0%
#7575000
0+
1%
#7580000
b1 A
1:
b1010001011 E
0(
b1110100 &
b1110100 ;
1'
b10111001010101011011011001110010 8
0%
#7585000
b10 A
1!
b1110100 "
b1110100 B
b1 D
0*
b101110101 5
b1110101 /
1%
#7590000
b1 A
1<
b1010001100 E
1(
b1110101 &
b1110101 ;
b11001010011010011000001010010100 8
1'
b1110101 .
0%
#7595000
b1110100 )
1*
1+
b1110101 "
b1110101 B
b101110101 4
b1110101 ,
b101110110 5
b1110110 /
1%
#7600000
b1010001101 E
b1110110 &
b1110110 ;
b1001100010101001110000110011000 8
1'
b1110110 .
0%
#7605000
b1110110 "
b1110110 B
b1110101 )
b101110110 4
b1110110 ,
b101110111 5
b1110111 /
1%
#7610000
b10 A
0<
b1010001110 E
0(
b1110111 &
b1110111 ;
b1111100010100000010101111111000 8
1'
b1110111 .
0%
#7615000
0:
0#
b1110110 )
0*
b1110111 C
b1110111 "
b1110111 B
b10 D
b101111000 5
b1111000 /
1%
#7620000
b1 A
1<
b1010001111 E
1(
b11000110101011010000010010001101 8
0%
#7625000
1:
b1 A
1#
b1 D
b1110111 )
1*
b101110111 4
b1110111 ,
b10011100 3
1%
#7630000
b10 A
0<
b1010010000 E
0(
b1111000 &
b1111000 ;
b11010111111000011100011010101111 8
1'
b1111000 .
0%
#7635000
0:
0#
0*
b1111000 C
b1111000 "
b1111000 B
b10 D
b101111001 5
b1111001 /
1%
#7640000
b1 A
1<
b1010010001 E
1(
b11100001000100010111100111000 8
0%
#7645000
1:
b1 A
1#
b1 D
b1111000 )
1*
b101111000 4
b1111000 ,
b10011110 3
1%
#7650000
b1010010010 E
b1111001 &
b1111001 ;
b1010000110110010000100110100001 8
1'
b1111001 .
0%
#7655000
b1111001 "
b1111001 B
b101111001 4
b1111001 ,
b101111010 5
b1111010 /
1%
#7660000
b1010010011 E
b1111010 &
b1111010 ;
b11010000111010111100110010100001 8
1'
b1111010 .
0%
#7665000
b1111010 "
b1111010 B
b1111001 )
b101111010 4
b1111010 ,
b101111011 5
b1111011 /
1%
#7670000
0<
0:
b1010010100 E
0(
b10010100101010111111100100101 8
0'
b1111011 .
0%
#7675000
b1111010 )
0*
1%
#7680000
1<
1:
b1010010101 E
1(
b1111011 &
b1111011 ;
1'
b11101110100110000000100111011 8
0%
#7685000
b1111011 "
b1111011 B
1*
b101111011 4
b1111011 ,
b101111100 5
b1111100 /
1%
#7690000
b0 A
0:
b1010010110 E
b1001110000101010110111110011100 8
0'
b1111100 .
0%
#7695000
0<
0!
b1111011 )
b0 D
b101111100 4
b1111100 ,
1%
#7700000
b1 A
1:
b1010010111 E
0(
b1111100 &
b1111100 ;
1'
b10010000000100111000010000100000 8
0%
#7705000
b10 A
1!
b1111100 "
b1111100 B
b1 D
0*
0+
b101111101 5
b1111101 /
1%
#7710000
b1 A
1<
b1010011000 E
1(
b1111101 &
b1111101 ;
b11001010100100011111100010010101 8
1'
b1111101 .
0%
#7715000
b1111100 )
1*
1+
b1111101 "
b1111101 B
b101111101 4
b1111101 ,
b101111110 5
b1111110 /
1%
#7720000
b1010011001 E
b1111110 &
b1111110 ;
b10101110101101100100000101 8
1'
b1111110 .
0%
#7725000
b1111110 "
b1111110 B
b1111101 )
b101111110 4
b1111110 ,
b101111111 5
b1111111 /
1%
#7730000
b0 A
0:
b1010011010 E
b1110100010110111111010111101000 8
0'
b1111111 .
0%
#7735000
0<
0!
b1111110 )
b0 D
b101111111 4
b1111111 ,
1%
#7740000
b1 A
1:
b1010011011 E
0(
b1111111 &
b1111111 ;
1'
b110100001001000011011101101000 8
0%
#7745000
b10 A
1!
b1111111 "
b1111111 B
b1 D
0*
0+
b110000000 5
b10000000 /
1%
#7750000
b0 A
1<
0:
b1010011100 E
1(
b1110101101110000000000111101011 8
0'
b10000000 .
0%
#7755000
0<
0!
b1111111 )
1*
1+
b0 D
b110000000 4
b10000000 ,
1%
#7760000
b1 A
1:
b1010011101 E
b10000000 &
b10000000 ;
1'
b101001001101001001100101010010 8
0%
#7765000
1<
b1 A
1!
b10000000 "
b10000000 B
b1 D
0+
b110000001 5
b10000001 /
1%
#7770000
b1010011110 E
b10000001 &
b10000001 ;
b11000011011110100111100010000110 8
1'
b10000001 .
0%
#7775000
b10000000 )
1+
b10000001 "
b10000001 B
b110000001 4
b10000001 ,
b110000010 5
b10000010 /
1%
#7780000
b0 A
0:
b1010011111 E
b10011010010101101011110000110100 8
0'
b10000010 .
0%
#7785000
0<
0!
b0 D
b10000001 )
b110000010 4
b10000010 ,
1%
#7790000
b1010100000 E
b10111001011000110111100001110010 8
0%
#7795000
0+
1%
#7800000
b1 A
1:
b1010100001 E
b10000010 &
b10000010 ;
1'
b1100110001101110001111111001100 8
0%
#7805000
1<
b1 A
1!
b10000010 "
b10000010 B
b1 D
b110000011 5
b10000011 /
1%
#7810000
b1010100010 E
b10000011 &
b10000011 ;
b100010001110101101110101000100 8
1'
b10000011 .
0%
#7815000
b10000010 )
1+
b10000011 "
b10000011 B
b110000011 4
b10000011 ,
b110000100 5
b10000100 /
1%
#7820000
b0 A
0:
b1010100011 E
b11000110001111111111101010001100 8
0'
b10000100 .
0%
#7825000
0<
0!
b0 D
b10000011 )
b110000100 4
b10000100 ,
1%
#7830000
b1010100100 E
0(
b11000111101011000100000010001111 8
0%
#7835000
0*
0+
1%
#7840000
b1 A
1:
b1010100101 E
b10000100 &
b10000100 ;
1'
b11000000110101010100110010000001 8
0%
#7845000
b10 A
1!
b10000100 "
b10000100 B
b1 D
b110000101 5
b10000101 /
1%
#7850000
b1 A
1<
b1010100110 E
1(
b10000101 &
b10000101 ;
b1100101111000101111111111001011 8
1'
b10000101 .
0%
#7855000
b10000100 )
1*
1+
b10000101 "
b10000101 B
b110000101 4
b10000101 ,
b110000110 5
b10000110 /
1%
#7860000
b1010100111 E
b10000110 &
b10000110 ;
b10101010100001101000100101010 8
1'
b10000110 .
0%
#7865000
b10000110 "
b10000110 B
b10000101 )
b110000110 4
b10000110 ,
b110000111 5
b10000111 /
1%
#7870000
b0 A
0:
b1010101000 E
b10011110111001100011011000111101 8
0'
b10000111 .
0%
#7875000
0<
0!
b10000110 )
b0 D
b110000111 4
b10000111 ,
1%
#7880000
b1 A
1:
b1010101001 E
0(
b10000111 &
b10000111 ;
1'
b10011101101111100000000000111011 8
0%
#7885000
b10 A
1!
b10000111 "
b10000111 B
b1 D
0*
0+
b110001000 5
b10001000 /
1%
#7890000
b1010101010 E
b10001000 &
b10001000 ;
b1001001101101001100000110010011 8
1'
b10001000 .
0%
#7895000
0:
0#
b10000111 )
1+
b10001000 C
b10001000 "
b10001000 B
b10 D
b110001001 5
b10001001 /
1%
#7900000
b1 A
1<
b1010101011 E
1(
b11110010011100010000001011100100 8
0%
#7905000
1:
b1 A
1#
b1 D
b10001000 )
1*
b110001000 4
b10001000 ,
b10100000 3
1%
#7910000
b10 A
0<
b1010101100 E
0(
b10001001 &
b10001001 ;
b10111001010010010010010001110010 8
1'
b10001001 .
0%
#7915000
0:
0#
0*
b10001001 C
b10001001 "
b10001001 B
b10 D
b110001010 5
b10001010 /
1%
#7920000
b1010101101 E
b111001001000010011101101110010 8
0%
#7925000
b10001001 )
b10100001 3
1%
#7930000
b1 A
1<
b1010101110 E
1(
b10101000111000011010101001010001 8
0%
#7935000
1:
b1 A
1#
1*
b1 D
b110001001 4
b10001001 ,
b10100010 3
1%
#7940000
b0 A
0:
b1010101111 E
b1010001101111010100011110100011 8
0'
b10001010 .
0%
#7945000
0<
0!
b0 D
b110001010 4
b10001010 ,
1%
#7950000
b1 A
1:
b1010110000 E
b10001010 &
b10001010 ;
1'
b11001011100001111011101010010111 8
0%
#7955000
1<
b1 A
1!
0+
b10001010 "
b10001010 B
b1 D
b110001011 5
b10001011 /
1%
#7960000
b1010110001 E
b10001011 &
b10001011 ;
b11011111000001111011000010111110 8
1'
b10001011 .
0%
#7965000
b10001011 "
b10001011 B
b10001010 )
1+
b110001011 4
b10001011 ,
b110001100 5
b10001100 /
1%
#7970000
b1010110010 E
b10001100 &
b10001100 ;
b111011000110111010000101110110 8
1'
b10001100 .
0%
#7975000
b10001011 )
b10001100 "
b10001100 B
b110001100 4
b10001100 ,
b110001101 5
b10001101 /
1%
#7980000
b1010110011 E
b10001101 &
b10001101 ;
b10000000011110011010110000000000 8
1'
b10001101 .
0%
#7985000
b10001101 "
b10001101 B
b10001100 )
b110001101 4
b10001101 ,
b110001110 5
b10001110 /
1%
#7990000
b10 A
0<
b1010110100 E
0(
b10001110 &
b10001110 ;
b10010100101010101000010000101001 8
1'
b10001110 .
0%
#7995000
0:
0#
b10001101 )
0*
b10001110 C
b10001110 "
b10001110 B
b10 D
b110001111 5
b10001111 /
1%
#8000000
b1010110101 E
b111001001111011001101101110010 8
0%
#8005000
b10001110 )
b10100011 3
1%
#8010000
b1010110110 E
b10001111011101110100011000011110 8
0%
#8015000
1%
#8020000
b1 A
1<
b1010110111 E
1(
b110110100001011111001101101101 8
0%
#8025000
1:
b1 A
1#
b1 D
1*
b110001110 4
b10001110 ,
b10100100 3
1%
#8030000
0<
0:
b1010111000 E
0(
b1111110101100000000101111111101 8
0'
b10001111 .
0%
#8035000
0*
1%
#8040000
1<
1:
b1010111001 E
1(
b10001111 &
b10001111 ;
1'
b1101111110100111111100011011 8
0%
#8045000
b10001111 "
b10001111 B
1*
b110001111 4
b10001111 ,
b110010000 5
b10010000 /
1%
#8050000
b0 A
0:
b1010111010 E
b1100111010111011100010111001110 8
0'
b10010000 .
0%
#8055000
0<
0!
b10001111 )
b0 D
b110010000 4
b10010000 ,
1%
#8060000
b0 6
b1100100 2
b1010111011 E
0(
b1001011000001011000101110010110 8
0%
#8065000
0*
0+
1%
#8070000
1(
b11100101000010110100100011001010 8
0%
#8075000
1*
1%
#8080000
b1000011111110110110010110000111 8
0%
#8085000
1%
#8090000
b10010110100100000011010000101101 8
0%
#8095000
1%
#8100000
b10110010001111001101100101100 8
0%
#8105000
1%
#8110000
b10010111100111000100100100101 8
0%
#8115000
1%
#8120000
b10001001101010111110100100010 8
0%
#8125000
1%
#8130000
b11111001111100011101010011110011 8
0%
#8135000
1%
#8140000
b1000001100011010111001110000011 8
0%
#8145000
1%
#8150000
b11110111000110001011100111101 8
0%
#8155000
1%
#8160000
b1011000000010010110010110110000 8
0%
#8165000
1%
#8170000
b1011100110010111001001110111001 8
0%
#8175000
1%
#8180000
b110110001110000001001101101100 8
0%
#8185000
1%
#8190000
b1010100010011111011111110101000 8
0%
#8195000
1%
#8200000
b1001101001001110111100110011010 8
0%
#8205000
1%
#8210000
b1000001000000110001100110000010 8
0%
#8215000
1%
#8220000
b1001110111011100011001110011101 8
0%
#8225000
1%
#8230000
b1111110010010100000111111111100 8
0%
#8235000
1%
#8240000
b11101111111010111101010011011111 8
0%
#8245000
1%
#8250000
b11101100110001101101010011011001 8
0%
#8255000
1%
#8260000
b10000110010110000101000000001100 8
0%
#8265000
1%
#8270000
b1100000000010010101000111000000 8
0%
#8275000
1%
#8280000
b10101110011110100101010001011100 8
0%
#8285000
1%
#8290000
b1000000111110011111000110000001 8
0%
#8295000
1%
#8300000
b10100111100111001010100001001111 8
0%
#8305000
1%
#8310000
b11010100001101111001000010101000 8
0%
#8315000
1%
#8320000
b1010001100110101001010110100011 8
0%
#8325000
1%
#8330000
b11000100011000000101100010001000 8
0%
#8335000
1%
#8340000
b1111100100110110011011111111001 8
0%
#8345000
1%
#8350000
b11011110111111011001110010111101 8
0%
#8355000
1%
#8360000
b1100010100111110111100011000 8
0%
#8365000
1%
#8370000
b1111100010101011101100011111 8
0%
#8375000
1%
#8380000
b0 )
0*
b0 4
b0 5
b0 ,
b0 /
b0 .
0(
b0 &
b0 ;
0-
b1111 H
b1010000 F
b110101111010011011011101101011 8
0%
#8385000
b0 C
b0 "
b0 B
b10001111 )
1%
#8390000
0%
#8395000
b0 )
1%
#8400000
0%
#8405000
1%
#8410000
1-
0%
#8415000
1%
#8420000
b0 E
b1111 6
b1010000 2
0%
#8425000
1%
#8430000
b1 E
b1001011010010011000001110010110 8
0%
#8435000
1%
#8440000
b1 A
1:
b10 E
1(
1'
b1000100011111010001100010001 8
0%
#8445000
1<
b1 A
1!
b1 D
1*
b1 5
b1 /
1%
#8450000
b11 E
b1 &
b1 ;
b10011111110101100010100000111111 8
1'
b1 .
0%
#8455000
1+
b1 "
b1 B
b1 4
b1 ,
b10 5
b10 /
1%
#8460000
b0 A
0:
b100 E
b10111101100000100011101001111011 8
0'
b10 .
0%
#8465000
0<
0!
b0 D
b1 )
b10 4
b10 ,
1%
#8470000
b101 E
b11100010111010000111111011000101 8
0%
#8475000
0+
1%
#8480000
b110 E
b10101110111000000111011001011101 8
0%
#8485000
1%
#8490000
b111 E
b1101011100111101110000111010111 8
0%
#8495000
1%
#8500000
b1000 E
b1101110111011110001010111011101 8
0%
#8505000
1%
#8510000
b1 A
1:
b1001 E
b10 &
b10 ;
1'
b11110101101000110110101011101011 8
0%
#8515000
1<
b1 A
1!
b10 "
b10 B
b1 D
b11 5
b11 /
1%
#8520000
b0 A
0:
b1010 E
b10100110101001001001100101001 8
0'
b11 .
0%
#8525000
0<
0!
b0 D
b10 )
1+
b11 4
b11 ,
1%
#8530000
b1011 E
b10010011010001111111100000100110 8
0%
#8535000
0+
1%
#8540000
b1100 E
b11101011000101010010100011010110 8
0%
#8545000
1%
#8550000
b1101 E
b11000111011000100010011010001110 8
0%
#8555000
1%
#8560000
b1 A
1:
b1110 E
b11 &
b11 ;
1'
b11111011110011101101001011110111 8
0%
#8565000
1<
b1 A
1!
b11 "
b11 B
b1 D
b100 5
b100 /
1%
#8570000
b1111 E
b100 &
b100 ;
b10100010111001110100111001000101 8
1'
b100 .
0%
#8575000
b11 )
1+
b100 "
b100 B
b100 4
b100 ,
b101 5
b101 /
1%
#8580000
b0 A
0:
b10000 E
b10110110101101010101000001101101 8
0'
b101 .
0%
#8585000
0<
0!
b0 D
b100 )
b101 4
b101 ,
1%
#8590000
b10001 E
b10000010010010001001000000000100 8
0%
#8595000
0+
1%
#8600000
b1 A
1:
b10010 E
b101 &
b101 ;
1'
b10101100110011100001110001011001 8
0%
#8605000
1<
b1 A
1!
b101 "
b101 B
b1 D
b110 5
b110 /
1%
#8610000
b10011 E
b110 &
b110 ;
b11000110100011101100010010001101 8
1'
b110 .
0%
#8615000
b101 )
1+
b110 "
b110 B
b110 4
b110 ,
b111 5
b111 /
1%
#8620000
b0 A
0:
b10100 E
b11101111011000111000100111011 8
0'
b111 .
0%
#8625000
0<
0!
b0 D
b110 )
b111 4
b111 ,
1%
#8630000
b1 A
1:
b10101 E
b111 &
b111 ;
1'
b10100110001101101000100001001100 8
0%
#8635000
1<
b1 A
1!
0+
b111 "
b111 B
b1 D
b1000 5
b1000 /
1%
#8640000
b0 A
0:
b10110 E
b11010011111011010100110010100111 8
0'
b1000 .
0%
#8645000
0<
0!
b0 D
b111 )
1+
b1000 4
b1000 ,
1%
#8650000
b10111 E
b11110001110011000011100011100011 8
0%
#8655000
0+
1%
#8660000
b11000 E
b10000111101100110110100000001111 8
0%
#8665000
1%
#8670000
b1 A
1:
b11001 E
b1000 &
b1000 ;
1'
b1101000010001111111000111010000 8
0%
#8675000
1<
b1 A
1!
b1000 "
b1000 B
b1 D
b1001 5
b1001 /
1%
#8680000
b0 A
0:
b11010 E
b11001011111000110100001010010111 8
0'
b1001 .
0%
#8685000
0<
0!
b0 D
b1000 )
1+
b1001 4
b1001 ,
1%
#8690000
b11011 E
0(
b11110111001010011000110011101110 8
0%
#8695000
0*
0+
1%
#8700000
b11100 E
1(
b111001010111110001011101110010 8
0%
#8705000
1*
1%
#8710000
b11101 E
0(
b10010101001010011100000100 8
0%
#8715000
0*
1%
#8720000
b11110 E
1(
b1011001100000101110000110110011 8
0%
#8725000
1*
1%
#8730000
b11111 E
b10001111101011001001111000011111 8
0%
#8735000
1%
#8740000
b100000 E
b10001010001000000101110000010100 8
0%
#8745000
1%
#8750000
b100001 E
b11110010011100001000110011100100 8
0%
#8755000
1%
#8760000
b100010 E
b11010111001110110000010010101110 8
0%
#8765000
1%
#8770000
b1 A
1:
b100011 E
b1001 &
b1001 ;
1'
b1010010010101110101000110100100 8
0%
#8775000
1<
b1 A
1!
b1001 "
b1001 B
b1 D
b1010 5
b1010 /
1%
#8780000
b0 A
0:
b100100 E
b10000110100001000001100000001101 8
0'
b1010 .
0%
#8785000
0<
0!
b0 D
b1001 )
1+
b1010 4
b1010 ,
1%
#8790000
b100101 E
b101010011010111000001101010100 8
0%
#8795000
0+
1%
#8800000
b100110 E
b11010000100101101001000010100001 8
0%
#8805000
1%
#8810000
b1 A
1:
b100111 E
b1010 &
b1010 ;
1'
b10011011101001111000000000110111 8
0%
#8815000
1<
b1 A
1!
b1010 "
b1010 B
b1 D
b1011 5
b1011 /
1%
#8820000
0<
0:
b101000 E
0(
b11111100110010101100000111 8
0'
b1011 .
0%
#8825000
b1010 )
0*
1+
1%
#8830000
b0 A
1<
b101001 E
1(
b101111010100010110011101011110 8
0%
#8835000
0<
0!
1*
b0 D
b1011 4
b1011 ,
1%
#8840000
b101010 E
b1101101111000110001100011011 8
0%
#8845000
0+
1%
#8850000
b1 A
1:
b101011 E
b1011 &
b1011 ;
1'
b1100101000101110001000111001010 8
0%
#8855000
1<
b1 A
1!
b1011 "
b1011 B
b1 D
b1100 5
b1100 /
1%
#8860000
0<
0:
b101100 E
0(
b100100001100100111010101001000 8
0'
b1100 .
0%
#8865000
b1011 )
0*
1+
1%
#8870000
b0 A
1<
b101101 E
1(
b101000111010100001100101010001 8
0%
#8875000
0<
0!
1*
b0 D
b1100 4
b1100 ,
1%
#8880000
b1 A
1:
b101110 E
b1100 &
b1100 ;
1'
b1110111011110101110100011101 8
0%
#8885000
1<
b1 A
1!
b1100 "
b1100 B
b1 D
0+
b1101 5
b1101 /
1%
#8890000
b101111 E
b1101 &
b1101 ;
b1100100110111101111100011001 8
1'
b1101 .
0%
#8895000
b1100 )
1+
b1101 "
b1101 B
b1101 4
b1101 ,
b1110 5
b1110 /
1%
#8900000
b0 A
0:
b110000 E
b1001000111000101101011110010001 8
0'
b1110 .
0%
#8905000
0<
0!
b0 D
b1101 )
b1110 4
b1110 ,
1%
#8910000
b110001 E
b11100001001110010111101011000010 8
0%
#8915000
0+
1%
#8920000
b110010 E
b11111000000011100101111011110000 8
0%
#8925000
1%
#8930000
b1 A
1:
b110011 E
0(
b1110 &
b1110 ;
1'
b1100001001111100110100011000 8
0%
#8935000
b10 A
1!
0*
b1110 "
b1110 B
b1 D
b1111 5
b1111 /
1%
#8940000
b1 A
0:
b110100 E
b1110111000000010010111111101110 8
0'
b1111 .
0%
#8945000
b1110 )
1+
1%
#8950000
b0 A
1<
b110101 E
1(
b10110011111111110110110001100111 8
0%
#8955000
0<
0!
1*
b0 D
b1111 4
b1111 ,
1%
#8960000
b110110 E
b11101100000101000100011011011000 8
0%
#8965000
0+
1%
#8970000
b110111 E
b10100001001010001011100001000010 8
0%
#8975000
1%
#8980000
b111000 E
b101010011001100101111101010100 8
0%
#8985000
1%
#8990000
b111001 E
b1101110001101111100110111011100 8
0%
#8995000
1%
#9000000
b111010 E
b11011000100101111111010010110001 8
0%
#9005000
1%
#9010000
b111011 E
b1100100000010001000010111001000 8
0%
#9015000
1%
#9020000
b111100 E
b10011001010001110100010000110010 8
0%
#9025000
1%
#9030000
b111101 E
b11101100110100111101100111011 8
0%
#9035000
1%
#9040000
b111110 E
0(
b10110001010011000100101001100010 8
0%
#9045000
0*
1%
#9050000
b111111 E
1(
b11001111101011010000111010011111 8
0%
#9055000
1*
1%
#9060000
b1000000 E
b1100111101101001100000111001111 8
0%
#9065000
1%
#9070000
b1000001 E
b11010000000110110101100010100000 8
0%
#9075000
1%
#9080000
b1000010 E
b11011100000000010011100110111 8
0%
#9085000
1%
#9090000
b1000011 E
b10111000111110000011100001110001 8
0%
#9095000
1%
#9100000
b1 A
1:
b1000100 E
b1111 &
b1111 ;
1'
b11001011000110111011011010010110 8
0%
#9105000
1<
b1 A
1!
b1111 "
b1111 B
b1 D
b10000 5
b10000 /
1%
#9110000
b0 A
0:
b1000101 E
b1000011011010100100011110000110 8
0'
b10000 .
0%
#9115000
0<
0!
b1111 )
1+
b0 D
b10000 4
b10000 ,
1%
#9120000
b1000110 E
b10001001100111100110101000010011 8
0%
#9125000
0+
1%
#9130000
b1000111 E
b10110110010001111110000001101100 8
0%
#9135000
1%
#9140000
b1001000 E
b11101110001010000000100111011 8
0%
#9145000
1%
#9150000
b1001001 E
b10000100011100110010001000001000 8
0%
#9155000
1%
#9160000
b1001010 E
0(
b11000110101011011111010010001101 8
0%
#9165000
0*
1%
#9170000
b1001011 E
1(
b1110110111101011110100111101101 8
0%
#9175000
1*
1%
#9180000
b1001100 E
b11100010010101011000001011000100 8
0%
#9185000
1%
#9190000
b1001101 E
0(
b1111110110111011100110111111101 8
0%
#9195000
0*
1%
#9200000
b1001110 E
b11110001110100011010011011100011 8
0%
#9205000
1%
#9210000
b1 A
1:
b1001111 E
1(
b10000 &
b10000 ;
1'
b1010110110000010111100010101 8
0%
#9215000
1<
b1 A
1!
1*
b10000 "
b10000 B
b1 D
b10001 5
b10001 /
1%
#9220000
b0 A
0:
b1010000 E
b110111010011100001110101101110 8
0'
b10001 .
0%
#9225000
0<
0!
b0 D
b10000 )
1+
b10001 4
b10001 ,
1%
#9230000
b1010001 E
b1111100100011100010011111111001 8
0%
#9235000
0+
1%
#9240000
b1 A
1:
b1010010 E
b10001 &
b10001 ;
1'
b11101001110010000110000011010011 8
0%
#9245000
1<
b1 A
1!
b10001 "
b10001 B
b1 D
b10010 5
b10010 /
1%
#9250000
b10 A
0<
b1010011 E
0(
b10010 &
b10010 ;
b11001110000001001010100110011 8
1'
b10010 .
0%
#9255000
0:
0#
b10001 )
0*
1+
b10010 C
b10010 "
b10010 B
b10 D
b10011 5
b10011 /
1%
#9260000
b1 A
1<
b1010100 E
1(
b11111000110000011011001011110001 8
0%
#9265000
1:
b1 A
1#
b1 D
b10010 )
1*
b10010 4
b10010 ,
b10100110 3
1%
#9270000
0<
0:
b1010101 E
0(
b100100100111110010111101001001 8
0'
b10011 .
0%
#9275000
0*
1%
#9280000
b0 A
1<
b1010110 E
1(
b1010001000110001111010110100010 8
0%
#9285000
0<
0!
b0 D
1*
b10011 4
b10011 ,
1%
#9290000
b1 A
1:
b1010111 E
b10011 &
b10011 ;
1'
b11100101111111011111101011001011 8
0%
#9295000
1<
b1 A
1!
0+
b10011 "
b10011 B
b1 D
b10100 5
b10100 /
1%
#9300000
b1011000 E
b10100 &
b10100 ;
b10011011101100000011111000110111 8
1'
b10100 .
0%
#9305000
b10100 "
b10100 B
b10011 )
1+
b10100 4
b10100 ,
b10101 5
b10101 /
1%
#9310000
b1011001 E
b10101 &
b10101 ;
b11111001101001101010111011110011 8
1'
b10101 .
0%
#9315000
b10100 )
b10101 "
b10101 B
b10101 4
b10101 ,
b10110 5
b10110 /
1%
#9320000
b0 A
0:
b1011010 E
b1110110011110011111111111101100 8
0'
b10110 .
0%
#9325000
0<
0!
b0 D
b10101 )
b10110 4
b10110 ,
1%
#9330000
b1011011 E
b10001001001101001001010000010010 8
0%
#9335000
0+
1%
#9340000
b1011100 E
b1000000010111010101111110000000 8
0%
#9345000
1%
#9350000
b1011101 E
b1110101111101011011100111101011 8
0%
#9355000
1%
#9360000
b1011110 E
b101000011000100100101101010000 8
0%
#9365000
1%
#9370000
b1011111 E
b1110111101101110100100011101 8
0%
#9375000
1%
#9380000
b1100000 E
b11011101100111010111000010111011 8
0%
#9385000
1%
#9390000
b1100001 E
b101110011111010111100001011 8
0%
#9395000
1%
#9400000
b1100010 E
b11001011110111000011101010010111 8
0%
#9405000
1%
#9410000
b1100011 E
b1101110001011100101100111011100 8
0%
#9415000
1%
#9420000
b1100100 E
0(
b10010001000100001101010000100010 8
0%
#9425000
0*
1%
#9430000
b1 A
1:
b1100101 E
1(
b10110 &
b10110 ;
1'
b1010100001000111110111110101000 8
0%
#9435000
1<
b1 A
1!
1*
b10110 "
b10110 B
b1 D
b10111 5
b10111 /
1%
#9440000
b0 A
0:
b1100110 E
b10111011111100010110100101110 8
0'
b10111 .
0%
#9445000
0<
0!
b0 D
b10110 )
1+
b10111 4
b10111 ,
1%
#9450000
b1 A
1:
b1100111 E
b10111 &
b10111 ;
1'
b110101001100000100001101101010 8
0%
#9455000
1<
b1 A
1!
0+
b10111 "
b10111 B
b1 D
b11000 5
b11000 /
1%
#9460000
b0 A
0:
b1101000 E
b10000000101000111110110000000001 8
0'
b11000 .
0%
#9465000
0<
0!
b0 D
b10111 )
1+
b11000 4
b11000 ,
1%
#9470000
b1101001 E
0(
b1101000000011011101101111010000 8
0%
#9475000
0*
0+
1%
#9480000
b1101010 E
1(
b11001100111010101000001010011001 8
0%
#9485000
1*
1%
#9490000
b1101011 E
b111111001111100000011101111110 8
0%
#9495000
1%
#9500000
b1101100 E
b11101100000011110001100011011000 8
0%
#9505000
1%
#9510000
b1101101 E
b1110010010101001101001111100100 8
0%
#9515000
1%
#9520000
b1101110 E
b10100010010011111001101001000100 8
0%
#9525000
1%
#9530000
b1101111 E
b11010000001010000100100110100 8
0%
#9535000
1%
#9540000
b1110000 E
b1101110010101101011011111011100 8
0%
#9545000
1%
#9550000
b1 A
1:
b1110001 E
b11000 &
b11000 ;
1'
b1001010111011000011010110010101 8
0%
#9555000
1<
b1 A
1!
b11000 "
b11000 B
b1 D
b11001 5
b11001 /
1%
#9560000
b0 A
0:
b1110010 E
b1011011111001111101011110110111 8
0'
b11001 .
0%
#9565000
0<
0!
b0 D
b11000 )
1+
b11001 4
b11001 ,
1%
#9570000
b1110011 E
b11011000111101010001100110110 8
0%
#9575000
0+
1%
#9580000
b1110100 E
b1101111010010110010100111011110 8
0%
#9585000
1%
#9590000
b1110101 E
0(
b10011110011100110110000000111100 8
0%
#9595000
0*
1%
#9600000
b1110110 E
1(
b10101011110011001010100101010 8
0%
#9605000
1*
1%
#9610000
b1110111 E
b100101100100000011100101001011 8
0%
#9615000
1%
#9620000
b1 A
1:
b1111000 E
0(
b11001 &
b11001 ;
1'
b11000101000010001100110010001010 8
0%
#9625000
b10 A
1!
b11001 "
b11001 B
b1 D
0*
b11010 5
b11010 /
1%
#9630000
b0 A
1<
0:
b1111001 E
1(
b11001011101101011011100010010111 8
0'
b11010 .
0%
#9635000
0<
0!
b11001 )
1*
1+
b0 D
b11010 4
b11010 ,
1%
#9640000
b1 A
1:
b1111010 E
b11010 &
b11010 ;
1'
b10111011110101110011011001110111 8
0%
#9645000
1<
b1 A
1!
b11010 "
b11010 B
b1 D
0+
b11011 5
b11011 /
1%
#9650000
b0 A
0:
b1111011 E
b11111010010110010101100111110 8
0'
b11011 .
0%
#9655000
0<
0!
b11010 )
1+
b0 D
b11011 4
b11011 ,
1%
#9660000
b1111100 E
b10000101011110000000001000001010 8
0%
#9665000
0+
1%
#9670000
b1 A
1:
b1111101 E
b11011 &
b11011 ;
1'
b1110001001010101001101111100010 8
0%
#9675000
1<
b1 A
1!
b11011 "
b11011 B
b1 D
b11100 5
b11100 /
1%
#9680000
0<
0:
b1111110 E
0(
b10110110010111110001110001101100 8
0'
b11100 .
0%
#9685000
b11011 )
0*
1+
1%
#9690000
b0 A
1<
b1111111 E
1(
b10110101011001101011100101101 8
0%
#9695000
0<
0!
1*
b0 D
b11100 4
b11100 ,
1%
#9700000
b1 A
1:
b10000000 E
b11100 &
b11100 ;
1'
b111110011010010110100001111 8
0%
#9705000
1<
b1 A
1!
b11100 "
b11100 B
b1 D
0+
b11101 5
b11101 /
1%
#9710000
b0 A
0:
b10000001 E
b10101010011101010110100001010100 8
0'
b11101 .
0%
#9715000
0<
0!
b11100 )
1+
b0 D
b11101 4
b11101 ,
1%
#9720000
b1 A
1:
b10000010 E
0(
b11101 &
b11101 ;
1'
b11000000011110111010001010000000 8
0%
#9725000
b10 A
1!
b11101 "
b11101 B
b1 D
0*
0+
b11110 5
b11110 /
1%
#9730000
b0 A
1<
0:
b10000011 E
1(
b10111111111101001111100101111 8
0'
b11110 .
0%
#9735000
0<
0!
b11101 )
1*
1+
b0 D
b11110 4
b11110 ,
1%
#9740000
b10000100 E
b10110000010001010101100101100 8
0%
#9745000
0+
1%
#9750000
b1 A
1:
b10000101 E
b11110 &
b11110 ;
1'
b11111101111001011000001011111011 8
0%
#9755000
1<
b1 A
1!
b11110 "
b11110 B
b1 D
b11111 5
b11111 /
1%
#9760000
b10000110 E
b11111 &
b11111 ;
b11110011001000110010111011100110 8
1'
b11111 .
0%
#9765000
b11111 "
b11111 B
b11110 )
1+
b11111 4
b11111 ,
b100000 5
b100000 /
1%
#9770000
0<
0:
b10000111 E
0(
b10110010111101011110000001100101 8
0'
b100000 .
0%
#9775000
b11111 )
0*
1%
#9780000
1<
1:
b10001000 E
1(
b100000 &
b100000 ;
1'
b1001110011101101101101110011100 8
0%
#9785000
b100000 "
b100000 B
1*
b100000 4
b100000 ,
b100001 5
b100001 /
1%
#9790000
0<
0:
b10001001 E
0(
b11111001111101100100011011110011 8
0'
b100001 .
0%
#9795000
b100000 )
0*
1%
#9800000
1<
1:
b10001010 E
1(
b100001 &
b100001 ;
1'
b11111110010110000001101011111100 8
0%
#9805000
b100001 "
b100001 B
1*
b100001 4
b100001 ,
b100010 5
b100010 /
1%
#9810000
b10001011 E
b100010 &
b100010 ;
b110000001100111111111101100000 8
1'
b100010 .
0%
#9815000
b100001 )
b100010 "
b100010 B
b100010 4
b100010 ,
b100011 5
b100011 /
1%
#9820000
b0 A
0:
b10001100 E
b10110101001100000001110001101010 8
0'
b100011 .
0%
#9825000
0<
0!
b0 D
b100010 )
b100011 4
b100011 ,
1%
#9830000
b10001101 E
b10000010110011110001010000000101 8
0%
#9835000
0+
1%
#9840000
b10001110 E
b10010010101010001100110000100101 8
0%
#9845000
1%
#9850000
b10001111 E
b1110110110001100101011111101101 8
0%
#9855000
1%
#9860000
b10010000 E
b1110101100110001101001111101011 8
0%
#9865000
1%
#9870000
b10010001 E
b11001111110000110100111010011111 8
0%
#9875000
1%
#9880000
b10010010 E
0(
b11111010101011111010000011110101 8
0%
#9885000
0*
1%
#9890000
b1 A
1:
b10010011 E
1(
b100011 &
b100011 ;
1'
b10100001101001100100101001000011 8
0%
#9895000
1<
b1 A
1!
1*
b100011 "
b100011 B
b1 D
b100100 5
b100100 /
1%
#9900000
b10010100 E
b100100 &
b100100 ;
b11010011111000010101110010100111 8
1'
b100100 .
0%
#9905000
b100100 "
b100100 B
b100011 )
1+
b100100 4
b100100 ,
b100101 5
b100101 /
1%
#9910000
b0 A
0:
b10010101 E
b11000110100100101001100110001 8
0'
b100101 .
0%
#9915000
0<
0!
b100100 )
b0 D
b100101 4
b100101 ,
1%
#9920000
b1 A
1:
b10010110 E
b100101 &
b100101 ;
1'
b11100100100100101111011011001001 8
0%
#9925000
1<
b1 A
1!
b100101 "
b100101 B
b1 D
0+
b100110 5
b100110 /
1%
#9930000
b0 A
0:
b10010111 E
b1000101001110010011100110001010 8
0'
b100110 .
0%
#9935000
0<
0!
b100101 )
1+
b0 D
b100110 4
b100110 ,
1%
#9940000
b10011000 E
b1001110100001100001100110011101 8
0%
#9945000
0+
1%
#9950000
b1 A
1:
b10011001 E
b100110 &
b100110 ;
1'
b11110100001001111000001011101000 8
0%
#9955000
1<
b1 A
1!
b100110 "
b100110 B
b1 D
b100111 5
b100111 /
1%
#9960000
b0 A
0:
b10011010 E
b1011011100001010011000110110111 8
0'
b100111 .
0%
#9965000
0<
0!
b0 D
b100110 )
1+
b100111 4
b100111 ,
1%
#9970000
b10011011 E
0(
b1100100110100001000000111001001 8
0%
#9975000
0*
0+
1%
#9980000
b10011100 E
1(
b11101111110011110110100011011111 8
0%
#9985000
1*
1%
#9990000
b1 A
1:
b10011101 E
b100111 &
b100111 ;
1'
b1100011100110100011111111000111 8
0%
#9995000
1<
b1 A
1!
b100111 "
b100111 B
b1 D
b101000 5
b101000 /
1%
#10000000
b0 A
0:
b10011110 E
b11110001010001001010110011100010 8
0'
b101000 .
0%
#10005000
0<
0!
b0 D
b100111 )
1+
b101000 4
b101000 ,
1%
#10010000
b10011111 E
b11000001010011000011100110000 8
0%
#10015000
0+
1%
#10020000
b10100000 E
0(
b11001111010100011010101010011110 8
0%
#10025000
0*
1%
#10030000
b10100001 E
1(
b10010010001011011110010000100100 8
0%
#10035000
1*
1%
#10040000
b10100010 E
b10111100110111100110100101111 8
0%
#10045000
1%
#10050000
b10100011 E
b11100000111011011010010011000001 8
0%
#10055000
1%
#10060000
b10100100 E
b11000011011011010011111010000110 8
0%
#10065000
1%
#10070000
b10100101 E
b1000001100100011101010110000011 8
0%
#10075000
1%
#10080000
b10100110 E
b10101001111000001110111001010011 8
0%
#10085000
1%
#10090000
b1 A
1:
b10100111 E
b101000 &
b101000 ;
1'
b10110000001100100011111001100000 8
0%
#10095000
1<
b1 A
1!
b101000 "
b101000 B
b1 D
b101001 5
b101001 /
1%
#10100000
b0 A
0:
b10101000 E
b1000010110011101000011110000101 8
0'
b101001 .
0%
#10105000
0<
0!
b0 D
b101000 )
1+
b101001 4
b101001 ,
1%
#10110000
b10101001 E
b11100111101000010111000011001111 8
0%
#10115000
0+
1%
#10120000
b10101010 E
b10100110011101100111010001001100 8
0%
#10125000
1%
#10130000
b10101011 E
b10011011111110001011010000110111 8
0%
#10135000
1%
#10140000
b10101100 E
b1110101111011011110001111101011 8
0%
#10145000
1%
#10150000
b10101101 E
0(
b1111011111001000001011111110111 8
0%
#10155000
0*
1%
#10160000
b10101110 E
1(
b11000010010101011110100110000 8
0%
#10165000
1*
1%
#10170000
b1 A
1:
b10101111 E
b101001 &
b101001 ;
1'
b1000100101011100110010110001001 8
0%
#10175000
1<
b1 A
1!
b101001 "
b101001 B
b1 D
b101010 5
b101010 /
1%
#10180000
b0 A
0:
b10110000 E
b1111000100011111011000111110001 8
0'
b101010 .
0%
#10185000
0<
0!
b0 D
b101001 )
1+
b101010 4
b101010 ,
1%
#10190000
b10110001 E
b11110101000011010010100011101010 8
0%
#10195000
0+
1%
#10200000
b10110010 E
b110000010110000010100101100000 8
0%
#10205000
1%
#10210000
b10110011 E
0(
b11101010101011001011000011010101 8
0%
#10215000
0*
1%
#10220000
b10110100 E
1(
b11001011010001000101000010010110 8
0%
#10225000
1*
1%
#10230000
b10110101 E
b1110110011111000000011111101100 8
0%
#10235000
1%
#10240000
b10110110 E
b10001111001001010001011000011110 8
0%
#10245000
1%
#10250000
b10110111 E
b110011101110001111011101100111 8
0%
#10255000
1%
#10260000
b1 A
1:
b10111000 E
0(
b101010 &
b101010 ;
1'
b11110100111010000010010011101001 8
0%
#10265000
b10 A
1!
b101010 "
b101010 B
b1 D
0*
b101011 5
b101011 /
1%
#10270000
b0 A
1<
0:
b10111001 E
1(
b101101101111000000111101011011 8
0'
b101011 .
0%
#10275000
0<
0!
b101010 )
1*
1+
b0 D
b101011 4
b101011 ,
1%
#10280000
b10111010 E
b10111110010000111110100001111100 8
0%
#10285000
0+
1%
#10290000
b10111011 E
b10100000100001001001100001000001 8
0%
#10295000
1%
#10300000
b10111100 E
b1010100001000111000110110101000 8
0%
#10305000
1%
#10310000
b1 A
1:
b10111101 E
b101011 &
b101011 ;
1'
b11100000000001001010000011000000 8
0%
#10315000
1<
b1 A
1!
b101011 "
b101011 B
b1 D
b101100 5
b101100 /
1%
#10320000
b0 A
0:
b10111110 E
b11011001110100101111110010110011 8
0'
b101100 .
0%
#10325000
0<
0!
b0 D
b101011 )
1+
b101100 4
b101100 ,
1%
#10330000
b10111111 E
b10110010001011001111010001100100 8
0%
#10335000
0+
1%
#10340000
b11000000 E
b100000111010101110011101000001 8
0%
#10345000
1%
#10350000
b1 A
1:
b11000001 E
b101100 &
b101100 ;
1'
b100111101110010001111101001111 8
0%
#10355000
1<
b1 A
1!
b101100 "
b101100 B
b1 D
b101101 5
b101101 /
1%
#10360000
b0 A
0:
b11000010 E
b1101001111111001011010111010011 8
0'
b101101 .
0%
#10365000
0<
0!
b0 D
b101100 )
1+
b101101 4
b101101 ,
1%
#10370000
b1 A
1:
b11000011 E
b101101 &
b101101 ;
1'
b10111111101110110110110001111111 8
0%
#10375000
1<
b1 A
1!
0+
b101101 "
b101101 B
b1 D
b101110 5
b101110 /
1%
#10380000
0<
0:
b11000100 E
0(
b10011101111111101001010000111011 8
0'
b101110 .
0%
#10385000
b101101 )
0*
1+
1%
#10390000
b0 A
1<
b11000101 E
1(
b1100001111010001110100111000011 8
0%
#10395000
0<
0!
1*
b0 D
b101110 4
b101110 ,
1%
#10400000
b11000110 E
b1101100011101110110111111011000 8
0%
#10405000
0+
1%
#10410000
b11000111 E
b1111011101001010101111111110111 8
0%
#10415000
1%
#10420000
b11001000 E
b1111010011010101111010111110100 8
0%
#10425000
1%
#10430000
b1 A
1:
b11001001 E
b101110 &
b101110 ;
1'
b1001011110011110101101110010111 8
0%
#10435000
1<
b1 A
1!
b101110 "
b101110 B
b1 D
b101111 5
b101111 /
1%
#10440000
b11001010 E
b101111 &
b101111 ;
b10001110000001011000110000011100 8
1'
b101111 .
0%
#10445000
b101111 "
b101111 B
b101110 )
1+
b101111 4
b101111 ,
b110000 5
b110000 /
1%
#10450000
b0 A
0:
b11001011 E
b101001010011000010101101010010 8
0'
b110000 .
0%
#10455000
0<
0!
b101111 )
b0 D
b110000 4
b110000 ,
1%
#10460000
b11001100 E
b1100011000010000110011111000110 8
0%
#10465000
0+
1%
#10470000
b11001101 E
b1010000010100111101101110100000 8
0%
#10475000
1%
#10480000
b11001110 E
b10010011111101010110110000100111 8
0%
#10485000
1%
#10490000
b1 A
1:
b11001111 E
b110000 &
b110000 ;
1'
b10000010011111010011010000000100 8
0%
#10495000
1<
b1 A
1!
b110000 "
b110000 B
b1 D
b110001 5
b110001 /
1%
#10500000
b11010000 E
b110001 &
b110001 ;
b11000011111110110100110010000111 8
1'
b110001 .
0%
#10505000
b110001 "
b110001 B
b110000 )
1+
b110001 4
b110001 ,
b110010 5
b110010 /
1%
#10510000
b11010001 E
b110010 &
b110010 ;
b10000101100010011100010000001011 8
1'
b110010 .
0%
#10515000
b110001 )
b110010 "
b110010 B
b110010 4
b110010 ,
b110011 5
b110011 /
1%
#10520000
b0 A
0:
b11010010 E
b11110101101000010111000011101011 8
0'
b110011 .
0%
#10525000
0<
0!
b0 D
b110010 )
b110011 4
b110011 ,
1%
#10530000
b11010011 E
b1001100111100011101011110011001 8
0%
#10535000
0+
1%
#10540000
b1 A
1:
b11010100 E
0(
b110011 &
b110011 ;
1'
b10111010001101000000011001110100 8
0%
#10545000
b10 A
1!
b110011 "
b110011 B
b1 D
0*
b110100 5
b110100 /
1%
#10550000
b0 A
1<
0:
b11010101 E
1(
b1011010001100000111100110110100 8
0'
b110100 .
0%
#10555000
0<
0!
b110011 )
1*
1+
b0 D
b110100 4
b110100 ,
1%
#10560000
b11010110 E
0(
b10100101111011111111100001001011 8
0%
#10565000
0*
0+
1%
#10570000
b11010111 E
1(
b10011111110011110111010000111111 8
0%
#10575000
1*
1%
#10580000
b1 A
1:
b11011000 E
0(
b110100 &
b110100 ;
1'
b110100111011101111001101101001 8
0%
#10585000
b10 A
1!
b110100 "
b110100 B
b1 D
0*
b110101 5
b110101 /
1%
#10590000
b0 A
1<
0:
b11011001 E
1(
b11110011001100110101100011100110 8
0'
b110101 .
0%
#10595000
0<
0!
b110100 )
1*
1+
b0 D
b110101 4
b110101 ,
1%
#10600000
b11011010 E
b1100110100110110000100011001 8
0%
#10605000
0+
1%
#10610000
b11011011 E
0(
b11011001001001110110111010110010 8
0%
#10615000
0*
1%
#10620000
b11011100 E
1(
b1000111001101000111000110001110 8
0%
#10625000
1*
1%
#10630000
b11011101 E
b111001001010011100010101110010 8
0%
#10635000
1%
#10640000
b1 A
1:
b11011110 E
b110101 &
b110101 ;
1'
b110000110010100000111101100001 8
0%
#10645000
1<
b1 A
1!
b110101 "
b110101 B
b1 D
b110110 5
b110110 /
1%
#10650000
b0 A
0:
b11011111 E
b1000011011101110010001110000110 8
0'
b110110 .
0%
#10655000
0<
0!
b110101 )
1+
b0 D
b110110 4
b110110 ,
1%
#10660000
b11100000 E
0(
b10101001010110001110001001010010 8
0%
#10665000
0*
0+
1%
#10670000
b11100001 E
b10010101110101110001100000101011 8
0%
#10675000
1%
#10680000
b11100010 E
1(
b10000010111100101110100100000 8
0%
#10685000
1*
1%
#10690000
b11100011 E
b1101011001001111111001111010110 8
0%
#10695000
1%
#10700000
b11100100 E
b1101010011111001010100111010100 8
0%
#10705000
1%
#10710000
b11100101 E
b1100001101010101011101111000011 8
0%
#10715000
1%
#10720000
b11100110 E
b101011101001101011000101010111 8
0%
#10725000
1%
#10730000
b11100111 E
0(
b100100000011110011110101001000 8
0%
#10735000
0*
1%
#10740000
b1 A
1:
b11101000 E
1(
b110110 &
b110110 ;
1'
b11010010000011000010000010100100 8
0%
#10745000
1<
b1 A
1!
b110110 "
b110110 B
b1 D
1*
b110111 5
b110111 /
1%
#10750000
0<
0:
b11101001 E
0(
b1010000000000011100000010 8
0'
b110111 .
0%
#10755000
b110110 )
0*
1+
1%
#10760000
b0 A
1<
b11101010 E
1(
b111101110001010110011101111011 8
0%
#10765000
0<
0!
b0 D
1*
b110111 4
b110111 ,
1%
#10770000
b1 A
1:
b11101011 E
b110111 &
b110111 ;
1'
b111110111011100110001101111101 8
0%
#10775000
1<
b1 A
1!
0+
b110111 "
b110111 B
b1 D
b111000 5
b111000 /
1%
#10780000
b0 A
0:
b11101100 E
b1110001001111111010101111100010 8
0'
b111000 .
0%
#10785000
0<
0!
b0 D
b110111 )
1+
b111000 4
b111000 ,
1%
#10790000
b11101101 E
b10110010110111100101110001100101 8
0%
#10795000
0+
1%
#10800000
b11101110 E
b100110011010001101111101001100 8
0%
#10805000
1%
#10810000
b11101111 E
0(
b11101110111100101100001011011101 8
0%
#10815000
0*
1%
#10820000
b1 A
1:
b11110000 E
1(
b111000 &
b111000 ;
1'
b1100100100110111010101111001001 8
0%
#10825000
1<
b1 A
1!
b111000 "
b111000 B
b1 D
1*
b111001 5
b111001 /
1%
#10830000
b11110001 E
b111001 &
b111001 ;
b1011111110010001111100010111 8
1'
b111001 .
0%
#10835000
b111000 )
1+
b111001 "
b111001 B
b111001 4
b111001 ,
b111010 5
b111010 /
1%
#10840000
b0 A
0:
b11110010 E
b11010010110111101100000110 8
0'
b111010 .
0%
#10845000
0<
0!
b0 D
b111001 )
b111010 4
b111010 ,
1%
#10850000
b11110011 E
0(
b11011111001101011011111010111110 8
0%
#10855000
0*
0+
1%
#10860000
b11110100 E
1(
b11000101011100000111101010001010 8
0%
#10865000
1*
1%
#10870000
b11110101 E
b100110101011111010110101001101 8
0%
#10875000
1%
#10880000
b11110110 E
b1111001101100111001100111110011 8
0%
#10885000
1%
#10890000
b11110111 E
b11111000001111001011010011110000 8
0%
#10895000
1%
#10900000
b11111000 E
0(
b1001011010110100111111110010110 8
0%
#10905000
0*
1%
#10910000
b11111001 E
b1111111010011010110010111111110 8
0%
#10915000
1%
#10920000
b1 A
1:
b11111010 E
1(
b111010 &
b111010 ;
1'
b101111111100111001101101011111 8
0%
#10925000
1<
b1 A
1!
b111010 "
b111010 B
b1 D
1*
b111011 5
b111011 /
1%
#10930000
b0 A
0:
b11111011 E
b11010101011110010000011010101010 8
0'
b111011 .
0%
#10935000
0<
0!
b111010 )
1+
b0 D
b111011 4
b111011 ,
1%
#10940000
b11111100 E
b11101110000100001011100111011 8
0%
#10945000
0+
1%
#10950000
b11111101 E
b10000001110010011010011000000011 8
0%
#10955000
1%
#10960000
b11111110 E
0(
b1110110111010011101111111101101 8
0%
#10965000
0*
1%
#10970000
b1 A
1:
b11111111 E
1(
b111011 &
b111011 ;
1'
b11101010110010000001001011010101 8
0%
#10975000
1<
b1 A
1!
1*
b111011 "
b111011 B
b1 D
b111100 5
b111100 /
1%
#10980000
0<
0:
b100000000 E
0(
b11010101010110111010000010101010 8
0'
b111100 .
0%
#10985000
b111011 )
0*
1+
1%
#10990000
b0 A
1<
b100000001 E
1(
b11000111010001111101010010001110 8
0%
#10995000
0<
0!
1*
b0 D
b111100 4
b111100 ,
1%
#11000000
b100000010 E
b100011100000001100011101000111 8
0%
#11005000
0+
1%
#11010000
b100000011 E
b1011001111100110011100110110011 8
0%
#11015000
1%
#11020000
b100000100 E
b10101101101001110111110001011011 8
0%
#11025000
1%
#11030000
b100000101 E
0(
b11100101110100110100000111 8
0%
#11035000
0*
1%
#11040000
b100000110 E
1(
b10011000001011101011000000110000 8
0%
#11045000
1*
1%
#11050000
b100000111 E
b1111000001011111101110111110000 8
0%
#11055000
1%
#11060000
b100001000 E
b11100110011100100000110011001100 8
0%
#11065000
1%
#11070000
b100001001 E
b10100010101100110111000001000101 8
0%
#11075000
1%
#11080000
b100001010 E
b11111110011101011111111011111100 8
0%
#11085000
1%
#11090000
b100001011 E
b11100111110101100100000111 8
0%
#11095000
1%
#11100000
b100001100 E
b1010101010100111011000110101010 8
0%
#11105000
1%
#11110000
b100001101 E
b10110010000111010000100101100 8
0%
#11115000
1%
#11120000
b1 A
1:
b100001110 E
b111100 &
b111100 ;
1'
b10110000011001010000111001100000 8
0%
#11125000
1<
b1 A
1!
b111100 "
b111100 B
b1 D
b111101 5
b111101 /
1%
#11130000
b0 A
0:
b100001111 E
b1000110011110001000100010001 8
0'
b111101 .
0%
#11135000
0<
0!
b111100 )
1+
b0 D
b111101 4
b111101 ,
1%
#11140000
b100010000 E
b100111001100001100011101001110 8
0%
#11145000
0+
1%
#11150000
b100010001 E
b11010011000110110011101010100110 8
0%
#11155000
1%
#11160000
b1 A
1:
b100010010 E
0(
b111101 &
b111101 ;
1'
b11010010000101100100001010100100 8
0%
#11165000
b10 A
1!
b111101 "
b111101 B
b1 D
0*
b111110 5
b111110 /
1%
#11170000
b0 A
1<
0:
b100010011 E
1(
b1111000001110000110010111110000 8
0'
b111110 .
0%
#11175000
0<
0!
b111101 )
1*
1+
b0 D
b111110 4
b111110 ,
1%
#11180000
b100010100 E
0(
b11010001101110011010111010100011 8
0%
#11185000
0*
0+
1%
#11190000
b1 A
1:
b100010101 E
1(
b111110 &
b111110 ;
1'
b11111110101110011001111011111101 8
0%
#11195000
1<
b1 A
1!
1*
b111110 "
b111110 B
b1 D
b111111 5
b111111 /
1%
#11200000
b0 A
0:
b100010110 E
b11011001011111111100100110110 8
0'
b111111 .
0%
#11205000
0<
0!
b0 D
b111110 )
1+
b111111 4
b111111 ,
1%
#11210000
b100010111 E
b1101011110000001011001111010111 8
0%
#11215000
0+
1%
#11220000
b100011000 E
b110100111010101100110101101001 8
0%
#11225000
1%
#11230000
b100011001 E
b11001100110010100010111010011001 8
0%
#11235000
1%
#11240000
b100011010 E
b11010000011001001001001010100000 8
0%
#11245000
1%
#11250000
b100011011 E
b11100001110010101110100111000 8
0%
#11255000
1%
#11260000
b100011100 E
b11101100100011000111101011011001 8
0%
#11265000
1%
#11270000
b100011101 E
0(
b10001100101001000100100000011001 8
0%
#11275000
0*
1%
#11280000
b100011110 E
1(
b11101100111100100110111011011001 8
0%
#11285000
1*
1%
#11290000
b100011111 E
b10000110110111111100000000001101 8
0%
#11295000
1%
#11300000
b100100000 E
b11010001101100110001110010100011 8
0%
#11305000
1%
#11310000
b100100001 E
b1100110110010110100111111001101 8
0%
#11315000
1%
#11320000
b100100010 E
b1111100001000111110111111111000 8
0%
#11325000
1%
#11330000
b100100011 E
b11000010110111010100000010000101 8
0%
#11335000
1%
#11340000
b100100100 E
b10101100001111110001001001011000 8
0%
#11345000
1%
#11350000
b100100101 E
0(
b11001010011011101010000010010100 8
0%
#11355000
0*
1%
#11360000
b1 A
1:
b100100110 E
1(
b111111 &
b111111 ;
1'
b100010110011110111000101000101 8
0%
#11365000
1<
b1 A
1!
b111111 "
b111111 B
b1 D
1*
b1000000 5
b1000000 /
1%
#11370000
b0 A
0:
b100100111 E
b110110001110011101100001101 8
0'
b1000000 .
0%
#11375000
0<
0!
b111111 )
1+
b0 D
b1000000 4
b1000000 ,
1%
#11380000
b100101000 E
b10100010111001011101100101000 8
0%
#11385000
0+
1%
#11390000
b1 A
1:
b100101001 E
b1000000 &
b1000000 ;
1'
b10001010111010011001110000010101 8
0%
#11395000
1<
b1 A
1!
b1000000 "
b1000000 B
b1 D
b1000001 5
b1000001 /
1%
#11400000
b100101010 E
b1000001 &
b1000001 ;
b11011000110101110101011010110001 8
1'
b1000001 .
0%
#11405000
b1000001 "
b1000001 B
b1000000 )
1+
b1000001 4
b1000001 ,
b1000010 5
b1000010 /
1%
#11410000
b100101011 E
b1000010 &
b1000010 ;
b1011110000111110001000110111100 8
1'
b1000010 .
0%
#11415000
b1000001 )
b1000010 "
b1000010 B
b1000010 4
b1000010 ,
b1000011 5
b1000011 /
1%
#11420000
b0 A
0:
b100101100 E
b10000100000001000111010000001000 8
0'
b1000011 .
0%
#11425000
0<
0!
b0 D
b1000010 )
b1000011 4
b1000011 ,
1%
#11430000
b100101101 E
b10101101010000111010001001011010 8
0%
#11435000
0+
1%
#11440000
b100101110 E
b11010010101010100000000010100101 8
0%
#11445000
1%
#11450000
b100101111 E
b1110110100100010000100011101 8
0%
#11455000
1%
#11460000
b100110000 E
b10011000011110101010001000110000 8
0%
#11465000
1%
#11470000
b100110001 E
b11100101101100000001010011001011 8
0%
#11475000
1%
#11480000
b100110010 E
b10011010110000011100101000110101 8
0%
#11485000
1%
#11490000
b100110011 E
b10101110101110011100101001011101 8
0%
#11495000
1%
#11500000
b100110100 E
b10000011110011111010010000000111 8
0%
#11505000
1%
#11510000
b100110101 E
b11000101000011100101000010001010 8
0%
#11515000
1%
#11520000
b100110110 E
b1011011001001010001101110110110 8
0%
#11525000
1%
#11530000
b100110111 E
b11101001000110110111001011010010 8
0%
#11535000
1%
#11540000
b100111000 E
b10101110010111111101100001011100 8
0%
#11545000
1%
#11550000
b100111001 E
b10010110011010011011100000101100 8
0%
#11555000
1%
#11560000
b100111010 E
b1010110111001100100101110101101 8
0%
#11565000
1%
#11570000
b100111011 E
b11110100001010000111001011101000 8
0%
#11575000
1%
#11580000
b1 A
1:
b100111100 E
b1000011 &
b1000011 ;
1'
b10001000010100111001111000010000 8
0%
#11585000
1<
b1 A
1!
b1000011 "
b1000011 B
b1 D
b1000100 5
b1000100 /
1%
#11590000
b100111101 E
b1000100 &
b1000100 ;
b11101100011110011010110011011000 8
1'
b1000100 .
0%
#11595000
b1000011 )
1+
b1000100 "
b1000100 B
b1000100 4
b1000100 ,
b1000101 5
b1000101 /
1%
#11600000
b10 A
0<
b100111110 E
0(
b1000101 &
b1000101 ;
b10010011101000111100000000100111 8
1'
b1000101 .
0%
#11605000
0:
0#
b1000101 C
b1000101 "
b1000101 B
b10 D
b1000100 )
0*
b1000110 5
b1000110 /
1%
#11610000
b1 A
1<
b100111111 E
1(
b1001001010101101001100110010010 8
0%
#11615000
1:
b1 A
1#
b1000101 )
1*
b1 D
b1000101 4
b1000101 ,
b10101000 3
1%
#11620000
b0 A
0:
b101000000 E
b10111001010001111000110001110010 8
0'
b1000110 .
0%
#11625000
0<
0!
b0 D
b1000110 4
b1000110 ,
1%
#11630000
b1 A
1:
b101000001 E
b1000110 &
b1000110 ;
1'
b1010111100001101110111110101111 8
0%
#11635000
1<
b1 A
1!
0+
b1000110 "
b1000110 B
b1 D
b1000111 5
b1000111 /
1%
#11640000
b0 A
0:
b101000010 E
b11101001111110001011011011010011 8
0'
b1000111 .
0%
#11645000
0<
0!
b0 D
b1000110 )
1+
b1000111 4
b1000111 ,
1%
#11650000
b101000011 E
0(
b10011001010010000011010000110010 8
0%
#11655000
0*
0+
1%
#11660000
b101000100 E
b11100100011101100111011011001000 8
0%
#11665000
1%
#11670000
b101000101 E
1(
b1000010111001111010010110000101 8
0%
#11675000
1*
1%
#11680000
b101000110 E
0(
b1000010110001110110010110000101 8
0%
#11685000
0*
1%
#11690000
b101000111 E
1(
b10101011010111000011100001010110 8
0%
#11695000
1*
1%
#11700000
b1 A
1:
b101001000 E
b1000111 &
b1000111 ;
1'
b1101010101000011101111111010101 8
0%
#11705000
1<
b1 A
1!
b1000111 "
b1000111 B
b1 D
b1001000 5
b1001000 /
1%
#11710000
b101001001 E
b1001000 &
b1001000 ;
b11001011010000101010111010010110 8
1'
b1001000 .
0%
#11715000
b1000111 )
1+
b1001000 "
b1001000 B
b1001000 4
b1001000 ,
b1001001 5
b1001001 /
1%
#11720000
b101001010 E
b1001001 &
b1001001 ;
b1011110010000000000100010111 8
1'
b1001001 .
0%
#11725000
b1001001 "
b1001001 B
b1001000 )
b1001001 4
b1001001 ,
b1001010 5
b1001010 /
1%
#11730000
b101001011 E
b1001010 &
b1001010 ;
b11100001100110011000001011000011 8
1'
b1001010 .
0%
#11735000
b1001001 )
b1001010 "
b1001010 B
b1001010 4
b1001010 ,
b1001011 5
b1001011 /
1%
#11740000
b0 A
0:
b101001100 E
b101010001000111010011101010100 8
0'
b1001011 .
0%
#11745000
0<
0!
b0 D
b1001010 )
b1001011 4
b1001011 ,
1%
#11750000
b101001101 E
b11111010001111001111000011110100 8
0%
#11755000
0+
1%
#11760000
b101001110 E
b11001111101000100110101010011111 8
0%
#11765000
1%
#11770000
b101001111 E
0(
b11010010001000101111010010100100 8
0%
#11775000
0*
1%
#11780000
b1 A
1:
b101010000 E
1(
b1001011 &
b1001011 ;
1'
b1000001110100011010110110000011 8
0%
#11785000
1<
b1 A
1!
b1001011 "
b1001011 B
b1 D
1*
b1001100 5
b1001100 /
1%
#11790000
b101010001 E
b1001100 &
b1001100 ;
b1010101010101110100101110101010 8
1'
b1001100 .
0%
#11795000
b1001011 )
1+
b1001100 "
b1001100 B
b1001100 4
b1001100 ,
b1001101 5
b1001101 /
1%
#11800000
0<
0:
b101010010 E
0(
b1010111001110101000010110101110 8
0'
b1001101 .
0%
#11805000
b1001100 )
0*
1%
#11810000
b0 A
1<
b101010011 E
1(
b10110010101101110110111001100101 8
0%
#11815000
0<
0!
1*
b0 D
b1001101 4
b1001101 ,
1%
#11820000
b101010100 E
0(
b1001000011111011101001110010000 8
0%
#11825000
0*
0+
1%
#11830000
b101010101 E
b11000001011011101001101010000010 8
0%
#11835000
1%
#11840000
b101010110 E
b11001001100000010111100110010 8
0%
#11845000
1%
#11850000
b101010111 E
1(
b110100001100011100110101101000 8
0%
#11855000
1*
1%
#11860000
b1 A
1:
b101011000 E
b1001101 &
b1001101 ;
1'
b1110100011101011111011111101000 8
0%
#11865000
1<
b1 A
1!
b1001101 "
b1001101 B
b1 D
b1001110 5
b1001110 /
1%
#11870000
b0 A
0:
b101011001 E
b11010110001110111100001010101100 8
0'
b1001110 .
0%
#11875000
0<
0!
b1001101 )
1+
b0 D
b1001110 4
b1001110 ,
1%
#11880000
b101011010 E
b10011001010111110100011000110010 8
0%
#11885000
0+
1%
#11890000
b1 A
1:
b101011011 E
0(
b1001110 &
b1001110 ;
1'
b11001110000010001111010010011100 8
0%
#11895000
b10 A
1!
0*
b1001110 "
b1001110 B
b1 D
b1001111 5
b1001111 /
1%
#11900000
b0 A
1<
0:
b101011100 E
1(
b10110011000000111111101001100110 8
0'
b1001111 .
0%
#11905000
0<
0!
b0 D
b1001110 )
1*
1+
b1001111 4
b1001111 ,
1%
#11910000
b101011101 E
b10100001110100111010000001000011 8
0%
#11915000
0+
1%
#11920000
b1 A
1:
b101011110 E
0(
b1001111 &
b1001111 ;
1'
b10111000010111111010110001110000 8
0%
#11925000
b10 A
1!
b1001111 "
b1001111 B
b1 D
0*
b1010000 5
b1010000 /
1%
#11930000
b1 A
1<
b101011111 E
1(
b1010000 &
b1010000 ;
b1111001110011111100001111110011 8
1'
b1010000 .
0%
#11935000
b1001111 )
1*
1+
b1010000 "
b1010000 B
b1010000 4
b1010000 ,
b1010001 5
b1010001 /
1%
#11940000
b0 A
0:
b101100000 E
b10101111111011011011110001011111 8
0'
b1010001 .
0%
#11945000
0<
0!
b0 D
b1010000 )
b1010001 4
b1010001 ,
1%
#11950000
b101100001 E
b11011100001001110001010010111000 8
0%
#11955000
0+
1%
#11960000
b101100010 E
b11110011000001010100001011100110 8
0%
#11965000
1%
#11970000
b1 A
1:
b101100011 E
b1010001 &
b1010001 ;
1'
b11011110101101010001011010111101 8
0%
#11975000
1<
b1 A
1!
b1010001 "
b1010001 B
b1 D
b1010010 5
b1010010 /
1%
#11980000
b0 A
0:
b101100100 E
b11001100111101010001111010011001 8
0'
b1010010 .
0%
#11985000
0<
0!
b0 D
b1010001 )
1+
b1010010 4
b1010010 ,
1%
#11990000
b1 A
1:
b101100101 E
b1010010 &
b1010010 ;
1'
b10001010100000110000000000010101 8
0%
#11995000
1<
b1 A
1!
0+
b1010010 "
b1010010 B
b1 D
b1010011 5
b1010011 /
1%
#12000000
b0 A
0:
b101100110 E
b10010001110111111110100000100011 8
0'
b1010011 .
0%
#12005000
0<
0!
b0 D
b1010010 )
1+
b1010011 4
b1010011 ,
1%
#12010000
b101100111 E
b11101101000000111101001011011010 8
0%
#12015000
0+
1%
#12020000
b101101000 E
b1001010101111111111100010010 8
0%
#12025000
1%
#12030000
b101101001 E
b10011000100000100010100100110 8
0%
#12035000
1%
#12040000
b101101010 E
b11001000101110110111110010010001 8
0%
#12045000
1%
#12050000
b101101011 E
b11101001101000101101010011010011 8
0%
#12055000
1%
#12060000
b1 A
1:
b101101100 E
b1010011 &
b1010011 ;
1'
b11011001010100000011110010110010 8
0%
#12065000
1<
b1 A
1!
b1010011 "
b1010011 B
b1 D
b1010100 5
b1010100 /
1%
#12070000
b0 A
0:
b101101101 E
b11000000010100111011111010000000 8
0'
b1010100 .
0%
#12075000
0<
0!
b1010011 )
1+
b0 D
b1010100 4
b1010100 ,
1%
#12080000
b101101110 E
b11000110000111111101111010001100 8
0%
#12085000
0+
1%
#12090000
b1 A
1:
b101101111 E
b1010100 &
b1010100 ;
1'
b11101001100101001111111011010011 8
0%
#12095000
1<
b1 A
1!
b1010100 "
b1010100 B
b1 D
b1010101 5
b1010101 /
1%
#12100000
b0 A
0:
b101110000 E
b11101101100100111011110011011011 8
0'
b1010101 .
0%
#12105000
0<
0!
b0 D
b1010100 )
1+
b1010101 4
b1010101 ,
1%
#12110000
b101110001 E
b10110100101011100101000001101001 8
0%
#12115000
0+
1%
#12120000
b1 A
1:
b101110010 E
b1010101 &
b1010101 ;
1'
b10110010110100001111000001100101 8
0%
#12125000
1<
b1 A
1!
b1010101 "
b1010101 B
b1 D
b1010110 5
b1010110 /
1%
#12130000
b0 A
0:
b101110011 E
b10111101011110010010111001111010 8
0'
b1010110 .
0%
#12135000
0<
0!
b1010101 )
1+
b0 D
b1010110 4
b1010110 ,
1%
#12140000
b101110100 E
b11101010110101000101100011010101 8
0%
#12145000
0+
1%
#12150000
b101110101 E
b1001101110111001101100110011011 8
0%
#12155000
1%
#12160000
b101110110 E
b10100001010011101001001001000010 8
0%
#12165000
1%
#12170000
b101110111 E
b1001101000010100100011110011010 8
0%
#12175000
1%
#12180000
b101111000 E
0(
b10001001111111111011100100010 8
0%
#12185000
0*
1%
#12190000
b101111001 E
1(
b11111000011110000011100011110000 8
0%
#12195000
1*
1%
#12200000
b101111010 E
0(
b1101101010101001010001111011010 8
0%
#12205000
0*
1%
#12210000
b101111011 E
1(
b1100010100111110010011111000101 8
0%
#12215000
1*
1%
#12220000
b101111100 E
b11010100000000000111000010101000 8
0%
#12225000
1%
#12230000
b1 A
1:
b101111101 E
0(
b1010110 &
b1010110 ;
1'
b1110011011101010100111111100110 8
0%
#12235000
b10 A
1!
0*
b1010110 "
b1010110 B
b1 D
b1010111 5
b1010111 /
1%
#12240000
b1 A
1<
b101111110 E
1(
b1010111 &
b1010111 ;
b10001011010110110000000000010110 8
1'
b1010111 .
0%
#12245000
b1010111 "
b1010111 B
b1010110 )
1*
1+
b1010111 4
b1010111 ,
b1011000 5
b1011000 /
1%
#12250000
b0 A
0:
b101111111 E
b11100110101010101010110011001101 8
0'
b1011000 .
0%
#12255000
0<
0!
b1010111 )
b0 D
b1011000 4
b1011000 ,
1%
#12260000
b110000000 E
b1100000101110111010110111000001 8
0%
#12265000
0+
1%
#12270000
b110000001 E
0(
b10000011101001001111101000000111 8
0%
#12275000
0*
1%
#12280000
b1 A
1:
b110000010 E
1(
b1011000 &
b1011000 ;
1'
b11001000000101011000111010010000 8
0%
#12285000
1<
b1 A
1!
b1011000 "
b1011000 B
b1 D
1*
b1011001 5
b1011001 /
1%
#12290000
b0 A
0:
b110000011 E
b10001011001110111011100000010110 8
0'
b1011001 .
0%
#12295000
0<
0!
b1011000 )
1+
b0 D
b1011001 4
b1011001 ,
1%
#12300000
b110000100 E
b10111000100111000010100101110 8
0%
#12305000
0+
1%
#12310000
b110000101 E
b10111001101000001111100101110 8
0%
#12315000
1%
#12320000
b1 A
1:
b110000110 E
b1011001 &
b1011001 ;
1'
b11110111111101000010110011101111 8
0%
#12325000
1<
b1 A
1!
b1011001 "
b1011001 B
b1 D
b1011010 5
b1011010 /
1%
#12330000
b0 A
0:
b110000111 E
b11100111011111010010110011001110 8
0'
b1011010 .
0%
#12335000
0<
0!
b1011001 )
1+
b0 D
b1011010 4
b1011010 ,
1%
#12340000
b110001000 E
b11110000001001011101111011100000 8
0%
#12345000
0+
1%
#12350000
b1 A
1:
b110001001 E
b1011010 &
b1011010 ;
1'
b11011001001010111001101010110010 8
0%
#12355000
1<
b1 A
1!
b1011010 "
b1011010 B
b1 D
b1011011 5
b1011011 /
1%
#12360000
b110001010 E
b1011011 &
b1011011 ;
b10010110101000101011100000101101 8
1'
b1011011 .
0%
#12365000
b1011011 "
b1011011 B
b1011010 )
1+
b1011011 4
b1011011 ,
b1011100 5
b1011100 /
1%
#12370000
b0 A
0:
b110001011 E
b11001101011110011100000110 8
0'
b1011100 .
0%
#12375000
0<
0!
b1011011 )
b0 D
b1011100 4
b1011100 ,
1%
#12380000
b110001100 E
b11010110000011001001010010101100 8
0%
#12385000
0+
1%
#12390000
b110001101 E
b110100111100000100110101101001 8
0%
#12395000
1%
#12400000
b1 A
1:
b110001110 E
b1011100 &
b1011100 ;
1'
b1010110100010010001001110101101 8
0%
#12405000
1<
b1 A
1!
b1011100 "
b1011100 B
b1 D
b1011101 5
b1011101 /
1%
#12410000
b0 A
0:
b110001111 E
b1010010010010001100100110100100 8
0'
b1011101 .
0%
#12415000
0<
0!
b1011100 )
1+
b0 D
b1011101 4
b1011101 ,
1%
#12420000
b110010000 E
b11101011010111011000110011010110 8
0%
#12425000
0+
1%
#12430000
b1 A
1:
b110010001 E
b1011101 &
b1011101 ;
1'
b11001001110000110001011010010011 8
0%
#12435000
1<
b1 A
1!
b1011101 "
b1011101 B
b1 D
b1011110 5
b1011110 /
1%
#12440000
b0 A
0:
b110010010 E
b10100000010010110001110001000000 8
0'
b1011110 .
0%
#12445000
0<
0!
b0 D
b1011101 )
1+
b1011110 4
b1011110 ,
1%
#12450000
b110010011 E
b100000001101001011000101000000 8
0%
#12455000
0+
1%
#12460000
b110010100 E
b11000010101010101010000010000101 8
0%
#12465000
1%
#12470000
b110010101 E
b1001110010000001101011110011100 8
0%
#12475000
1%
#12480000
b1 A
1:
b110010110 E
b1011110 &
b1011110 ;
1'
b10010010001011010100000100 8
0%
#12485000
1<
b1 A
1!
b1011110 "
b1011110 B
b1 D
b1011111 5
b1011111 /
1%
#12490000
b0 A
0:
b110010111 E
b1101011100101001000000111010111 8
0'
b1011111 .
0%
#12495000
0<
0!
b1011110 )
1+
b0 D
b1011111 4
b1011111 ,
1%
#12500000
b110011000 E
b10000110000000011011011000001100 8
0%
#12505000
0+
1%
#12510000
b110011001 E
b11100011111000100110110011000111 8
0%
#12515000
1%
#12520000
b110011010 E
0(
b10010000000111011011110000100000 8
0%
#12525000
0*
1%
#12530000
b110011011 E
b110001100111110001100101100011 8
0%
#12535000
1%
#12540000
b110011100 E
b1110011011001010100100011100 8
0%
#12545000
1%
#12550000
b1 A
1:
b110011101 E
1(
b1011111 &
b1011111 ;
1'
b11011010011111001011110010110100 8
0%
#12555000
1<
b1 A
1!
1*
b1011111 "
b1011111 B
b1 D
b1100000 5
b1100000 /
1%
#12560000
b10 A
0<
b110011110 E
0(
b1100000 &
b1100000 ;
b110010001000100001010101100100 8
1'
b1100000 .
0%
#12565000
0:
0#
b1100000 C
b1100000 "
b1100000 B
b10 D
b1011111 )
0*
1+
b1100001 5
b1100001 /
1%
#12570000
b110011111 E
b11110011001011000011001011100110 8
0%
#12575000
b1100000 )
b10101001 3
1%
#12580000
b110100000 E
b101001101001110101010101010011 8
0%
#12585000
1%
#12590000
b1 A
1<
b110100001 E
1(
b101110000000011111110101011100 8
0%
#12595000
1:
b1 A
1#
1*
b1 D
b1100000 4
b1100000 ,
b10101010 3
1%
#12600000
b110100010 E
b1100001 &
b1100001 ;
b10100101011000001001000001001010 8
1'
b1100001 .
0%
#12605000
b1100001 "
b1100001 B
b1100001 4
b1100001 ,
b1100010 5
b1100010 /
1%
#12610000
b0 A
0:
b110100011 E
b11001000100101001011101010010001 8
0'
b1100010 .
0%
#12615000
0<
0!
b1100001 )
b0 D
b1100010 4
b1100010 ,
1%
#12620000
b110100100 E
0(
b11000100101110000001001010001001 8
0%
#12625000
0*
0+
1%
#12630000
b110100101 E
1(
b10110010101110001101101001100101 8
0%
#12635000
1*
1%
#12640000
b110100110 E
b10010111110111001110010000101111 8
0%
#12645000
1%
#12650000
b110100111 E
b11001101111101110110101010011011 8
0%
#12655000
1%
#12660000
b110101000 E
0(
b10001001010010011111010000010010 8
0%
#12665000
0*
1%
#12670000
b110101001 E
1(
b11110000110010000011010011100001 8
0%
#12675000
1*
1%
#12680000
b110101010 E
b1001010001101101110110110010100 8
0%
#12685000
1%
#12690000
b110101011 E
b1000110010111011100011110001100 8
0%
#12695000
1%
#12700000
b110101100 E
b110010010001000011101101100100 8
0%
#12705000
1%
#12710000
b110101101 E
b11101001001100010110101011010010 8
0%
#12715000
1%
#12720000
b110101110 E
b10000111111001110000100000001111 8
0%
#12725000
1%
#12730000
b110101111 E
b1000100010011110010110110001000 8
0%
#12735000
1%
#12740000
b110110000 E
b11101100101010100001100111011 8
0%
#12745000
1%
#12750000
b110110001 E
b10000111011000011101101000001110 8
0%
#12755000
1%
#12760000
b110110010 E
b1101111101100011001011111011111 8
0%
#12765000
1%
#12770000
b110110011 E
b111001011111101111111101110010 8
0%
#12775000
1%
#12780000
b1 A
1:
b110110100 E
b1100010 &
b1100010 ;
1'
b101111001101110110111101011110 8
0%
#12785000
1<
b1 A
1!
b1100010 "
b1100010 B
b1 D
b1100011 5
b1100011 /
1%
#12790000
0<
0:
b110110101 E
0(
b10110110101100101110011001101101 8
0'
b1100011 .
0%
#12795000
b1100010 )
0*
1+
1%
#12800000
b110110110 E
b11100101001001101111011011001010 8
0%
#12805000
1%
#12810000
b0 A
1<
b110110111 E
1(
b100100010011001001110101001000 8
0%
#12815000
0<
0!
1*
b0 D
b1100011 4
b1100011 ,
1%
#12820000
b110111000 E
b11010101100010001110100110101 8
0%
#12825000
0+
1%
#12830000
b110111001 E
b100111111010011110110101001111 8
0%
#12835000
1%
#12840000
b110111010 E
b110010001000111000101101100100 8
0%
#12845000
1%
#12850000
b110111011 E
b1101101010000110110010111011010 8
0%
#12855000
1%
#12860000
b110111100 E
b11011100100101001010111010111001 8
0%
#12865000
1%
#12870000
b110111101 E
0(
b11000110101110000100111010001101 8
0%
#12875000
0*
1%
#12880000
b110111110 E
1(
b11011000010011111011001010110000 8
0%
#12885000
1*
1%
#12890000
b110111111 E
b1110100100110101011011111101001 8
0%
#12895000
1%
#12900000
b111000000 E
b1100100000000001000001111001000 8
0%
#12905000
1%
#12910000
b1 A
1:
b111000001 E
b1100011 &
b1100011 ;
1'
b11011111001110110110101010111110 8
0%
#12915000
1<
b1 A
1!
b1100011 "
b1100011 B
b1 D
b1100100 5
b1100100 /
1%
#12920000
b0 A
0:
b111000010 E
b10010010100111111100110000100101 8
0'
b1100100 .
0%
#12925000
0<
0!
b0 D
b1100011 )
1+
b1100100 4
b1100100 ,
1%
#12930000
b111000011 E
b11001111101101011111010010011111 8
0%
#12935000
0+
1%
#12940000
b1 A
1:
b111000100 E
b1100100 &
b1100100 ;
1'
b1101100000111101111101111011000 8
0%
#12945000
1<
b1 A
1!
b1100100 "
b1100100 B
b1 D
b1100101 5
b1100101 /
1%
#12950000
b111000101 E
b1100101 &
b1100101 ;
b11110011011111001010001011100110 8
1'
b1100101 .
0%
#12955000
b1100100 )
1+
b1100101 "
b1100101 B
b1100101 4
b1100101 ,
b1100110 5
b1100110 /
1%
#12960000
b0 A
0:
b111000110 E
b10000110110101000011101000001101 8
0'
b1100110 .
0%
#12965000
0<
0!
b0 D
b1100101 )
b1100110 4
b1100110 ,
1%
#12970000
b111000111 E
b110110101001000111111101101101 8
0%
#12975000
0+
1%
#12980000
b111001000 E
0(
b10000101101001100111010000001011 8
0%
#12985000
0*
1%
#12990000
b111001001 E
1(
b1000000111100010101010110000001 8
0%
#12995000
1*
1%
#13000000
b111001010 E
b10100110111110010101101001001101 8
0%
#13005000
1%
#13010000
b111001011 E
0(
b100001101000011011000101000011 8
0%
#13015000
0*
1%
#13020000
b111001100 E
1(
b1010000010110010101001110100000 8
0%
#13025000
1*
1%
#13030000
b111001101 E
b11110101111110101110000011101011 8
0%
#13035000
1%
#13040000
b111001110 E
0(
b1000010111001111000110110000101 8
0%
#13045000
0*
1%
#13050000
b1 A
1:
b111001111 E
1(
b1100110 &
b1100110 ;
1'
b10110100101001111000100101101 8
0%
#13055000
1<
b1 A
1!
1*
b1100110 "
b1100110 B
b1 D
b1100111 5
b1100111 /
1%
#13060000
b0 A
0:
b111010000 E
b11100100100001011111001011001001 8
0'
b1100111 .
0%
#13065000
0<
0!
b0 D
b1100110 )
1+
b1100111 4
b1100111 ,
1%
#13070000
b111010001 E
b10111011001101010101100101110 8
0%
#13075000
0+
1%
#13080000
b111010010 E
b11001001110000110011001010010011 8
0%
#13085000
1%
#13090000
b111010011 E
b10100110100100011001101001001101 8
0%
#13095000
1%
#13100000
b111010100 E
b1101100100001101011011111011001 8
0%
#13105000
1%
#13110000
b1 A
1:
b111010101 E
b1100111 &
b1100111 ;
1'
b10101111011100000110100101011 8
0%
#13115000
1<
b1 A
1!
b1100111 "
b1100111 B
b1 D
b1101000 5
b1101000 /
1%
#13120000
0<
0:
b111010110 E
0(
b10111011011111001010110001110110 8
0'
b1101000 .
0%
#13125000
b1100111 )
0*
1+
1%
#13130000
1<
1:
b111010111 E
1(
b1101000 &
b1101000 ;
1'
b11011010101110000111100110110 8
0%
#13135000
1*
b1101000 "
b1101000 B
b1101000 4
b1101000 ,
b1101001 5
b1101001 /
1%
#13140000
b0 A
0:
b111011000 E
b11101110010000011111111011011100 8
0'
b1101001 .
0%
#13145000
0<
0!
b0 D
b1101000 )
b1101001 4
b1101001 ,
1%
#13150000
b1 A
1:
b111011001 E
b1101001 &
b1101001 ;
1'
b10011101101100110101100100111 8
0%
#13155000
1<
b1 A
1!
0+
b1101001 "
b1101001 B
b1 D
b1101010 5
b1101010 /
1%
#13160000
b0 A
0:
b111011010 E
b11001010010100000101100010010100 8
0'
b1101010 .
0%
#13165000
0<
0!
b0 D
b1101001 )
1+
b1101010 4
b1101010 ,
1%
#13170000
b111011011 E
b11010100110100001010111010101001 8
0%
#13175000
0+
1%
#13180000
b1 A
1:
b111011100 E
b1101010 &
b1101010 ;
1'
b1000100101010100010011110001001 8
0%
#13185000
1<
b1 A
1!
b1101010 "
b1101010 B
b1 D
b1101011 5
b1101011 /
1%
#13190000
b0 A
0:
b111011101 E
b11011001110100010010010010110011 8
0'
b1101011 .
0%
#13195000
0<
0!
b1101010 )
1+
b0 D
b1101011 4
b1101011 ,
1%
#13200000
b111011110 E
b101100010001101001011101011000 8
0%
#13205000
0+
1%
#13210000
b111011111 E
b1010110100101011101101110101101 8
0%
#13215000
1%
#13220000
b111100000 E
b1001001001111011001010110010010 8
0%
#13225000
1%
#13230000
b111100001 E
b1111101101110111001100111111011 8
0%
#13235000
1%
#13240000
b111100010 E
0(
b11100101100111100100100111001 8
0%
#13245000
0*
1%
#13250000
b111100011 E
1(
b101011010011110111100001010 8
0%
#13255000
1*
1%
#13260000
b111100100 E
b101101100001101010001101011011 8
0%
#13265000
1%
#13270000
b1 A
1:
b111100101 E
b1101011 &
b1101011 ;
1'
b10110110110111110010100001101101 8
0%
#13275000
1<
b1 A
1!
b1101011 "
b1101011 B
b1 D
b1101100 5
b1101100 /
1%
#13280000
b111100110 E
b1101100 &
b1101100 ;
b10001101101110000100111000011011 8
1'
b1101100 .
0%
#13285000
b1101100 "
b1101100 B
b1101011 )
1+
b1101100 4
b1101100 ,
b1101101 5
b1101101 /
1%
#13290000
b0 A
0:
b111100111 E
b10010100101111000101000000101001 8
0'
b1101101 .
0%
#13295000
0<
0!
b1101100 )
b0 D
b1101101 4
b1101101 ,
1%
#13300000
b111101000 E
0(
b100100110111011011100001001 8
0%
#13305000
0*
0+
1%
#13310000
b111101001 E
1(
b11100100000100010011001011001000 8
0%
#13315000
1*
1%
#13320000
b111101010 E
b1001110000001000011100010011 8
0%
#13325000
1%
#13330000
b1 A
1:
b111101011 E
b1101101 &
b1101101 ;
1'
b100100001010000101110101001000 8
0%
#13335000
1<
b1 A
1!
b1101101 "
b1101101 B
b1 D
b1101110 5
b1101110 /
1%
#13340000
b0 A
0:
b111101100 E
b1111100100111110010110111111001 8
0'
b1101110 .
0%
#13345000
0<
0!
b0 D
b1101101 )
1+
b1101110 4
b1101110 ,
1%
#13350000
b111101101 E
b11000001000100110001100010000010 8
0%
#13355000
0+
1%
#13360000
b111101110 E
b11000101000001001101000010001010 8
0%
#13365000
1%
#13370000
b1 A
1:
b111101111 E
b1101110 &
b1101110 ;
1'
b1100111101010111001100011001 8
0%
#13375000
1<
b1 A
1!
b1101110 "
b1101110 B
b1 D
b1101111 5
b1101111 /
1%
#13380000
0<
0:
b111110000 E
0(
b11001000001111110110010010010000 8
0'
b1101111 .
0%
#13385000
b1101110 )
0*
1+
1%
#13390000
b111110001 E
b11001100000100100011100010011000 8
0%
#13395000
1%
#13400000
b0 A
1<
b111110010 E
1(
b11011111000010011001000010111110 8
0%
#13405000
0<
0!
b0 D
1*
b1101111 4
b1101111 ,
1%
#13410000
b111110011 E
b1011111100101101111010110111111 8
0%
#13415000
0+
1%
#13420000
b111110100 E
b10111000001101101100000001110000 8
0%
#13425000
1%
#13430000
b111110101 E
b1011011001001111111010110110110 8
0%
#13435000
1%
#13440000
b111110110 E
b11010100000111110010000010101000 8
0%
#13445000
1%
#13450000
b111110111 E
b10001001011000100001100100010 8
0%
#13455000
1%
#13460000
b111111000 E
b100110010111001111100001001 8
0%
#13465000
1%
#13470000
b1 A
1:
b111111001 E
b1101111 &
b1101111 ;
1'
b1100001110110011010101111000011 8
0%
#13475000
1<
b1 A
1!
b1101111 "
b1101111 B
b1 D
b1110000 5
b1110000 /
1%
#13480000
b0 A
0:
b111111010 E
b11110111000011110010100111101 8
0'
b1110000 .
0%
#13485000
0<
0!
b0 D
b1101111 )
1+
b1110000 4
b1110000 ,
1%
#13490000
b111111011 E
b11011001000000001011101010110010 8
0%
#13495000
0+
1%
#13500000
b111111100 E
b11000111010100000110000010001110 8
0%
#13505000
1%
#13510000
b111111101 E
b11100110100110001011110011001101 8
0%
#13515000
1%
#13520000
b1 A
1:
b111111110 E
b1110000 &
b1110000 ;
1'
b1001101110100011110100010011 8
0%
#13525000
1<
b1 A
1!
b1110000 "
b1110000 B
b1 D
b1110001 5
b1110001 /
1%
#13530000
b0 A
0:
b111111111 E
b10111110000010111011110001111100 8
0'
b1110001 .
0%
#13535000
0<
0!
b1110000 )
1+
b0 D
b1110001 4
b1110001 ,
1%
#13540000
b1000000000 E
b100011101000110110010101000111 8
0%
#13545000
0+
1%
#13550000
b1000000001 E
b101000010000101000100101010000 8
0%
#13555000
1%
#13560000
b1000000010 E
b10110000010111001000011001100000 8
0%
#13565000
1%
#13570000
b1000000011 E
b1010100011100001010101110101000 8
0%
#13575000
1%
#13580000
b1000000100 E
b100001101011110000110101000011 8
0%
#13585000
1%
#13590000
b1000000101 E
b1110011101000000110111111100111 8
0%
#13595000
1%
#13600000
b1000000110 E
b110001010010010010001101100010 8
0%
#13605000
1%
#13610000
b1000000111 E
0(
b10101010111111101110001001010101 8
0%
#13615000
0*
1%
#13620000
b1000001000 E
b10110110111010011011011001101101 8
0%
#13625000
1%
#13630000
b1000001001 E
1(
b10101000111001111101001001010001 8
0%
#13635000
1*
1%
#13640000
b1 A
1:
b1000001010 E
b1110001 &
b1110001 ;
1'
b1111010011000111001100011110 8
0%
#13645000
1<
b1 A
1!
b1110001 "
b1110001 B
b1 D
b1110010 5
b1110010 /
1%
#13650000
b1000001011 E
b1110010 &
b1110010 ;
b11101000101100011100011011010001 8
1'
b1110010 .
0%
#13655000
b1110001 )
1+
b1110010 "
b1110010 B
b1110010 4
b1110010 ,
b1110011 5
b1110011 /
1%
#13660000
b1000001100 E
b1110011 &
b1110011 ;
b11111111110101011100010011111111 8
1'
b1110011 .
0%
#13665000
b1110011 "
b1110011 B
b1110010 )
b1110011 4
b1110011 ,
b1110100 5
b1110100 /
1%
#13670000
b1000001101 E
b1110100 &
b1110100 ;
b1110001001110100000111111100010 8
1'
b1110100 .
0%
#13675000
b1110011 )
b1110100 "
b1110100 B
b1110100 4
b1110100 ,
b1110101 5
b1110101 /
1%
#13680000
b1000001110 E
b1110101 &
b1110101 ;
b11000010111111101101011010000101 8
1'
b1110101 .
0%
#13685000
b1110101 "
b1110101 B
b1110100 )
b1110101 4
b1110101 ,
b1110110 5
b1110110 /
1%
#13690000
b0 A
0:
b1000001111 E
b10011010001100001011011000110100 8
0'
b1110110 .
0%
#13695000
0<
0!
b1110101 )
b0 D
b1110110 4
b1110110 ,
1%
#13700000
b1 A
1:
b1000010000 E
b1110110 &
b1110110 ;
1'
b10101001100000011001010001010011 8
0%
#13705000
1<
b1 A
1!
b1110110 "
b1110110 B
b1 D
0+
b1110111 5
b1110111 /
1%
#13710000
b10 A
0<
b1000010001 E
0(
b1110111 &
b1110111 ;
b100100001001001000011101001000 8
1'
b1110111 .
0%
#13715000
0:
0#
b1110110 )
0*
1+
b1110111 C
b1110111 "
b1110111 B
b10 D
b1111000 5
b1111000 /
1%
#13720000
b1 A
1<
b1000010010 E
1(
b1010001110100100100101110100011 8
0%
#13725000
1:
b1 A
1#
b1 D
b1110111 )
1*
b1110111 4
b1110111 ,
b10101100 3
1%
#13730000
0<
0:
b1000010011 E
0(
b10101010011111111010110001010100 8
0'
b1111000 .
0%
#13735000
0*
1%
#13740000
b1000010100 E
b1110100000110010100110111101000 8
0%
#13745000
1%
#13750000
b0 A
1<
b1000010101 E
1(
b111101111001000011100101111011 8
0%
#13755000
0<
0!
1*
b0 D
b1111000 4
b1111000 ,
1%
#13760000
b1000010110 E
b11010100000000010100000010101000 8
0%
#13765000
0+
1%
#13770000
b1000010111 E
b10101010011010100100110001010100 8
0%
#13775000
1%
#13780000
b1000011000 E
b11001001110001101100010010010011 8
0%
#13785000
1%
#13790000
b1000011001 E
b10100001101011101110100001000011 8
0%
#13795000
1%
#13800000
b1000011010 E
b11000011101101100011010010000111 8
0%
#13805000
1%
#13810000
b1000011011 E
b10100000010101001100010001000000 8
0%
#13815000
1%
#13820000
b1000011100 E
b1011010100001111010110110110101 8
0%
#13825000
1%
#13830000
b1000011101 E
b10011000110000000101111000110001 8
0%
#13835000
1%
#13840000
b1 A
1:
b1000011110 E
b1111000 &
b1111000 ;
1'
b1010001011110110000100110100010 8
0%
#13845000
1<
b1 A
1!
b1111000 "
b1111000 B
b1 D
b1111001 5
b1111001 /
1%
#13850000
0<
0:
b1000011111 E
0(
b11011111100100111111001010111111 8
0'
b1111001 .
0%
#13855000
b1111000 )
0*
1+
1%
#13860000
b0 A
1<
b1000100000 E
1(
b10011110001100111110001000111100 8
0%
#13865000
0<
0!
b0 D
1*
b1111001 4
b1111001 ,
1%
#13870000
b1000100001 E
b11010101111010110111110010101011 8
0%
#13875000
0+
1%
#13880000
b1000100010 E
b1010100010101011001101110101000 8
0%
#13885000
1%
#13890000
b1000100011 E
b10001101010110001011100000011010 8
0%
#13895000
1%
#13900000
b1 A
1:
b1000100100 E
0(
b1111001 &
b1111001 ;
1'
b10000110111110100100100100001 8
0%
#13905000
b10 A
1!
b1111001 "
b1111001 B
b1 D
0*
b1111010 5
b1111010 /
1%
#13910000
b0 A
1<
0:
b1000100101 E
1(
b1100001100111110010000111000011 8
0'
b1111010 .
0%
#13915000
0<
0!
b1111001 )
1*
1+
b0 D
b1111010 4
b1111010 ,
1%
#13920000
b1000100110 E
0(
b1000001010001111100110110000010 8
0%
#13925000
0*
0+
1%
#13930000
b1000100111 E
1(
b1000100001011111111010110001000 8
0%
#13935000
1*
1%
#13940000
b1 A
1:
b1000101000 E
b1111010 &
b1111010 ;
1'
b1100010010110011011111111000100 8
0%
#13945000
1<
b1 A
1!
b1111010 "
b1111010 B
b1 D
b1111011 5
b1111011 /
1%
#13950000
b0 A
0:
b1000101001 E
b110101011001100010110101101010 8
0'
b1111011 .
0%
#13955000
0<
0!
b1111010 )
1+
b0 D
b1111011 4
b1111011 ,
1%
#13960000
b1 A
1:
b1000101010 E
b1111011 &
b1111011 ;
1'
b10010110011110111110100100101 8
0%
#13965000
1<
b1 A
1!
b1111011 "
b1111011 B
b1 D
0+
b1111100 5
b1111100 /
1%
#13970000
b0 A
0:
b1000101011 E
b100111100000101000011101001111 8
0'
b1111100 .
0%
#13975000
0<
0!
b1111011 )
1+
b0 D
b1111100 4
b1111100 ,
1%
#13980000
b1000101100 E
b10010101101011110010001000101011 8
0%
#13985000
0+
1%
#13990000
b1 A
1:
b1000101101 E
b1111100 &
b1111100 ;
1'
b1000111011001110111111110001110 8
0%
#13995000
1<
b1 A
1!
b1111100 "
b1111100 B
b1 D
b1111101 5
b1111101 /
1%
#14000000
b1000101110 E
b1111101 &
b1111101 ;
b100000011001101000110101000000 8
1'
b1111101 .
0%
#14005000
b1111101 "
b1111101 B
b1111100 )
1+
b1111101 4
b1111101 ,
b1111110 5
b1111110 /
1%
#14010000
b0 A
0:
b1000101111 E
b1100111000101010101000111001110 8
0'
b1111110 .
0%
#14015000
0<
0!
b1111101 )
b0 D
b1111110 4
b1111110 ,
1%
#14020000
b1000110000 E
b10000101001110101010100100001 8
0%
#14025000
0+
1%
#14030000
b1000110001 E
b101111001011111100100001011 8
0%
#14035000
1%
#14040000
b1 A
1:
b1000110010 E
b1111110 &
b1111110 ;
1'
b11100110000000101101101011001100 8
0%
#14045000
1<
b1 A
1!
b1111110 "
b1111110 B
b1 D
b1111111 5
b1111111 /
1%
#14050000
b0 A
0:
b1000110011 E
b110010100010010011001101100101 8
0'
b1111111 .
0%
#14055000
0<
0!
b1111110 )
1+
b0 D
b1111111 4
b1111111 ,
1%
#14060000
b1 A
1:
b1000110100 E
b1111111 &
b1111111 ;
1'
b10011011010001100011011000110110 8
0%
#14065000
1<
b1 A
1!
b1111111 "
b1111111 B
b1 D
0+
b10000000 5
b10000000 /
1%
#14070000
b0 A
0:
b1000110101 E
b1000010110000000111101110000101 8
0'
b10000000 .
0%
#14075000
0<
0!
b1111111 )
1+
b0 D
b10000000 4
b10000000 ,
1%
#14080000
b1000110110 E
b10111011100101100100100001110111 8
0%
#14085000
0+
1%
#14090000
b1000110111 E
0(
b11100110110110000101100111001 8
0%
#14095000
0*
1%
#14100000
b1000111000 E
1(
b1001111010010111010100110011110 8
0%
#14105000
1*
1%
#14110000
b1000111001 E
b10001110111100011110001000011101 8
0%
#14115000
1%
#14120000
b1000111010 E
b1111100100011101011010111111001 8
0%
#14125000
1%
#14130000
b1000111011 E
b11101111111000111011101011011111 8
0%
#14135000
1%
#14140000
b1000111100 E
b1110111101100111000100111101111 8
0%
#14145000
1%
#14150000
b1 A
1:
b1000111101 E
b10000000 &
b10000000 ;
1'
b110000100010001000100001100 8
0%
#14155000
1<
b1 A
1!
b10000000 "
b10000000 B
b1 D
b10000001 5
b10000001 /
1%
#14160000
0<
0:
b1000111110 E
0(
b11111010101100000000100111110 8
0'
b10000001 .
0%
#14165000
b10000000 )
0*
1+
1%
#14170000
b0 A
1<
b1000111111 E
1(
b11101111110110000010000011011111 8
0%
#14175000
0<
0!
1*
b0 D
b10000001 4
b10000001 ,
1%
#14180000
b1001000000 E
b1100000001101011011011111000000 8
0%
#14185000
0+
1%
#14190000
b1001000001 E
b10001001110100001110011000010011 8
0%
#14195000
1%
#14200000
b1 A
1:
b1001000010 E
b10000001 &
b10000001 ;
1'
b111100110100100000101101111001 8
0%
#14205000
1<
b1 A
1!
b10000001 "
b10000001 B
b1 D
b10000010 5
b10000010 /
1%
#14210000
0<
0:
b1001000011 E
0(
b10001110110010010001110000011101 8
0'
b10000010 .
0%
#14215000
b10000001 )
0*
1+
1%
#14220000
b0 A
1<
b1001000100 E
1(
b10100110001100001010100101001 8
0%
#14225000
0<
0!
b0 D
1*
b10000010 4
b10000010 ,
1%
#14230000
b1001000101 E
b1101101100000000100001111011011 8
0%
#14235000
0+
1%
#14240000
b1001000110 E
b10000111111001001011010000001111 8
0%
#14245000
1%
#14250000
b1 A
1:
b1001000111 E
b10000010 &
b10000010 ;
1'
b10010000001000111001001000100000 8
0%
#14255000
1<
b1 A
1!
b10000010 "
b10000010 B
b1 D
b10000011 5
b10000011 /
1%
#14260000
b0 A
0:
b1001001000 E
b10001000101001000001100100010 8
0'
b10000011 .
0%
#14265000
0<
0!
b0 D
b10000010 )
1+
b10000011 4
b10000011 ,
1%
#14270000
b1001001001 E
b10010001100010100000011000100011 8
0%
#14275000
0+
1%
#14280000
b1001001010 E
b110100111010111101110101101001 8
0%
#14285000
1%
#14290000
b1001001011 E
b10011100001100000101110000111000 8
0%
#14295000
1%
#14300000
b1001001100 E
b11100000000011001101111011000000 8
0%
#14305000
1%
#14310000
b1001001101 E
b11101110111101010001000011011101 8
0%
#14315000
1%
#14320000
b1001001110 E
b1010001010000010110010110100010 8
0%
#14325000
1%
#14330000
b1001001111 E
b1000011100101000101111110000111 8
0%
#14335000
1%
#14340000
b1001010000 E
0(
b10101011010101110000100001010110 8
0%
#14345000
0*
1%
#14350000
b1001010001 E
1(
b10010010111001000100001000100101 8
0%
#14355000
1*
1%
#14360000
b1001010010 E
b1010101110110010101100010101 8
0%
#14365000
1%
#14370000
b1001010011 E
b1110010110100000111100111100101 8
0%
#14375000
1%
#14380000
b1001010100 E
b10111010110101101110001001110101 8
0%
#14385000
1%
#14390000
b1 A
1:
b1001010101 E
b10000011 &
b10000011 ;
1'
b1010000101100111110100010100 8
0%
#14395000
1<
b1 A
1!
b10000011 "
b10000011 B
b1 D
b10000100 5
b10000100 /
1%
#14400000
b1001010110 E
b10000100 &
b10000100 ;
b11100111001010110001000011001110 8
1'
b10000100 .
0%
#14405000
b10000100 "
b10000100 B
b10000011 )
1+
b10000100 4
b10000100 ,
b10000101 5
b10000101 /
1%
#14410000
b0 A
0:
b1001010111 E
b1010101110000011000100110101011 8
0'
b10000101 .
0%
#14415000
0<
0!
b10000100 )
b0 D
b10000101 4
b10000101 ,
1%
#14420000
b1001011000 E
b11100100001011000100110011001000 8
0%
#14425000
0+
1%
#14430000
b1001011001 E
b111100011001101001101101111000 8
0%
#14435000
1%
#14440000
b1001011010 E
b11101011110111101111010011010111 8
0%
#14445000
1%
#14450000
b1001011011 E
b10101011001000000111000001010110 8
0%
#14455000
1%
#14460000
b1001011100 E
0(
b11101010001100110010010011010100 8
0%
#14465000
0*
1%
#14470000
b1001011101 E
1(
b10111000010010111000001001110000 8
0%
#14475000
1*
1%
#14480000
b1001011110 E
b10110101001000001011100001101010 8
0%
#14485000
1%
#14490000
b1001011111 E
b10001000000000100000111000010000 8
0%
#14495000
1%
#14500000
b1 A
1:
b1001100000 E
b10000101 &
b10000101 ;
1'
b11001100100000110100101010011001 8
0%
#14505000
1<
b1 A
1!
b10000101 "
b10000101 B
b1 D
b10000110 5
b10000110 /
1%
#14510000
0<
0:
b1001100001 E
0(
b1101110010110000001000111011100 8
0'
b10000110 .
0%
#14515000
b10000101 )
0*
1+
1%
#14520000
b1001100010 E
b1111101101101100011101111111011 8
0%
#14525000
1%
#14530000
b0 A
1<
b1001100011 E
1(
b10001011010101110100001000010110 8
0%
#14535000
0<
0!
1*
b0 D
b10000110 4
b10000110 ,
1%
#14540000
b1001100100 E
b110111100001010000100001101 8
0%
#14545000
0+
1%
#14550000
b1001100101 E
b11011100101110110010010010111001 8
0%
#14555000
1%
#14560000
b1001100110 E
b10110011000010101110100101100 8
0%
#14565000
1%
#14570000
b1001100111 E
b10000001011011001110111000000010 8
0%
#14575000
1%
#14580000
b1001101000 E
b11000001000010110000011010000010 8
0%
#14585000
1%
#14590000
b1001101001 E
b10101010101111111010000001010101 8
0%
#14595000
1%
#14600000
b1 A
1:
b1001101010 E
b10000110 &
b10000110 ;
1'
b11001101010111111111110010011010 8
0%
#14605000
1<
b1 A
1!
b10000110 "
b10000110 B
b1 D
b10000111 5
b10000111 /
1%
#14610000
0<
0:
b1001101011 E
0(
b1110111011010111111001111101110 8
0'
b10000111 .
0%
#14615000
b10000110 )
0*
1+
1%
#14620000
1<
1:
b1001101100 E
1(
b10000111 &
b10000111 ;
1'
b11101101100111100101101011011011 8
0%
#14625000
b10000111 "
b10000111 B
1*
b10000111 4
b10000111 ,
b10001000 5
b10001000 /
1%
#14630000
0<
0:
b1001101101 E
0(
b10110100010011000110001001101000 8
0'
b10001000 .
0%
#14635000
b10000111 )
0*
1%
#14640000
b0 A
1<
b1001101110 E
1(
b1000101111010111111101110001011 8
0%
#14645000
0<
0!
b0 D
1*
b10001000 4
b10001000 ,
1%
#14650000
b1001101111 E
b111110110110010010110101111101 8
0%
#14655000
0+
1%
#14660000
b1001110000 E
b1011010001100100111110110110100 8
0%
#14665000
1%
#14670000
b1001110001 E
b10000101011001000100110000001010 8
0%
#14675000
1%
#14680000
b1001110010 E
b111111101110110011101101111111 8
0%
#14685000
1%
#14690000
b1001110011 E
0(
b1100001000101010111111111000010 8
0%
#14695000
0*
1%
#14700000
b1 A
1:
b1001110100 E
1(
b10001000 &
b10001000 ;
1'
b10101110100010110100111001011101 8
0%
#14705000
1<
b1 A
1!
b10001000 "
b10001000 B
b1 D
1*
b10001001 5
b10001001 /
1%
#14710000
b0 A
0:
b1001110101 E
b1000101101001100011110110001011 8
0'
b10001001 .
0%
#14715000
0<
0!
b10001000 )
1+
b0 D
b10001001 4
b10001001 ,
1%
#14720000
b1001110110 E
b1001110011111111001011110011100 8
0%
#14725000
0+
1%
#14730000
b1001110111 E
b10000010110111011100011000000101 8
0%
#14735000
1%
#14740000
b1001111000 E
0(
b1011100001010001011000110111000 8
0%
#14745000
0*
1%
#14750000
b1 A
1:
b1001111001 E
1(
b10001001 &
b10001001 ;
1'
b10011110011010001010100100111 8
0%
#14755000
1<
b1 A
1!
1*
b10001001 "
b10001001 B
b1 D
b10001010 5
b10001010 /
1%
#14760000
0<
0:
b1001111010 E
0(
b10000001011001101111010000000010 8
0'
b10001010 .
0%
#14765000
b10001001 )
0*
1+
1%
#14770000
b0 A
1<
b1001111011 E
1(
b110111110010101110011101101111 8
0%
#14775000
0<
0!
1*
b0 D
b10001010 4
b10001010 ,
1%
#14780000
b1001111100 E
0(
b1111101110001101000000111111011 8
0%
#14785000
0*
0+
1%
#14790000
b1001111101 E
1(
b11010001001011111011010010100010 8
0%
#14795000
1*
1%
#14800000
b1001111110 E
0(
b11111010100110110010111011110101 8
0%
#14805000
0*
1%
#14810000
b1001111111 E
1(
b1000101110100011011110110001011 8
0%
#14815000
1*
1%
#14820000
b1010000000 E
0(
b10100110110111001001111001001101 8
0%
#14825000
0*
1%
#14830000
b1010000001 E
1(
b1011101010000001111101110111010 8
0%
#14835000
1*
1%
#14840000
b1010000010 E
b1110110110000100010101111101101 8
0%
#14845000
1%
#14850000
b1 A
1:
b1010000011 E
0(
b10001010 &
b10001010 ;
1'
b1011000110000110010100110110001 8
0%
#14855000
b10 A
1!
0*
b10001010 "
b10001010 B
b1 D
b10001011 5
b10001011 /
1%
#14860000
b1 A
1<
b1010000100 E
1(
b10001011 &
b10001011 ;
b10100011000111101110110001000110 8
1'
b10001011 .
0%
#14865000
b10001011 "
b10001011 B
b10001010 )
1*
1+
b10001011 4
b10001011 ,
b10001100 5
b10001100 /
1%
#14870000
b0 A
0:
b1010000101 E
b1000001000011111100011110000010 8
0'
b10001100 .
0%
#14875000
0<
0!
b10001011 )
b0 D
b10001100 4
b10001100 ,
1%
#14880000
b1 A
1:
b1010000110 E
b10001100 &
b10001100 ;
1'
b11000100011111011100001010001000 8
0%
#14885000
1<
b1 A
1!
b10001100 "
b10001100 B
b1 D
0+
b10001101 5
b10001101 /
1%
#14890000
b1010000111 E
b10001101 &
b10001101 ;
b100101110011000000110101001011 8
1'
b10001101 .
0%
#14895000
b10001100 )
1+
b10001101 "
b10001101 B
b10001101 4
b10001101 ,
b10001110 5
b10001110 /
1%
#14900000
b0 A
0:
b1010001000 E
b100101111111010100101101001011 8
0'
b10001110 .
0%
#14905000
0<
0!
b0 D
b10001101 )
b10001110 4
b10001110 ,
1%
#14910000
b1 A
1:
b1010001001 E
0(
b10001110 &
b10001110 ;
1'
b11001010110001101111101010010101 8
0%
#14915000
b10 A
1!
0*
0+
b10001110 "
b10001110 B
b1 D
b10001111 5
b10001111 /
1%
#14920000
b1 A
0:
b1010001010 E
b101011111010111101110101010111 8
0'
b10001111 .
0%
#14925000
b10001110 )
1+
1%
#14930000
b0 A
1<
b1010001011 E
1(
b11111110111101010100100011111101 8
0%
#14935000
0<
0!
1*
b0 D
b10001111 4
b10001111 ,
1%
#14940000
b1010001100 E
b1101010001000111001011111010100 8
0%
#14945000
0+
1%
#14950000
b1010001101 E
0(
b10011001001011010111010000110010 8
0%
#14955000
0*
1%
#14960000
b1 A
1:
b1010001110 E
1(
b10001111 &
b10001111 ;
1'
b11000110001001100101001010001100 8
0%
#14965000
1<
b1 A
1!
b10001111 "
b10001111 B
b1 D
1*
b10010000 5
b10010000 /
1%
#14970000
b0 A
0:
b1010001111 E
b11010110101000111011101010101101 8
0'
b10010000 .
0%
#14975000
0<
0!
b10001111 )
1+
b0 D
b10010000 4
b10010000 ,
1%
#14980000
b1010010000 E
b11000000111110011011000010000001 8
0%
#14985000
0+
1%
#14990000
b1010010001 E
b10010111001001100001011000101110 8
0%
#14995000
1%
#15000000
b1010010010 E
b11000100110000110000101010001001 8
0%
#15005000
1%
#15010000
b1010010011 E
b10110011000110000100010001100110 8
0%
#15015000
1%
#15020000
b1010010100 E
b10010001000110111101100100100 8
0%
#15025000
1%
#15030000
b1010010101 E
b1100111001011111011111111001110 8
0%
#15035000
1%
#15040000
b1010010110 E
0(
b10101001010100111101111001010010 8
0%
#15045000
0*
1%
#15050000
b1010010111 E
1(
b10010001111011111100010000100011 8
0%
#15055000
1*
1%
#15060000
b1010011000 E
b1001011000000001101001110010110 8
0%
#15065000
1%
#15070000
b1010011001 E
b111110111001010100111101111101 8
0%
#15075000
1%
#15080000
b1010011010 E
b1101100111001101011010111011001 8
0%
#15085000
1%
#15090000
b1010011011 E
b10111011101000110001101001110111 8
0%
#15095000
1%
#15100000
b1010011100 E
0(
b10111110001011011001101001111100 8
0%
#15105000
0*
1%
#15110000
b1010011101 E
1(
b110010011111011010011101100100 8
0%
#15115000
1*
1%
#15120000
b1010011110 E
b10010111100001010110011000101111 8
0%
#15125000
1%
#15130000
b1010011111 E
b10000111000001110010101000001110 8
0%
#15135000
1%
#15140000
b1010100000 E
b1110011000000011011001111100110 8
0%
#15145000
1%
#15150000
b1010100001 E
b11110000010010111010001011100000 8
0%
#15155000
1%
#15160000
b1010100010 E
b1000111101101011101101110001111 8
0%
#15165000
1%
#15170000
b1 A
1:
b1010100011 E
b10010000 &
b10010000 ;
1'
b10001100110011001100111000011001 8
0%
#15175000
1<
b1 A
1!
b10010000 "
b10010000 B
b1 D
b10010001 5
b10010001 /
1%
#15180000
b0 A
0:
b1010100100 E
b1100101000100001111100111001010 8
0'
b10010001 .
0%
#15185000
0<
0!
b0 D
b10010000 )
1+
b10010001 4
b10010001 ,
1%
#15190000
b1010100101 E
b11101100001111100010100011011000 8
0%
#15195000
0+
1%
#15200000
b1010100110 E
b101001111110011110101101010011 8
0%
#15205000
1%
#15210000
b1010100111 E
0(
b1001011000000001110101110010110 8
0%
#15215000
0*
1%
#15220000
b1010101000 E
1(
b10110011101010110100110001100111 8
0%
#15225000
1*
1%
#15230000
b1010101001 E
b11111011011000000001010011110110 8
0%
#15235000
1%
#15240000
b1010101010 E
b1100000010011110111101111000000 8
0%
#15245000
1%
#15250000
b1010101011 E
b111000100011000101111101110001 8
0%
#15255000
1%
#15260000
b1010101100 E
b11000001010111001001000010000010 8
0%
#15265000
1%
#15270000
b1010101101 E
b1011111010110000100011110111110 8
0%
#15275000
1%
#15280000
b1010101110 E
b1011001101100000110101110110011 8
0%
#15285000
1%
#15290000
b1 A
1:
b1010101111 E
b10010001 &
b10010001 ;
1'
b1001000101101000000100110010001 8
0%
#15295000
1<
b1 A
1!
b10010001 "
b10010001 B
b1 D
b10010010 5
b10010010 /
1%
#15300000
b0 A
0:
b1010110000 E
b1000011011011001010010110000110 8
0'
b10010010 .
0%
#15305000
0<
0!
b0 D
b10010001 )
1+
b10010010 4
b10010010 ,
1%
#15310000
b1010110001 E
b1000001111010011010000110000011 8
0%
#15315000
0+
1%
#15320000
b1010110010 E
b10011001100100101001100000110011 8
0%
#15325000
1%
#15330000
b1 A
1:
b1010110011 E
b10010010 &
b10010010 ;
1'
b11011110100110001100101010111101 8
0%
#15335000
1<
b1 A
1!
b10010010 "
b10010010 B
b1 D
b10010011 5
b10010011 /
1%
#15340000
b0 A
0:
b1010110100 E
b1000001010111110110011110000010 8
0'
b10010011 .
0%
#15345000
0<
0!
b0 D
b10010010 )
1+
b10010011 4
b10010011 ,
1%
#15350000
b1010110101 E
b10100000011100110000000001000000 8
0%
#15355000
0+
1%
#15360000
b1 A
1:
b1010110110 E
b10010011 &
b10010011 ;
1'
b1101111011001111110011111011110 8
0%
#15365000
1<
b1 A
1!
b10010011 "
b10010011 B
b1 D
b10010100 5
b10010100 /
1%
#15370000
b0 A
0:
b1010110111 E
b110000101101111000001101100001 8
0'
b10010100 .
0%
#15375000
0<
0!
b10010011 )
1+
b0 D
b10010100 4
b10010100 ,
1%
#15380000
b1010111000 E
b100011101001011011100001000 8
0%
#15385000
0+
1%
#15390000
b1010111001 E
b10100111011011110100100001001110 8
0%
#15395000
1%
#15400000
b1010111010 E
b10011110000111100011001000111100 8
0%
#15405000
1%
#15410000
b1 A
1:
b1010111011 E
b10010100 &
b10010100 ;
1'
b11100011010010001000100111000 8
0%
#15415000
1<
b1 A
1!
b10010100 "
b10010100 B
b1 D
b10010101 5
b10010101 /
1%
#15420000
b0 A
0:
b1010111100 E
b11110111001010000111011011101110 8
0'
b10010101 .
0%
#15425000
0<
0!
b0 D
b10010100 )
1+
b10010101 4
b10010101 ,
1%
#15430000
b1010111101 E
b1111101111101010101011111111011 8
0%
#15435000
0+
1%
#15440000
b1010111110 E
0(
b11110011100111110101111011100111 8
0%
#15445000
0*
1%
#15450000
b1 A
1:
b1010111111 E
1(
b10010101 &
b10010101 ;
1'
b1101001011000100101011111010010 8
0%
#15455000
1<
b1 A
1!
1*
b10010101 "
b10010101 B
b1 D
b10010110 5
b10010110 /
1%
#15460000
b0 A
0:
b1011000000 E
b1110100101100101000011111101001 8
0'
b10010110 .
0%
#15465000
0<
0!
b0 D
b10010101 )
1+
b10010110 4
b10010110 ,
1%
#15470000
b1011000001 E
b10000001001110000000110000000010 8
0%
#15475000
0+
1%
#15480000
b1011000010 E
b11010000010100010100100010100000 8
0%
#15485000
1%
#15490000
b1011000011 E
b1111101001101000011010111111010 8
0%
#15495000
1%
#15500000
b1011000100 E
b10001000100001101100010000010001 8
0%
#15505000
1%
#15510000
b1 A
1:
b1011000101 E
b10010110 &
b10010110 ;
1'
b11110000000001100100101011100000 8
0%
#15515000
1<
b1 A
1!
b10010110 "
b10010110 B
b1 D
b10010111 5
b10010111 /
1%
#15520000
b10 A
0<
b1011000110 E
0(
b10010111 &
b10010111 ;
b10011110100101011101001000111101 8
1'
b10010111 .
0%
#15525000
0:
0#
b10010111 C
b10010111 "
b10010111 B
b10 D
b10010110 )
0*
1+
b10011000 5
b10011000 /
1%
#15530000
b1 A
1<
b1011000111 E
1(
b1101010110110011110000111010101 8
0%
#15535000
1:
b1 A
1#
b10010111 )
1*
b1 D
b10010111 4
b10010111 ,
b10101110 3
1%
#15540000
b0 A
0:
b1011001000 E
b1100110000100000001010111001100 8
0'
b10011000 .
0%
#15545000
0<
0!
b0 D
b10011000 4
b10011000 ,
1%
#15550000
b1011001001 E
0(
b1000101000001010111101110001010 8
0%
#15555000
0*
0+
1%
#15560000
b1011001010 E
1(
b11000011111011010100101010000111 8
0%
#15565000
1*
1%
#15570000
b1011001011 E
0(
b1010100101101111100000110101001 8
0%
#15575000
0*
1%
#15580000
b1011001100 E
1(
b11001000001001000000011010010000 8
0%
#15585000
1*
1%
#15590000
b1 A
1:
b1011001101 E
b10011000 &
b10011000 ;
1'
b10011110110111010001100000111101 8
0%
#15595000
1<
b1 A
1!
b10011000 "
b10011000 B
b1 D
b10011001 5
b10011001 /
1%
#15600000
0<
0:
b1011001110 E
0(
b1010110010110011001011110101100 8
0'
b10011001 .
0%
#15605000
b10011000 )
0*
1+
1%
#15610000
b0 A
1<
b1011001111 E
1(
b11101001111101101011001011010011 8
0%
#15615000
0<
0!
1*
b0 D
b10011001 4
b10011001 ,
1%
#15620000
b1011010000 E
b11100011100001100000011011000111 8
0%
#15625000
0+
1%
#15630000
b1011010001 E
b1100111010001100111100111001110 8
0%
#15635000
1%
#15640000
b1011010010 E
b11010110000000000010000010101100 8
0%
#15645000
1%
#15650000
b1 A
1:
b1011010011 E
b10011001 &
b10011001 ;
1'
b10011100101110110001100000111001 8
0%
#15655000
1<
b1 A
1!
b10011001 "
b10011001 B
b1 D
b10011010 5
b10011010 /
1%
#15660000
b0 A
0:
b1011010100 E
b11000100010010010111000010001000 8
0'
b10011010 .
0%
#15665000
0<
0!
b0 D
b10011001 )
1+
b10011010 4
b10011010 ,
1%
#15670000
b1011010101 E
b1111011100110111111110111110111 8
0%
#15675000
0+
1%
#15680000
b1011010110 E
b1011110100110100100001110111101 8
0%
#15685000
1%
#15690000
b1011010111 E
b1001111111101010101001110011111 8
0%
#15695000
1%
#15700000
b1011011000 E
b10001111001011011010010000011110 8
0%
#15705000
1%
#15710000
b1011011001 E
b11110100110001000000010011101001 8
0%
#15715000
1%
#15720000
b1011011010 E
b11101010011010110000100111010 8
0%
#15725000
1%
#15730000
b1011011011 E
b1111000111000011011111111110001 8
0%
#15735000
1%
#15740000
b1011011100 E
b11011111000111100000010010111110 8
0%
#15745000
1%
#15750000
b1 A
1:
b1011011101 E
b10011010 &
b10011010 ;
1'
b100000101100001110110101000001 8
0%
#15755000
1<
b1 A
1!
b10011010 "
b10011010 B
b1 D
b10011011 5
b10011011 /
1%
#15760000
b0 A
0:
b1011011110 E
b1000110001010101101101110001100 8
0'
b10011011 .
0%
#15765000
0<
0!
b0 D
b10011010 )
1+
b10011011 4
b10011011 ,
1%
#15770000
b1011011111 E
b1110000100010001011110111100001 8
0%
#15775000
0+
1%
#15780000
b1011100000 E
b11010010101100011111000010100101 8
0%
#15785000
1%
#15790000
b1011100001 E
b10101011111000010001101001010111 8
0%
#15795000
1%
#15800000
b1011100010 E
b10111001101100000000111001110011 8
0%
#15805000
1%
#15810000
b1011100011 E
b11110101001111101010111011101010 8
0%
#15815000
1%
#15820000
b1 A
1:
b1011100100 E
b10011011 &
b10011011 ;
1'
b11001001101011001100010010010011 8
0%
#15825000
1<
b1 A
1!
b10011011 "
b10011011 B
b1 D
b10011100 5
b10011100 /
1%
#15830000
b0 A
0:
b1011100101 E
b11111010110111101110100011110101 8
0'
b10011100 .
0%
#15835000
0<
0!
b10011011 )
1+
b0 D
b10011100 4
b10011100 ,
1%
#15840000
b1 A
1:
b1011100110 E
b10011100 &
b10011100 ;
1'
b1011010010001100101111110110100 8
0%
#15845000
1<
b1 A
1!
b10011100 "
b10011100 B
b1 D
0+
b10011101 5
b10011101 /
1%
#15850000
b0 A
0:
b1011100111 E
b11011100001000111111010010111000 8
0'
b10011101 .
0%
#15855000
0<
0!
b10011100 )
1+
b0 D
b10011101 4
b10011101 ,
1%
#15860000
b1011101000 E
0(
b11010010011111011110011010100100 8
0%
#15865000
0*
0+
1%
#15870000
b1011101001 E
b10110011110000001011110001100111 8
0%
#15875000
1%
#15880000
b1011101010 E
1(
b10001110000110010100100100011 8
0%
#15885000
1*
1%
#15890000
b1011101011 E
b11110010101001001110110011100101 8
0%
#15895000
1%
#15900000
b1011101100 E
0(
b11000111110000001011001010001111 8
0%
#15905000
0*
1%
#15910000
b1011101101 E
1(
b1110111101010001111001111101111 8
0%
#15915000
1*
1%
#15920000
b1011101110 E
0(
b10000110111001111100111000001101 8
0%
#15925000
0*
1%
#15930000
b1011101111 E
1(
b1111111110011111011100011111 8
0%
#15935000
1*
1%
#15940000
b1011110000 E
b11101101111001000100100111011 8
0%
#15945000
1%
#15950000
b1011110001 E
0(
b11001100010001011110101010011000 8
0%
#15955000
0*
1%
#15960000
b1 A
1:
b1011110010 E
1(
b10011101 &
b10011101 ;
1'
b10000010111000011010111000000101 8
0%
#15965000
1<
b1 A
1!
b10011101 "
b10011101 B
b1 D
1*
b10011110 5
b10011110 /
1%
#15970000
b0 A
0:
b1011110011 E
b1010110101001110111011110101101 8
0'
b10011110 .
0%
#15975000
0<
0!
b10011101 )
1+
b0 D
b10011110 4
b10011110 ,
1%
#15980000
b1011110100 E
b1011111111001001100101110111111 8
0%
#15985000
0+
1%
#15990000
b1011110101 E
b110101010100100000011101101010 8
0%
#15995000
1%
#16000000
b1011110110 E
b110110010100010101100001101 8
0%
#16005000
1%
#16010000
b1011110111 E
0(
b10100101111111011100011001001011 8
0%
#16015000
0*
1%
#16020000
b1011111000 E
b1011110010110001101100110111100 8
0%
#16025000
1%
#16030000
b1011111001 E
1(
b1111110000100111010010111111100 8
0%
#16035000
1*
1%
#16040000
b1 A
1:
b1011111010 E
b10011110 &
b10011110 ;
1'
b10001001001101010000100100010 8
0%
#16045000
1<
b1 A
1!
b10011110 "
b10011110 B
b1 D
b10011111 5
b10011111 /
1%
#16050000
b0 A
0:
b1011111011 E
b111011100110010100101101110111 8
0'
b10011111 .
0%
#16055000
0<
0!
b10011110 )
1+
b0 D
b10011111 4
b10011111 ,
1%
#16060000
b1 A
1:
b1011111100 E
b10011111 &
b10011111 ;
1'
b1011011001000001000100010110 8
0%
#16065000
1<
b1 A
1!
b10011111 "
b10011111 B
b1 D
0+
b10100000 5
b10100000 /
1%
#16070000
b1011111101 E
b10100000 &
b10100000 ;
b110010110111010010011101100101 8
1'
b10100000 .
0%
#16075000
b10011111 )
1+
b10100000 "
b10100000 B
b10100000 4
b10100000 ,
b10100001 5
b10100001 /
1%
#16080000
b0 A
0:
b1011111110 E
b10011011010000111001100100110 8
0'
b10100001 .
0%
#16085000
0<
0!
b0 D
b10100000 )
b10100001 4
b10100001 ,
1%
#16090000
b1011111111 E
b10000100111000100110001000001001 8
0%
#16095000
0+
1%
#16100000
b1100000000 E
b1000111111011101001100010001 8
0%
#16105000
1%
#16110000
b1100000001 E
b1001010100011001110101110010101 8
0%
#16115000
1%
#16120000
b1 A
1:
b1100000010 E
b10100001 &
b10100001 ;
1'
b10111011011001111111100101110 8
0%
#16125000
1<
b1 A
1!
b10100001 "
b10100001 B
b1 D
b10100010 5
b10100010 /
1%
#16130000
b0 A
0:
b1100000011 E
b100000100011010110110101000001 8
0'
b10100010 .
0%
#16135000
0<
0!
b10100001 )
1+
b0 D
b10100010 4
b10100010 ,
1%
#16140000
b1 A
1:
b1100000100 E
b10100010 &
b10100010 ;
1'
b11100110010010011000000011001100 8
0%
#16145000
1<
b1 A
1!
b10100010 "
b10100010 B
b1 D
0+
b10100011 5
b10100011 /
1%
#16150000
b0 A
0:
b1100000101 E
b11010101001100000000 8
0'
b10100011 .
0%
#16155000
0<
0!
b10100010 )
1+
b0 D
b10100011 4
b10100011 ,
1%
#16160000
b1 A
1:
b1100000110 E
0(
b10100011 &
b10100011 ;
1'
b10010100111111011010010000101001 8
0%
#16165000
b10 A
1!
b10100011 "
b10100011 B
b1 D
0*
0+
b10100100 5
b10100100 /
1%
#16170000
b0 A
1<
0:
b1100000111 E
1(
b10000000110101100100100100000 8
0'
b10100100 .
0%
#16175000
0<
0!
b10100011 )
1*
1+
b0 D
b10100100 4
b10100100 ,
1%
#16180000
b1100001000 E
0(
b1101000101100111100100011010 8
0%
#16185000
0*
0+
1%
#16190000
b1100001001 E
1(
b11011011110101001011110010110111 8
0%
#16195000
1*
1%
#16200000
b1100001010 E
b11110111010011111100100011101110 8
0%
#16205000
1%
#16210000
b1100001011 E
b11001010101101101100100110010 8
0%
#16215000
1%
#16220000
b1100001100 E
b1011111011000000001110110111110 8
0%
#16225000
1%
#16230000
b1100001101 E
b11101101011001011000101011011010 8
0%
#16235000
1%
#16240000
b1100001110 E
b11010010100001001100010010100101 8
0%
#16245000
1%
#16250000
b1100001111 E
b1010111110110011111110110101111 8
0%
#16255000
1%
#16260000
b1100010000 E
b10000100110011011100110000001001 8
0%
#16265000
1%
#16270000
b1 A
1:
b1100010001 E
b10100100 &
b10100100 ;
1'
b110100110011100001101101101001 8
0%
#16275000
1<
b1 A
1!
b10100100 "
b10100100 B
b1 D
b10100101 5
b10100101 /
1%
#16280000
b0 A
0:
b1100010010 E
b11001001001010011111110010010010 8
0'
b10100101 .
0%
#16285000
0<
0!
b0 D
b10100100 )
1+
b10100101 4
b10100101 ,
1%
#16290000
b1 A
1:
b1100010011 E
b10100101 &
b10100101 ;
1'
b11111110100010001001001011111101 8
0%
#16295000
1<
b1 A
1!
0+
b10100101 "
b10100101 B
b1 D
b10100110 5
b10100110 /
1%
#16300000
b10 A
0<
b1100010100 E
0(
b10100110 &
b10100110 ;
b11101000001100101110011011010000 8
1'
b10100110 .
0%
#16305000
0:
0#
b10100110 C
b10100110 "
b10100110 B
b10 D
b10100101 )
0*
1+
b10100111 5
b10100111 /
1%
#16310000
b1 A
1<
b1100010101 E
1(
b1101010011010011010101111010100 8
0%
#16315000
1:
b1 A
1#
b10100110 )
1*
b1 D
b10100110 4
b10100110 ,
b10110000 3
1%
#16320000
b0 A
0:
b1100010110 E
b1100000101110100011100011000 8
0'
b10100111 .
0%
#16325000
0<
0!
b0 D
b10100111 4
b10100111 ,
1%
#16330000
b1100010111 E
b110010101000100111111101100101 8
0%
#16335000
0+
1%
#16340000
b1100011000 E
b1110100110100010011101111101001 8
0%
#16345000
1%
#16350000
b1 A
1:
b1100011001 E
b10100111 &
b10100111 ;
1'
b1110101111101101110001111101011 8
0%
#16355000
1<
b1 A
1!
b10100111 "
b10100111 B
b1 D
b10101000 5
b10101000 /
1%
#16360000
b0 A
0:
b1100011010 E
b10110011001101111011011001100110 8
0'
b10101000 .
0%
#16365000
0<
0!
b0 D
b10100111 )
1+
b10101000 4
b10101000 ,
1%
#16370000
b1100011011 E
b1110001100100110011001111100011 8
0%
#16375000
0+
1%
#16380000
b1 A
1:
b1100011100 E
b10101000 &
b10101000 ;
1'
b10100101110011010111001001001011 8
0%
#16385000
1<
b1 A
1!
b10101000 "
b10101000 B
b1 D
b10101001 5
b10101001 /
1%
#16390000
b0 A
0:
b1100011101 E
b10101011000011111000101001010110 8
0'
b10101001 .
0%
#16395000
0<
0!
b10101000 )
1+
b0 D
b10101001 4
b10101001 ,
1%
#16400000
b1 A
1:
b1100011110 E
b10101001 &
b10101001 ;
1'
b1101110110101101110110111011101 8
0%
#16405000
1<
b1 A
1!
b10101001 "
b10101001 B
b1 D
0+
b10101010 5
b10101010 /
1%
#16410000
b1100011111 E
b10101010 &
b10101010 ;
b11010000100010111100011010100001 8
1'
b10101010 .
0%
#16415000
b10101001 )
1+
b10101010 "
b10101010 B
b10101010 4
b10101010 ,
b10101011 5
b10101011 /
1%
#16420000
b0 A
0:
b1100100000 E
b1000000110101100110000110000001 8
0'
b10101011 .
0%
#16425000
0<
0!
b0 D
b10101010 )
b10101011 4
b10101011 ,
1%
#16430000
b1100100001 E
b10100000100010111000000001000001 8
0%
#16435000
0+
1%
#16440000
b1100100010 E
b11101000110001111100101011010001 8
0%
#16445000
1%
#16450000
b1100100011 E
0(
b10110101100100100001100001101011 8
0%
#16455000
0*
1%
#16460000
b1100100100 E
1(
b1010010000111001110011110100100 8
0%
#16465000
1*
1%
#16470000
b1 A
1:
b1100100101 E
b10101011 &
b10101011 ;
1'
b11010001011111101010011010100010 8
0%
#16475000
1<
b1 A
1!
b10101011 "
b10101011 B
b1 D
b10101100 5
b10101100 /
1%
#16480000
b1100100110 E
b10101100 &
b10101100 ;
b11110010010111100000000 8
1'
b10101100 .
0%
#16485000
b10101100 "
b10101100 B
b10101011 )
1+
b10101100 4
b10101100 ,
b10101101 5
b10101101 /
1%
#16490000
b0 A
0:
b1100100111 E
b100101010000000101100001001 8
0'
b10101101 .
0%
#16495000
0<
0!
b10101100 )
b0 D
b10101101 4
b10101101 ,
1%
#16500000
b1100101000 E
b111011001011011110001101110110 8
0%
#16505000
0+
1%
#16510000
b1100101001 E
b11001100101110001101110010011001 8
0%
#16515000
1%
#16520000
b1100101010 E
0(
b1100110011101011111101111001100 8
0%
#16525000
0*
1%
#16530000
b1100101011 E
b111010010110111101100001110 8
0%
#16535000
1%
#16540000
b1100101100 E
1(
b11000110011100100011010010001100 8
0%
#16545000
1*
1%
#16550000
b1100101101 E
b1010100010001100000000110101000 8
0%
#16555000
1%
#16560000
b1100101110 E
b10100111111001010000110001001111 8
0%
#16565000
1%
#16570000
b1 A
1:
b1100101111 E
b10101101 &
b10101101 ;
1'
b1000011111101100100101110000111 8
0%
#16575000
1<
b1 A
1!
b10101101 "
b10101101 B
b1 D
b10101110 5
b10101110 /
1%
#16580000
0<
0:
b1100110000 E
0(
b10101010101011101011111001010101 8
0'
b10101110 .
0%
#16585000
b10101101 )
0*
1+
1%
#16590000
1<
1:
b1100110001 E
1(
b10101110 &
b10101110 ;
1'
b1101100111011011111001111011001 8
0%
#16595000
1*
b10101110 "
b10101110 B
b10101110 4
b10101110 ,
b10101111 5
b10101111 /
1%
#16600000
b0 A
0:
b1100110010 E
b10101010000010010100011001010100 8
0'
b10101111 .
0%
#16605000
0<
0!
b0 D
b10101110 )
b10101111 4
b10101111 ,
1%
#16610000
b1 A
1:
b1100110011 E
b10101111 &
b10101111 ;
1'
b1000101100111100101100110001011 8
0%
#16615000
1<
b1 A
1!
0+
b10101111 "
b10101111 B
b1 D
b10110000 5
b10110000 /
1%
#16620000
b1100110100 E
b10110000 &
b10110000 ;
b1111110100001000110000111111101 8
1'
b10110000 .
0%
#16625000
b10110000 "
b10110000 B
b10101111 )
1+
b10110000 4
b10110000 ,
b10110001 5
b10110001 /
1%
#16630000
b0 A
0:
b1100110101 E
b1011101101101001001010110111011 8
0'
b10110001 .
0%
#16635000
0<
0!
b10110000 )
b0 D
b10110001 4
b10110001 ,
1%
#16640000
b1100110110 E
b10010101110000011000100000101011 8
0%
#16645000
0+
1%
#16650000
b1100110111 E
b1010011001101011000011110100110 8
0%
#16655000
1%
#16660000
b1100111000 E
b11011111011111111100100110111 8
0%
#16665000
1%
#16670000
b1100111001 E
b10011111010110011100011000111110 8
0%
#16675000
1%
#16680000
b1100111010 E
b110011000010001011000101100110 8
0%
#16685000
1%
#16690000
b1100111011 E
0(
b10111001010011011001100101110 8
0%
#16695000
0*
1%
#16700000
b1100111100 E
1(
b1110011110010100110100111100111 8
0%
#16705000
1*
1%
#16710000
b1100111101 E
b10111011110110010110011001110111 8
0%
#16715000
1%
#16720000
b1 A
1:
b1100111110 E
b10110001 &
b10110001 ;
1'
b10110100011101011001111001101000 8
0%
#16725000
1<
b1 A
1!
b10110001 "
b10110001 B
b1 D
b10110010 5
b10110010 /
1%
#16730000
b0 A
0:
b1100111111 E
b110110111001001011111101101101 8
0'
b10110010 .
0%
#16735000
0<
0!
b10110001 )
1+
b0 D
b10110010 4
b10110010 ,
1%
#16740000
b1101000000 E
b11010001010010001000111010100010 8
0%
#16745000
0+
1%
#16750000
b1101000001 E
b11101111010110101010100111011 8
0%
#16755000
1%
#16760000
b1101000010 E
b11110010101110110011010011100101 8
0%
#16765000
1%
#16770000
b1 A
1:
b1101000011 E
b10110010 &
b10110010 ;
1'
b11011010010011001000100010110100 8
0%
#16775000
1<
b1 A
1!
b10110010 "
b10110010 B
b1 D
b10110011 5
b10110011 /
1%
#16780000
b0 A
0:
b1101000100 E
b10001101011110110100101000011010 8
0'
b10110011 .
0%
#16785000
0<
0!
b0 D
b10110010 )
1+
b10110011 4
b10110011 ,
1%
#16790000
b1 A
1:
b1101000101 E
b10110011 &
b10110011 ;
1'
b11010000100000110111001010100001 8
0%
#16795000
1<
b1 A
1!
0+
b10110011 "
b10110011 B
b1 D
b10110100 5
b10110100 /
1%
#16800000
0<
0:
b1101000110 E
0(
b11000001010000101000100110000 8
0'
b10110100 .
0%
#16805000
b10110011 )
0*
1+
1%
#16810000
b1101000111 E
b100011010000101111001101000110 8
0%
#16815000
1%
#16820000
b0 A
1<
b1101001000 E
1(
b110010110011111000000101100101 8
0%
#16825000
0<
0!
b0 D
1*
b10110100 4
b10110100 ,
1%
#16830000
b1101001001 E
b101110010100011010000101011100 8
0%
#16835000
0+
1%
#16840000
b1101001010 E
0(
b10111100001001111101010001111000 8
0%
#16845000
0*
1%
#16850000
b1101001011 E
1(
b10010101001001011101101000101010 8
0%
#16855000
1*
1%
#16860000
b1101001100 E
b10000100011100000101100100001 8
0%
#16865000
1%
#16870000
b1101001101 E
b10000001010000011011110000000010 8
0%
#16875000
1%
#16880000
b1101001110 E
b1101110110000001001111111011101 8
0%
#16885000
1%
#16890000
b1101001111 E
b1101100010011110010001111011000 8
0%
#16895000
1%
#16900000
b1101010000 E
b111110010110111100110101111100 8
0%
#16905000
1%
#16910000
b1101010001 E
b10010001111110111010011000100011 8
0%
#16915000
1%
#16920000
b1 A
1:
b1101010010 E
0(
b10110100 &
b10110100 ;
1'
b10110100000101011001000001101000 8
0%
#16925000
b10 A
1!
b10110100 "
b10110100 B
b1 D
0*
b10110101 5
b10110101 /
1%
#16930000
b1101010011 E
b10110101 &
b10110101 ;
b11100101100101001010100011001011 8
1'
b10110101 .
0%
#16935000
0:
0#
b10110100 )
1+
b10110101 C
b10110101 "
b10110101 B
b10 D
b10110110 5
b10110110 /
1%
#16940000
b1101010100 E
b1011001010010000110100010110 8
0%
#16945000
b10110101 )
b10110001 3
1%
#16950000
b1 A
1<
b1101010101 E
1(
b1111101110011010011100011111 8
0%
#16955000
1:
b1 A
1#
1*
b1 D
b10110101 4
b10110101 ,
b10110010 3
1%
#16960000
0<
0:
b1101010110 E
0(
b100111011000110100000101001110 8
0'
b10110110 .
0%
#16965000
0*
1%
#16970000
b0 A
1<
b1101010111 E
1(
b1101111111001011000101111011111 8
0%
#16975000
0<
0!
1*
b0 D
b10110110 4
b10110110 ,
1%
#16980000
b1101011000 E
b1110101110010000100111111101011 8
0%
#16985000
0+
1%
#16990000
b1101011001 E
b11110111100001000111011011101111 8
0%
#16995000
1%
#17000000
b1101011010 E
b1110110000110000110101111101100 8
0%
#17005000
1%
#17010000
b1101011011 E
b11000001000010110110100010000010 8
0%
#17015000
1%
#17020000
b1 A
1:
b1101011100 E
0(
b10110110 &
b10110110 ;
1'
b11110001001101111111001011100010 8
0%
#17025000
b10 A
1!
b10110110 "
b10110110 B
b1 D
0*
b10110111 5
b10110111 /
1%
#17030000
b0 A
1<
0:
b1101011101 E
1(
b11011011011101010001111010110110 8
0'
b10110111 .
0%
#17035000
0<
0!
b10110110 )
1*
1+
b0 D
b10110111 4
b10110111 ,
1%
#17040000
b1101011110 E
b1111111111101110000001111111111 8
0%
#17045000
0+
1%
#17050000
b1101011111 E
b1001100111111100001000110011001 8
0%
#17055000
1%
#17060000
b1101100000 E
0(
b10100011001011010111011001000110 8
0%
#17065000
0*
1%
#17070000
b1101100001 E
1(
b11010111101000000111110010101111 8
0%
#17075000
1*
1%
#17080000
b1101100010 E
b1100011100101101110100111000111 8
0%
#17085000
1%
#17090000
b1101100011 E
0(
b11111011010100000101111011110110 8
0%
#17095000
0*
1%
#17100000
b1 A
1:
b1101100100 E
1(
b10110111 &
b10110111 ;
1'
b1010101011011101011100110101010 8
0%
#17105000
1<
b1 A
1!
b10110111 "
b10110111 B
b1 D
1*
b10111000 5
b10111000 /
1%
#17110000
b0 A
0:
b1101100101 E
b1110001111101110111000111100011 8
0'
b10111000 .
0%
#17115000
0<
0!
b10110111 )
1+
b0 D
b10111000 4
b10111000 ,
1%
#17120000
b1101100110 E
b10011011110010111111111000110111 8
0%
#17125000
0+
1%
#17130000
b1101100111 E
0(
b100001001100010011001101000010 8
0%
#17135000
0*
1%
#17140000
b1101101000 E
1(
b1000111101111011001101110001111 8
0%
#17145000
1*
1%
#17150000
b1101101001 E
0(
b111101110001101101110101111011 8
0%
#17155000
0*
1%
#17160000
b1101101010 E
1(
b101111001001100010010101011110 8
0%
#17165000
1*
1%
#17170000
b1101101011 E
b11100111010110110111100111001 8
0%
#17175000
1%
#17180000
b1101101100 E
0(
b10111010101111111101100101110 8
0%
#17185000
0*
1%
#17190000
b1101101101 E
1(
b11101111001101111010000011011110 8
0%
#17195000
1*
1%
#17200000
b1101101110 E
b11001111011100010011100010011110 8
0%
#17205000
1%
#17210000
b1101101111 E
b1100001011001011111000111000010 8
0%
#17215000
1%
#17220000
b1101110000 E
b10010110011101111011100000101100 8
0%
#17225000
1%
#17230000
b1 A
1:
b1101110001 E
b10111000 &
b10111000 ;
1'
b11011110110011101001101010111101 8
0%
#17235000
1<
b1 A
1!
b10111000 "
b10111000 B
b1 D
b10111001 5
b10111001 /
1%
#17240000
0<
0:
b1101110010 E
0(
b11101001001101010001101011010010 8
0'
b10111001 .
0%
#17245000
b10111000 )
0*
1+
1%
#17250000
1<
1:
b1101110011 E
1(
b10111001 &
b10111001 ;
1'
b11110001101000111001101011100011 8
0%
#17255000
1*
b10111001 "
b10111001 B
b10111001 4
b10111001 ,
b10111010 5
b10111010 /
1%
#17260000
b0 A
0:
b1101110100 E
b10010011110100101011100000100111 8
0'
b10111010 .
0%
#17265000
0<
0!
b0 D
b10111001 )
b10111010 4
b10111010 ,
1%
#17270000
b1101110101 E
0(
b11111100111011001010110011111001 8
0%
#17275000
0*
0+
1%
#17280000
b1101110110 E
1(
b10100011001101011010110001000110 8
0%
#17285000
1*
1%
#17290000
b1101110111 E
b1001100010000110100101110011000 8
0%
#17295000
1%
#17300000
b1101111000 E
b10010010000110101101010000100100 8
0%
#17305000
1%
#17310000
b1 A
1:
b1101111001 E
b10111010 &
b10111010 ;
1'
b110101010011101011010101101010 8
0%
#17315000
1<
b1 A
1!
b10111010 "
b10111010 B
b1 D
b10111011 5
b10111011 /
1%
#17320000
b1101111010 E
b10111011 &
b10111011 ;
b11001101111100101100111010011011 8
1'
b10111011 .
0%
#17325000
b10111011 "
b10111011 B
b10111010 )
1+
b10111011 4
b10111011 ,
b10111100 5
b10111100 /
1%
#17330000
b1101111011 E
b10111100 &
b10111100 ;
b11000110111111111110001010001101 8
1'
b10111100 .
0%
#17335000
b10111011 )
b10111100 "
b10111100 B
b10111100 4
b10111100 ,
b10111101 5
b10111101 /
1%
#17340000
0<
0:
b1101111100 E
0(
b1101111011111011111001111011110 8
0'
b10111101 .
0%
#17345000
b10111100 )
0*
1%
#17350000
b1101111101 E
b1000010100011011001010110000101 8
0%
#17355000
1%
#17360000
b0 A
1<
b1101111110 E
1(
b11000011001010000101111010000110 8
0%
#17365000
0<
0!
b0 D
1*
b10111101 4
b10111101 ,
1%
#17370000
b1101111111 E
0(
b1011010001100000100001110110100 8
0%
#17375000
0*
0+
1%
#17380000
b1110000000 E
1(
b11111101001001011110110011111010 8
0%
#17385000
1*
1%
#17390000
b1110000001 E
b11110001100111100010101011100011 8
0%
#17395000
1%
#17400000
b1110000010 E
b110101010011100011110101101010 8
0%
#17405000
1%
#17410000
b1110000011 E
b11011100010001110100100010111000 8
0%
#17415000
1%
#17420000
b1110000100 E
b10000110101110001010100000001101 8
0%
#17425000
1%
#17430000
b1 A
1:
b1110000101 E
0(
b10111101 &
b10111101 ;
1'
b11010101010100010101011010101010 8
0%
#17435000
b10 A
1!
0*
b10111101 "
b10111101 B
b1 D
b10111110 5
b10111110 /
1%
#17440000
b0 A
1<
0:
b1110000110 E
1(
b11101111000110000100101011011110 8
0'
b10111110 .
0%
#17445000
0<
0!
b0 D
b10111101 )
1*
1+
b10111110 4
b10111110 ,
1%
#17450000
b1110000111 E
b10101101010100111101010001011010 8
0%
#17455000
0+
1%
#17460000
b1110001000 E
b1001001110110000000000110010011 8
0%
#17465000
1%
#17470000
b1110001001 E
b1101001110100111111101111010011 8
0%
#17475000
1%
#17480000
b1 A
1:
b1110001010 E
b10111110 &
b10111110 ;
1'
b10000010111101100110100000000101 8
0%
#17485000
1<
b1 A
1!
b10111110 "
b10111110 B
b1 D
b10111111 5
b10111111 /
1%
#17490000
b0 A
0:
b1110001011 E
b11010010100000001100100010100101 8
0'
b10111111 .
0%
#17495000
0<
0!
b10111110 )
1+
b0 D
b10111111 4
b10111111 ,
1%
#17500000
b1 A
1:
b1110001100 E
b10111111 &
b10111111 ;
1'
b11011101101000011101101010111011 8
0%
#17505000
1<
b1 A
1!
b10111111 "
b10111111 B
b1 D
0+
b11000000 5
b11000000 /
1%
#17510000
0<
0:
b1110001101 E
0(
b10101000001011101111011001010000 8
0'
b11000000 .
0%
#17515000
b10111111 )
0*
1+
1%
#17520000
b0 A
1<
b1110001110 E
1(
b11101010100101000111010011010101 8
0%
#17525000
0<
0!
b0 D
1*
b11000000 4
b11000000 ,
1%
#17530000
b1 A
1:
b1110001111 E
b11000000 &
b11000000 ;
1'
b10000001100101010000001000000011 8
0%
#17535000
1<
b1 A
1!
0+
b11000000 "
b11000000 B
b1 D
b11000001 5
b11000001 /
1%
#17540000
b0 A
0:
b1110010000 E
b10001010001100000001000000010100 8
0'
b11000001 .
0%
#17545000
0<
0!
b0 D
b11000000 )
1+
b11000001 4
b11000001 ,
1%
#17550000
b1 A
1:
b1110010001 E
b11000001 &
b11000001 ;
1'
b1001110001110010100100010011 8
0%
#17555000
1<
b1 A
1!
0+
b11000001 "
b11000001 B
b1 D
b11000010 5
b11000010 /
1%
#17560000
b1110010010 E
b11000010 &
b11000010 ;
b10110010110100100111100101100 8
1'
b11000010 .
0%
#17565000
b11000010 "
b11000010 B
b11000001 )
1+
b11000010 4
b11000010 ,
b11000011 5
b11000011 /
1%
#17570000
0<
0:
b1110010011 E
0(
b11100011100110110010100111000 8
0'
b11000011 .
0%
#17575000
b11000010 )
0*
1%
#17580000
1<
1:
b1110010100 E
1(
b11000011 &
b11000011 ;
1'
b10010000000110001000100000100000 8
0%
#17585000
b11000011 "
b11000011 B
1*
b11000011 4
b11000011 ,
b11000100 5
b11000100 /
1%
#17590000
b10 A
0<
b1110010101 E
0(
b11000100 &
b11000100 ;
b11111011110111010111001011110111 8
1'
b11000100 .
0%
#17595000
0:
0#
b11000011 )
0*
b11000100 C
b11000100 "
b11000100 B
b10 D
b11000101 5
b11000101 /
1%
#17600000
b1 A
1<
b1110010110 E
1(
b1011111011001101101000110111110 8
0%
#17605000
1:
b1 A
1#
b1 D
b11000100 )
1*
b11000100 4
b11000100 ,
b10110100 3
1%
#17610000
0<
0:
b1110010111 E
0(
b1001110010110111001100010011 8
0'
b11000101 .
0%
#17615000
0*
1%
#17620000
b0 A
1<
b1110011000 E
1(
b1111111001101110110100011111 8
0%
#17625000
0<
0!
b0 D
1*
b11000101 4
b11000101 ,
1%
#17630000
b1110011001 E
b11110110111001110100111011101101 8
0%
#17635000
0+
1%
#17640000
b1110011010 E
b10100010010100100001010001000100 8
0%
#17645000
1%
#17650000
b1 A
1:
b1110011011 E
b11000101 &
b11000101 ;
1'
b1111101011101010000100111111010 8
0%
#17655000
1<
b1 A
1!
b11000101 "
b11000101 B
b1 D
b11000110 5
b11000110 /
1%
#17660000
b1110011100 E
b11000110 &
b11000110 ;
b100101101110100001101101001011 8
1'
b11000110 .
0%
#17665000
b11000110 "
b11000110 B
b11000101 )
1+
b11000110 4
b11000110 ,
b11000111 5
b11000111 /
1%
#17670000
b0 A
0:
b1110011101 E
b1011011010101100100101110110110 8
0'
b11000111 .
0%
#17675000
0<
0!
b11000110 )
b0 D
b11000111 4
b11000111 ,
1%
#17680000
b1110011110 E
b101000100010111000010101010001 8
0%
#17685000
0+
1%
#17690000
b1110011111 E
b10001000011101011000001000010000 8
0%
#17695000
1%
#17700000
b1110100000 E
b10001101000110011010001000011010 8
0%
#17705000
1%
#17710000
b1110100001 E
b11001001001100011101101010010010 8
0%
#17715000
1%
#17720000
b1110100010 E
b11000100111010101000000010001001 8
0%
#17725000
1%
#17730000
b1110100011 E
b110101100010110011111101101011 8
0%
#17735000
1%
#17740000
b1110100100 E
b10111110110000101110100001111101 8
0%
#17745000
1%
#17750000
b1110100101 E
b11100001000011100101110011000010 8
0%
#17755000
1%
#17760000
b1110100110 E
0(
b10010011011100100110011000100110 8
0%
#17765000
0*
1%
#17770000
b1110100111 E
1(
b10001111100000001001111000011111 8
0%
#17775000
1*
1%
#17780000
b1110101000 E
b10111101010111110100011001111010 8
0%
#17785000
1%
#17790000
b1110101001 E
b100010010011000011000101000100 8
0%
#17795000
1%
#17800000
b1110101010 E
b1100110110100101001011111001101 8
0%
#17805000
1%
#17810000
b1 A
1:
b1110101011 E
0(
b11000111 &
b11000111 ;
1'
b101010101011000000000101010101 8
0%
#17815000
b10 A
1!
0*
b11000111 "
b11000111 B
b1 D
b11001000 5
b11001000 /
1%
#17820000
b0 A
1<
0:
b1110101100 E
1(
b11011000001000010000100110110 8
0'
b11001000 .
0%
#17825000
0<
0!
b0 D
b11000111 )
1*
1+
b11001000 4
b11001000 ,
1%
#17830000
b1110101101 E
b11001100100101111011100010011001 8
0%
#17835000
0+
1%
#17840000
b1110101110 E
b11100101111001100111001011001011 8
0%
#17845000
1%
#17850000
b1 A
1:
b1110101111 E
b11001000 &
b11001000 ;
1'
b11011110011011111100011010111100 8
0%
#17855000
1<
b1 A
1!
b11001000 "
b11001000 B
b1 D
b11001001 5
b11001001 /
1%
#17860000
b1110110000 E
b11001001 &
b11001001 ;
b10101110101100101101011001011101 8
1'
b11001001 .
0%
#17865000
b11001001 "
b11001001 B
b11001000 )
1+
b11001001 4
b11001001 ,
b11001010 5
b11001010 /
1%
#17870000
b0 A
0:
b1110110001 E
b11110001011010010101010011100010 8
0'
b11001010 .
0%
#17875000
0<
0!
b11001001 )
b0 D
b11001010 4
b11001010 ,
1%
#17880000
b1 A
1:
b1110110010 E
b11001010 &
b11001010 ;
1'
b1011001001101010101100110110010 8
0%
#17885000
1<
b1 A
1!
b11001010 "
b11001010 B
b1 D
0+
b11001011 5
b11001011 /
1%
#17890000
b0 A
0:
b1110110011 E
b10101110101110100100111001011101 8
0'
b11001011 .
0%
#17895000
0<
0!
b11001010 )
1+
b0 D
b11001011 4
b11001011 ,
1%
#17900000
b1110110100 E
b11111001110110001100011011110011 8
0%
#17905000
0+
1%
#17910000
b1110110101 E
b10110101100001010110001001101011 8
0%
#17915000
1%
#17920000
b1110110110 E
0(
b101000011100101010101101010000 8
0%
#17925000
0*
1%
#17930000
b1110110111 E
1(
b11100101100001011111101011001011 8
0%
#17935000
1*
1%
#17940000
b1110111000 E
b111101110011110101001101111011 8
0%
#17945000
1%
#17950000
b1110111001 E
b11000010011111000100001010000100 8
0%
#17955000
1%
#17960000
b1 A
1:
b1110111010 E
b11001011 &
b11001011 ;
1'
b111111111011100100100001111 8
0%
#17965000
1<
b1 A
1!
b11001011 "
b11001011 B
b1 D
b11001100 5
b11001100 /
1%
#17970000
b1110111011 E
b11001100 &
b11001100 ;
b1011100010110010010100110111000 8
1'
b11001100 .
0%
#17975000
b11001011 )
1+
b11001100 "
b11001100 B
b11001100 4
b11001100 ,
b11001101 5
b11001101 /
1%
#17980000
b0 A
0:
b1110111100 E
b1000001010110111101100110000010 8
0'
b11001101 .
0%
#17985000
0<
0!
b0 D
b11001100 )
b11001101 4
b11001101 ,
1%
#17990000
b1110111101 E
b11101000001010100101011011010000 8
0%
#17995000
0+
1%
#18000000
b1 A
1:
b1110111110 E
b11001101 &
b11001101 ;
1'
b11010110011000100001000010101100 8
0%
#18005000
1<
b1 A
1!
b11001101 "
b11001101 B
b1 D
b11001110 5
b11001110 /
1%
#18010000
b0 A
0:
b1110111111 E
b11110101110001100011101011101011 8
0'
b11001110 .
0%
#18015000
0<
0!
b11001101 )
1+
b0 D
b11001110 4
b11001110 ,
1%
#18020000
b1 A
1:
b1111000000 E
b11001110 &
b11001110 ;
1'
b11000110001011111011101010001100 8
0%
#18025000
1<
b1 A
1!
b11001110 "
b11001110 B
b1 D
0+
b11001111 5
b11001111 /
1%
#18030000
b1111000001 E
b11001111 &
b11001111 ;
b11101110001101111111111011011100 8
1'
b11001111 .
0%
#18035000
b11001110 )
1+
b11001111 "
b11001111 B
b11001111 4
b11001111 ,
b11010000 5
b11010000 /
1%
#18040000
b0 A
0:
b1111000010 E
b101001110101101110001101010011 8
0'
b11010000 .
0%
#18045000
0<
0!
b0 D
b11001111 )
b11010000 4
b11010000 ,
1%
#18050000
b1 A
1:
b1111000011 E
b11010000 &
b11010000 ;
1'
b1000110111010111000111110001101 8
0%
#18055000
1<
b1 A
1!
0+
b11010000 "
b11010000 B
b1 D
b11010001 5
b11010001 /
1%
#18060000
b0 A
0:
b1111000100 E
b10101110011010000101011001011100 8
0'
b11010001 .
0%
#18065000
0<
0!
b0 D
b11010000 )
1+
b11010001 4
b11010001 ,
1%
#18070000
b1 A
1:
b1111000101 E
b11010001 &
b11010001 ;
1'
b10010101100110011001100000101011 8
0%
#18075000
1<
b1 A
1!
0+
b11010001 "
b11010001 B
b1 D
b11010010 5
b11010010 /
1%
#18080000
b0 A
0:
b1111000110 E
b10001101101111111010000000011011 8
0'
b11010010 .
0%
#18085000
0<
0!
b0 D
b11010001 )
1+
b11010010 4
b11010010 ,
1%
#18090000
b1111000111 E
b1110000111100111000011111100001 8
0%
#18095000
0+
1%
#18100000
b1 A
1:
b1111001000 E
b11010010 &
b11010010 ;
1'
b11010010000011110000111010100100 8
0%
#18105000
1<
b1 A
1!
b11010010 "
b11010010 B
b1 D
b11010011 5
b11010011 /
1%
#18110000
b0 A
0:
b1111001001 E
b11001010000011111000011010010100 8
0'
b11010011 .
0%
#18115000
0<
0!
b11010010 )
1+
b0 D
b11010011 4
b11010011 ,
1%
#18120000
b1111001010 E
b1110000001010111010101111100000 8
0%
#18125000
0+
1%
#18130000
b1 A
1:
b1111001011 E
0(
b11010011 &
b11010011 ;
1'
b101010100101001000000101010101 8
0%
#18135000
b10 A
1!
0*
b11010011 "
b11010011 B
b1 D
b11010100 5
b11010100 /
1%
#18140000
b1 A
0:
b1111001100 E
b10000100100110010100000000001001 8
0'
b11010100 .
0%
#18145000
b11010011 )
1+
1%
#18150000
b0 A
1<
b1111001101 E
1(
b11101001100010011100000111 8
0%
#18155000
0<
0!
1*
b0 D
b11010100 4
b11010100 ,
1%
#18160000
b1111001110 E
b10111111010101100101110001111110 8
0%
#18165000
0+
1%
#18170000
b1111001111 E
b11111001100100001101111011110011 8
0%
#18175000
1%
#18180000
b1111010000 E
b11001010011010000100110010010100 8
0%
#18185000
1%
#18190000
b1111010001 E
b11011000001101011101100010110000 8
0%
#18195000
1%
#18200000
b1111010010 E
b110111001001110001110101101110 8
0%
#18205000
1%
#18210000
b1111010011 E
b10011100001101101111111000111000 8
0%
#18215000
1%
#18220000
b1 A
1:
b1111010100 E
0(
b11010100 &
b11010100 ;
1'
b111110010010011001011101111100 8
0%
#18225000
b10 A
1!
b11010100 "
b11010100 B
b1 D
0*
b11010101 5
b11010101 /
1%
#18230000
b1 A
1<
b1111010101 E
1(
b11010101 &
b11010101 ;
b10111100111000101111111001111001 8
1'
b11010101 .
0%
#18235000
b11010100 )
1*
1+
b11010101 "
b11010101 B
b11010101 4
b11010101 ,
b11010110 5
b11010110 /
1%
#18240000
b0 A
0:
b1111010110 E
b1011110101100010100011110111101 8
0'
b11010110 .
0%
#18245000
0<
0!
b0 D
b11010101 )
b11010110 4
b11010110 ,
1%
#18250000
b1 A
1:
b1111010111 E
b11010110 &
b11010110 ;
1'
b10100010111000010100001001000101 8
0%
#18255000
1<
b1 A
1!
0+
b11010110 "
b11010110 B
b1 D
b11010111 5
b11010111 /
1%
#18260000
0<
0:
b1111011000 E
0(
b10100110111101100111100001001101 8
0'
b11010111 .
0%
#18265000
b11010110 )
0*
1+
1%
#18270000
1<
1:
b1111011001 E
1(
b11010111 &
b11010111 ;
1'
b11110111100111011111100011101111 8
0%
#18275000
1*
b11010111 "
b11010111 B
b11010111 4
b11010111 ,
b11011000 5
b11011000 /
1%
#18280000
b0 A
0:
b1111011010 E
b110101101101000011101101101011 8
0'
b11011000 .
0%
#18285000
0<
0!
b0 D
b11010111 )
b11011000 4
b11011000 ,
1%
#18290000
b1111011011 E
b111001011101100000101101110010 8
0%
#18295000
0+
1%
#18300000
b1111011100 E
b111100100101000101011101111001 8
0%
#18305000
1%
#18310000
b1111011101 E
b11000000101000110010010010000001 8
0%
#18315000
1%
#18320000
b1111011110 E
b10010010000110110101101000100100 8
0%
#18325000
1%
#18330000
b1111011111 E
b100000111001111011001101000001 8
0%
#18335000
1%
#18340000
b1111100000 E
b10011110001101001001000000111100 8
0%
#18345000
1%
#18350000
b1111100001 E
b10010011111110101110001000100111 8
0%
#18355000
1%
#18360000
b1111100010 E
b101101011111100000011101011010 8
0%
#18365000
1%
#18370000
b1111100011 E
b11011000101101001010000010110001 8
0%
#18375000
1%
#18380000
b1 A
1:
b1111100100 E
0(
b11011000 &
b11011000 ;
1'
b1110111010101001000010111101110 8
0%
#18385000
b10 A
1!
b11011000 "
b11011000 B
b1 D
0*
b11011001 5
b11011001 /
1%
#18390000
b1 A
0:
b1111100101 E
b10110010111110011001010001100101 8
0'
b11011001 .
0%
#18395000
b11011000 )
1+
1%
#18400000
b0 A
1<
b1111100110 E
1(
b1100010100111111001101111000101 8
0%
#18405000
0<
0!
b0 D
1*
b11011001 4
b11011001 ,
1%
#18410000
b1111100111 E
b11111000011001110010111011110000 8
0%
#18415000
0+
1%
#18420000
b1111101000 E
0(
b11010101010111011001010010101010 8
0%
#18425000
0*
1%
#18430000
b1111101001 E
1(
b11010101101111111001101010101011 8
0%
#18435000
1*
1%
#18440000
b1 A
1:
b1111101010 E
b11011001 &
b11011001 ;
1'
b10011010111011110111110000110101 8
0%
#18445000
1<
b1 A
1!
b11011001 "
b11011001 B
b1 D
b11011010 5
b11011010 /
1%
#18450000
b0 A
0:
b1111101011 E
b10111001000101011100001001110010 8
0'
b11011010 .
0%
#18455000
0<
0!
b11011001 )
1+
b0 D
b11011010 4
b11011010 ,
1%
#18460000
b1111101100 E
b101101001001010001111101011010 8
0%
#18465000
0+
1%
#18470000
b1111101101 E
b1100101110010101001100011001 8
0%
#18475000
1%
#18480000
b1 A
1:
b1111101110 E
b11011010 &
b11011010 ;
1'
b1101100000010010000100111011000 8
0%
#18485000
1<
b1 A
1!
b11011010 "
b11011010 B
b1 D
b11011011 5
b11011011 /
1%
#18490000
b0 A
0:
b1111101111 E
b10101110111000101011100001011101 8
0'
b11011011 .
0%
#18495000
0<
0!
b11011010 )
1+
b0 D
b11011011 4
b11011011 ,
1%
#18500000
b1111110000 E
b10000011011001000010100100000 8
0%
#18505000
0+
1%
#18510000
b1111110001 E
0(
b11010010000111110001110010100100 8
0%
#18515000
0*
1%
#18520000
b1 A
1:
b1111110010 E
1(
b11011011 &
b11011011 ;
1'
b1100101001100111001111111001010 8
0%
#18525000
1<
b1 A
1!
b11011011 "
b11011011 B
b1 D
1*
b11011100 5
b11011100 /
1%
#18530000
b0 A
0:
b1111110011 E
b10110010011111000111000001100100 8
0'
b11011100 .
0%
#18535000
0<
0!
b11011011 )
1+
b0 D
b11011100 4
b11011100 ,
1%
#18540000
b1 A
1:
b1111110100 E
b11011100 &
b11011100 ;
1'
b10010011011000010010010000100110 8
0%
#18545000
1<
b1 A
1!
b11011100 "
b11011100 B
b1 D
0+
b11011101 5
b11011101 /
1%
#18550000
b0 A
0:
b1111110101 E
b1001011011101010101110110010110 8
0'
b11011101 .
0%
#18555000
0<
0!
b11011100 )
1+
b0 D
b11011101 4
b11011101 ,
1%
#18560000
b1111110110 E
b10001100111000101010000000011001 8
0%
#18565000
0+
1%
#18570000
b1111110111 E
b11111010100111010100110011110101 8
0%
#18575000
1%
#18580000
b1111111000 E
0(
b1100010000111000110000111000100 8
0%
#18585000
0*
1%
#18590000
b1 A
1:
b1111111001 E
1(
b11011101 &
b11011101 ;
1'
b10111011000011000110110001110110 8
0%
#18595000
1<
b1 A
1!
1*
b11011101 "
b11011101 B
b1 D
b11011110 5
b11011110 /
1%
#18600000
b0 A
0:
b1111111010 E
b10001110001101010110111000011100 8
0'
b11011110 .
0%
#18605000
0<
0!
b0 D
b11011101 )
1+
b11011110 4
b11011110 ,
1%
#18610000
b1 A
1:
b1111111011 E
b11011110 &
b11011110 ;
1'
b1100101100010111010101111001011 8
0%
#18615000
1<
b1 A
1!
0+
b11011110 "
b11011110 B
b1 D
b11011111 5
b11011111 /
1%
#18620000
b0 A
0:
b1111111100 E
b10000110001000111001011000001100 8
0'
b11011111 .
0%
#18625000
0<
0!
b0 D
b11011110 )
1+
b11011111 4
b11011111 ,
1%
#18630000
b1111111101 E
b100001100000001011000101000011 8
0%
#18635000
0+
1%
#18640000
b1 A
1:
b1111111110 E
b11011111 &
b11011111 ;
1'
b10010110011101110110011000101100 8
0%
#18645000
1<
b1 A
1!
b11011111 "
b11011111 B
b1 D
b11100000 5
b11100000 /
1%
#18650000
b1111111111 E
b11100000 &
b11100000 ;
b11110010100110011110110011100101 8
1'
b11100000 .
0%
#18655000
b11011111 )
1+
b11100000 "
b11100000 B
b11100000 4
b11100000 ,
b11100001 5
b11100001 /
1%
#18660000
b0 A
0:
b10000000000 E
b11011011111010000010100010110111 8
0'
b11100001 .
0%
#18665000
0<
0!
b0 D
b11100000 )
b11100001 4
b11100001 ,
1%
#18670000
b10000000001 E
b1111001110101000100100011110 8
0%
#18675000
0+
1%
#18680000
b10000000010 E
b11100010100111111110100011000101 8
0%
#18685000
1%
#18690000
b10000000011 E
b1101011101001100111000111010111 8
0%
#18695000
1%
#18700000
b1 A
1:
b10000000100 E
b11100001 &
b11100001 ;
1'
b111000010001110111010101110000 8
0%
#18705000
1<
b1 A
1!
b11100001 "
b11100001 B
b1 D
b11100010 5
b11100010 /
1%
#18710000
b0 A
0:
b10000000101 E
b10100101111011100101001001001011 8
0'
b11100010 .
0%
#18715000
0<
0!
b11100001 )
1+
b0 D
b11100010 4
b11100010 ,
1%
#18720000
b10000000110 E
b11111100110100100101011011111001 8
0%
#18725000
0+
1%
#18730000
b10000000111 E
b111110100110111001100101111101 8
0%
#18735000
1%
#18740000
b10000001000 E
b111110000010101101101101111100 8
0%
#18745000
1%
#18750000
b1 A
1:
b10000001001 E
b11100010 &
b11100010 ;
1'
b11001010000111000110111010010100 8
0%
#18755000
1<
b1 A
1!
b11100010 "
b11100010 B
b1 D
b11100011 5
b11100011 /
1%
#18760000
b10000001010 E
b11100011 &
b11100011 ;
b10101001110111100000111001010011 8
1'
b11100011 .
0%
#18765000
b11100011 "
b11100011 B
b11100010 )
1+
b11100011 4
b11100011 ,
b11100100 5
b11100100 /
1%
#18770000
b0 A
0:
b10000001011 E
b10000110111011111100001000001101 8
0'
b11100100 .
0%
#18775000
0<
0!
b11100011 )
b0 D
b11100100 4
b11100100 ,
1%
#18780000
b10000001100 E
b11100011011001111011111011000110 8
0%
#18785000
0+
1%
#18790000
b10000001101 E
0(
b10000100100100010011111000001001 8
0%
#18795000
0*
1%
#18800000
b1 A
1:
b10000001110 E
1(
b11100100 &
b11100100 ;
1'
b10000110101111100111001000001101 8
0%
#18805000
1<
b1 A
1!
b11100100 "
b11100100 B
b1 D
1*
b11100101 5
b11100101 /
1%
#18810000
b0 A
0:
b10000001111 E
b1000111001001010101000110001110 8
0'
b11100101 .
0%
#18815000
0<
0!
b11100100 )
1+
b0 D
b11100101 4
b11100101 ,
1%
#18820000
b10000010000 E
b10100111011111110111101001001110 8
0%
#18825000
0+
1%
#18830000
b10000010001 E
b10010011111001010010001000100111 8
0%
#18835000
1%
#18840000
b10000010010 E
b1010110000110101110001110101100 8
0%
#18845000
1%
#18850000
b1 A
1:
b10000010011 E
b11100101 &
b11100101 ;
1'
b11010010010010101010000010100100 8
0%
#18855000
1<
b1 A
1!
b11100101 "
b11100101 B
b1 D
b11100110 5
b11100110 /
1%
#18860000
0<
0:
b10000010100 E
0(
b1110111110111110111001111101111 8
0'
b11100110 .
0%
#18865000
b11100101 )
0*
1+
1%
#18870000
b0 A
1<
b10000010101 E
1(
b101101111111000111100101011011 8
0%
#18875000
0<
0!
1*
b0 D
b11100110 4
b11100110 ,
1%
#18880000
b10000010110 E
b11111101110001101011110011111011 8
0%
#18885000
0+
1%
#18890000
b1 A
1:
b10000010111 E
b11100110 &
b11100110 ;
1'
b1100101011110100001010111001010 8
0%
#18895000
1<
b1 A
1!
b11100110 "
b11100110 B
b1 D
b11100111 5
b11100111 /
1%
#18900000
b10000011000 E
b11100111 &
b11100111 ;
b1000110000000010000011110001100 8
1'
b11100111 .
0%
#18905000
b11100111 "
b11100111 B
b11100110 )
1+
b11100111 4
b11100111 ,
b11101000 5
b11101000 /
1%
#18910000
0<
0:
b10000011001 E
0(
b11110001100001111010000011100011 8
0'
b11101000 .
0%
#18915000
b11100111 )
0*
1%
#18920000
b10 A
1:
b10000011010 E
b11101000 &
b11101000 ;
1'
b110100010000010110000101101000 8
0%
#18925000
0:
0#
b11101000 C
b11101000 "
b11101000 B
b10 D
b11101001 5
b11101001 /
1%
#18930000
b1 A
1<
b10000011011 E
1(
b10001001000101110000000000010010 8
0%
#18935000
1:
b1 A
1#
b11101000 )
1*
b1 D
b11101000 4
b11101000 ,
b10110110 3
1%
#18940000
b10 A
0<
b10000011100 E
0(
b11101001 &
b11101001 ;
b11100001001100001000010011000010 8
1'
b11101001 .
0%
#18945000
0:
0#
b11101001 C
b11101001 "
b11101001 B
b10 D
0*
b11101010 5
b11101010 /
1%
#18950000
b1 A
1<
b10000011101 E
1(
b1001100110010011001010110011001 8
0%
#18955000
1:
b1 A
1#
b11101001 )
1*
b1 D
b11101001 4
b11101001 ,
b10111000 3
1%
#18960000
b10000011110 E
b11101010 &
b11101010 ;
b111100000101111111100001111 8
1'
b11101010 .
0%
#18965000
b11101010 "
b11101010 B
b11101010 4
b11101010 ,
b11101011 5
b11101011 /
1%
#18970000
b0 A
0:
b10000011111 E
b11011110001101100011000010111100 8
0'
b11101011 .
0%
#18975000
0<
0!
b11101010 )
b0 D
b11101011 4
b11101011 ,
1%
#18980000
b10000100000 E
b10011100111001110010100100111 8
0%
#18985000
0+
1%
#18990000
b1 A
1:
b10000100001 E
b11101011 &
b11101011 ;
1'
b110000010100111111100001100 8
0%
#18995000
1<
b1 A
1!
b11101011 "
b11101011 B
b1 D
b11101100 5
b11101100 /
1%
#19000000
0<
0:
b10000100010 E
0(
b1110100101101101110110111101001 8
0'
b11101100 .
0%
#19005000
b11101011 )
0*
1+
1%
#19010000
b0 A
1<
b10000100011 E
1(
b11011111111001000101100110111 8
0%
#19015000
0<
0!
1*
b0 D
b11101100 4
b11101100 ,
1%
#19020000
b10000100100 E
b1000000100000010000000110000001 8
0%
#19025000
0+
1%
#19030000
b10000100101 E
b11010000000000010010001010100000 8
0%
#19035000
1%
#19040000
b10000100110 E
b10011011001101111100111000110110 8
0%
#19045000
1%
#19050000
b10000100111 E
b111000101111101000100001110 8
0%
#19055000
1%
#19060000
b1 A
1:
b10000101000 E
b11101100 &
b11101100 ;
1'
b11100010100001100000100111000 8
0%
#19065000
1<
b1 A
1!
b11101100 "
b11101100 B
b1 D
b11101101 5
b11101101 /
1%
#19070000
0<
0:
b10000101001 E
0(
b1000010110101101110001110000101 8
0'
b11101101 .
0%
#19075000
b11101100 )
0*
1+
1%
#19080000
b0 A
1<
b10000101010 E
1(
b11101011111001100000010011010111 8
0%
#19085000
0<
0!
b0 D
1*
b11101101 4
b11101101 ,
1%
#19090000
b1 A
1:
b10000101011 E
b11101101 &
b11101101 ;
1'
b11111101101110110001100111111 8
0%
#19095000
1<
b1 A
1!
0+
b11101101 "
b11101101 B
b1 D
b11101110 5
b11101110 /
1%
#19100000
b0 A
0:
b10000101100 E
b100111000101000001100001001 8
0'
b11101110 .
0%
#19105000
0<
0!
b0 D
b11101101 )
1+
b11101110 4
b11101110 ,
1%
#19110000
b1 A
1:
b10000101101 E
b11101110 &
b11101110 ;
1'
b110110001000010001110101101100 8
0%
#19115000
1<
b1 A
1!
0+
b11101110 "
b11101110 B
b1 D
b11101111 5
b11101111 /
1%
#19120000
b0 A
0:
b10000101110 E
b11000111111011011110110010001111 8
0'
b11101111 .
0%
#19125000
0<
0!
b0 D
b11101110 )
1+
b11101111 4
b11101111 ,
1%
#19130000
b10000101111 E
b1101010001101101001111111010100 8
0%
#19135000
0+
1%
#19140000
b10000110000 E
b11001011000110001010100010010110 8
0%
#19145000
1%
#19150000
b10000110001 E
b1110110011000010011001111101100 8
0%
#19155000
1%
#19160000
b10000110010 E
0(
b10010010010001111110011000100100 8
0%
#19165000
0*
1%
#19170000
b1 A
1:
b10000110011 E
1(
b11101111 &
b11101111 ;
1'
b111100100111001110010101111001 8
0%
#19175000
1<
b1 A
1!
1*
b11101111 "
b11101111 B
b1 D
b11110000 5
b11110000 /
1%
#19180000
b0 A
0:
b10000110100 E
b10011100011000011001001000111000 8
0'
b11110000 .
0%
#19185000
0<
0!
b0 D
b11101111 )
1+
b11110000 4
b11110000 ,
1%
#19190000
b10000110101 E
b101010100001001000001101010101 8
0%
#19195000
0+
1%
#19200000
b1 A
1:
b10000110110 E
0(
b11110000 &
b11110000 ;
1'
b11110001001110000101010011100010 8
0%
#19205000
b10 A
1!
b11110000 "
b11110000 B
b1 D
0*
b11110001 5
b11110001 /
1%
#19210000
b0 A
1<
0:
b10000110111 E
1(
b10111100000111011001011001111000 8
0'
b11110001 .
0%
#19215000
0<
0!
b11110000 )
1*
1+
b0 D
b11110001 4
b11110001 ,
1%
#19220000
b10000111000 E
b11100001101111001110100111000 8
0%
#19225000
0+
1%
#19230000
b1 A
1:
b10000111001 E
b11110001 &
b11110001 ;
1'
b11101001011001000110110011010010 8
0%
#19235000
1<
b1 A
1!
b11110001 "
b11110001 B
b1 D
b11110010 5
b11110010 /
1%
#19240000
b10000111010 E
b11110010 &
b11110010 ;
b111111110011111001011101111111 8
1'
b11110010 .
0%
#19245000
b11110010 "
b11110010 B
b11110001 )
1+
b11110010 4
b11110010 ,
b11110011 5
b11110011 /
1%
#19250000
b0 A
0:
b10000111011 E
b1010100110000001001100010101 8
0'
b11110011 .
0%
#19255000
0<
0!
b11110010 )
b0 D
b11110011 4
b11110011 ,
1%
#19260000
b10000111100 E
b10101101101000010010110001011011 8
0%
#19265000
0+
1%
#19270000
b10000111101 E
b1111111010001100101010111111110 8
0%
#19275000
1%
#19280000
b10000111110 E
b101111011010100000101101011110 8
0%
#19285000
1%
#19290000
b10000111111 E
b100100000101111011101101001000 8
0%
#19295000
1%
#19300000
b10001000000 E
b11101100101100001001110011011001 8
0%
#19305000
1%
#19310000
b10001000001 E
0(
b1100011010110111001010111000110 8
0%
#19315000
0*
1%
#19320000
b1 A
1:
b10001000010 E
1(
b11110011 &
b11110011 ;
1'
b10011001001100000001000000110010 8
0%
#19325000
1<
b1 A
1!
b11110011 "
b11110011 B
b1 D
1*
b11110100 5
b11110100 /
1%
#19330000
b0 A
0:
b10001000011 E
b1101100010100111110111111011000 8
0'
b11110100 .
0%
#19335000
0<
0!
b11110011 )
1+
b0 D
b11110100 4
b11110100 ,
1%
#19340000
b10001000100 E
b1011000000001000101001110110000 8
0%
#19345000
0+
1%
#19350000
b10001000101 E
b11011101010000011001000010111010 8
0%
#19355000
1%
#19360000
b1 A
1:
b10001000110 E
0(
b11110100 &
b11110100 ;
1'
b1111111100101100000101111111111 8
0%
#19365000
b10 A
1!
b11110100 "
b11110100 B
b1 D
0*
b11110101 5
b11110101 /
1%
#19370000
b0 A
1<
0:
b10001000111 E
1(
b11101100001100000000110011011000 8
0'
b11110101 .
0%
#19375000
0<
0!
b11110100 )
1*
1+
b0 D
b11110101 4
b11110101 ,
1%
#19380000
b10001001000 E
b101010010001101010101101010100 8
0%
#19385000
0+
1%
#19390000
b10001001001 E
b11011010100000011010100010110101 8
0%
#19395000
1%
#19400000
b10001001010 E
b111111110111000101100101111111 8
0%
#19405000
1%
#19410000
b10001001011 E
0(
b111111001110110111010101111110 8
0%
#19415000
0*
1%
#19420000
b10001001100 E
1(
b1100011101011100000010111000111 8
0%
#19425000
1*
1%
#19430000
b10001001101 E
0(
b1110100000100010011101111101000 8
0%
#19435000
0*
1%
#19440000
b1 A
1:
b10001001110 E
1(
b11110101 &
b11110101 ;
1'
b11110011100011110101100011100111 8
0%
#19445000
1<
b1 A
1!
b11110101 "
b11110101 B
b1 D
1*
b11110110 5
b11110110 /
1%
#19450000
b0 A
0:
b10001001111 E
b110001001100011000100101100010 8
0'
b11110110 .
0%
#19455000
0<
0!
b11110101 )
1+
b0 D
b11110110 4
b11110110 ,
1%
#19460000
b10001010000 E
b11011111001100001100000110 8
0%
#19465000
0+
1%
#19470000
b10001010001 E
b100011110100011010100101000111 8
0%
#19475000
1%
#19480000
b10001010010 E
b10000001110110110100000100 8
0%
#19485000
1%
#19490000
b10001010011 E
0(
b1011011110011010011100010110 8
0%
#19495000
0*
1%
#19500000
b10001010100 E
1(
b1110001100000010100001111100011 8
0%
#19505000
1*
1%
#19510000
b1 A
1:
b10001010101 E
b11110110 &
b11110110 ;
1'
b10101010000100000101000001010100 8
0%
#19515000
1<
b1 A
1!
b11110110 "
b11110110 B
b1 D
b11110111 5
b11110111 /
1%
#19520000
b0 A
0:
b10001010110 E
b11100001111010001111001011000011 8
0'
b11110111 .
0%
#19525000
0<
0!
b0 D
b11110110 )
1+
b11110111 4
b11110111 ,
1%
#19530000
b10001010111 E
b10010010101001110011000000100101 8
0%
#19535000
0+
1%
#19540000
b10001011000 E
b10111100101011110011100101111 8
0%
#19545000
1%
#19550000
b10001011001 E
b10100011000001101001010001000110 8
0%
#19555000
1%
#19560000
b10001011010 E
b1010101001000100101100010101 8
0%
#19565000
1%
#19570000
b10001011011 E
b10110011111110011000011001100111 8
0%
#19575000
1%
#19580000
b10001011100 E
b101011001000010000110101010110 8
0%
#19585000
1%
#19590000
b10001011101 E
b11001100010110011101001010011000 8
0%
#19595000
1%
#19600000
b10001011110 E
b10101111101011101011100101011 8
0%
#19605000
1%
#19610000
b10001011111 E
b11100010110111000000011011000101 8
0%
#19615000
1%
#19620000
b10001100000 E
b10100110100101010001011001001101 8
0%
#19625000
1%
#19630000
b10001100001 E
b11111010100110110110110011110101 8
0%
#19635000
1%
#19640000
b10001100010 E
b10001011001011111011100100010 8
0%
#19645000
1%
#19650000
b10001100011 E
0(
b100110011001100001000101001100 8
0%
#19655000
0*
1%
#19660000
b10001100100 E
1(
b1110010111100000110001111100101 8
0%
#19665000
1*
1%
#19670000
b1 A
1:
b10001100101 E
b11110111 &
b11110111 ;
1'
b10111110110010001100000001111101 8
0%
#19675000
1<
b1 A
1!
b11110111 "
b11110111 B
b1 D
b11111000 5
b11111000 /
1%
#19680000
b10001100110 E
b11111000 &
b11111000 ;
b11111111110010010000100011111111 8
1'
b11111000 .
0%
#19685000
b11111000 "
b11111000 B
b11110111 )
1+
b11111000 4
b11111000 ,
b11111001 5
b11111001 /
1%
#19690000
b0 A
0:
b10001100111 E
b11010110110110110000011010101101 8
0'
b11111001 .
0%
#19695000
0<
0!
b11111000 )
b0 D
b11111001 4
b11111001 ,
1%
#19700000
b10001101000 E
0(
b11000001001111010101001010000010 8
0%
#19705000
0*
0+
1%
#19710000
b10001101001 E
b10111011110010110011000001110111 8
0%
#19715000
1%
#19720000
b10001101010 E
1(
b10001010101111110110110000010101 8
0%
#19725000
1*
1%
#19730000
b1 A
1:
b10001101011 E
b11111001 &
b11111001 ;
1'
b1011001010100100011100010110 8
0%
#19735000
1<
b1 A
1!
b11111001 "
b11111001 B
b1 D
b11111010 5
b11111010 /
1%
#19740000
b0 A
0:
b10001101100 E
b10010100000100100100010000101000 8
0'
b11111010 .
0%
#19745000
0<
0!
b0 D
b11111001 )
1+
b11111010 4
b11111010 ,
1%
#19750000
b10001101101 E
0(
b10101011111110000001101001010111 8
0%
#19755000
0*
0+
1%
#19760000
b10001101110 E
1(
b11100100001101011000010011001000 8
0%
#19765000
1*
1%
#19770000
b10001101111 E
b10110110011011110011001001101100 8
0%
#19775000
1%
#19780000
b10001110000 E
b1111001000100011001101111110010 8
0%
#19785000
1%
#19790000
b10001110001 E
b10110100100001101111100101101 8
0%
#19795000
1%
#19800000
b10001110010 E
b11010111111000111011000010101111 8
0%
#19805000
1%
#19810000
b10001110011 E
b1110101011100010010101111101010 8
0%
#19815000
1%
#19820000
b10001110100 E
b1110010011010011011001111100100 8
0%
#19825000
1%
#19830000
b10001110101 E
b10110101010000101110000001101010 8
0%
#19835000
1%
#19840000
b10001110110 E
b1100110011100100111100011001 8
0%
#19845000
1%
#19850000
b10001110111 E
b1100001000111000110100011000 8
0%
#19855000
1%
#19860000
b1 A
1:
b10001111000 E
b11111010 &
b11111010 ;
1'
b10000010101001110111100100000 8
0%
#19865000
1<
b1 A
1!
b11111010 "
b11111010 B
b1 D
b11111011 5
b11111011 /
1%
#19870000
b0 A
0:
b10001111001 E
b10001001101001110111101000010011 8
0'
b11111011 .
0%
#19875000
0<
0!
b11111010 )
1+
b0 D
b11111011 4
b11111011 ,
1%
#19880000
b1 A
1:
b10001111010 E
b11111011 &
b11111011 ;
1'
b1110110110001011100000111101101 8
0%
#19885000
1<
b1 A
1!
b11111011 "
b11111011 B
b1 D
0+
b11111100 5
b11111100 /
1%
#19890000
b0 A
0:
b10001111011 E
b10010011001001011011100000100110 8
0'
b11111100 .
0%
#19895000
0<
0!
b11111011 )
1+
b0 D
b11111100 4
b11111100 ,
1%
#19900000
b1 A
1:
b10001111100 E
b11111100 &
b11111100 ;
1'
b10111010100110011010110001110101 8
0%
#19905000
1<
b1 A
1!
b11111100 "
b11111100 B
b1 D
0+
b11111101 5
b11111101 /
1%
#19910000
0<
0:
b10001111101 E
0(
b10100010110001000001000001000101 8
0'
b11111101 .
0%
#19915000
b11111100 )
0*
1+
1%
#19920000
1<
1:
b10001111110 E
1(
b11111101 &
b11111101 ;
1'
b11110111111001100110010011101111 8
0%
#19925000
b11111101 "
b11111101 B
1*
b11111101 4
b11111101 ,
b11111110 5
b11111110 /
1%
#19930000
b10001111111 E
b11111110 &
b11111110 ;
b1010101010000110001000110101010 8
1'
b11111110 .
0%
#19935000
b11111101 )
b11111110 "
b11111110 B
b11111110 4
b11111110 ,
b11111111 5
b11111111 /
1%
#19940000
b10010000000 E
b11111111 &
b11111111 ;
b101010000010100100111101010100 8
1'
b11111111 .
0%
#19945000
b11111111 "
b11111111 B
b11111110 )
b11111111 4
b11111111 ,
b100000000 5
b0 /
1%
#19950000
b0 A
0:
b10010000001 E
b10010010100010100000001000100101 8
0'
b0 .
0%
#19955000
0<
0!
b11111111 )
b0 D
b100000000 4
b0 ,
1%
#19960000
b10010000010 E
b110010000110001001101101100100 8
0%
#19965000
0+
1%
#19970000
b10010000011 E
b1011100111100101111001110111001 8
0%
#19975000
1%
#19980000
b10010000100 E
b10010000001010011010100100100 8
0%
#19985000
1%
#19990000
b10010000101 E
b10010011010101101010111000100110 8
0%
#19995000
1%
#20000000
b1 A
1:
b10010000110 E
b0 &
b0 ;
1'
b10001000100100001100010000010001 8
0%
#20005000
1<
b1 A
1!
b0 "
b0 B
b1 D
b100000001 5
b1 /
1%
#20010000
b0 A
0:
b10010000111 E
b10110001110110001100000001100011 8
0'
b1 .
0%
#20015000
0<
0!
b0 )
1+
b0 D
b100000001 4
b1 ,
1%
#20020000
b1 A
1:
b10010001000 E
b1 &
b1 ;
1'
b11111001111101001011101011110011 8
0%
#20025000
1<
b1 A
1!
b1 "
b1 B
b1 D
0+
b100000010 5
b10 /
1%
#20030000
b0 A
0:
b10010001001 E
b1011101011100110111011110111010 8
0'
b10 .
0%
#20035000
0<
0!
b1 )
1+
b0 D
b100000010 4
b10 ,
1%
#20040000
b10010001010 E
b1010001010011110100001110100010 8
0%
#20045000
0+
1%
#20050000
b10010001011 E
b1000110010000111101101110001100 8
0%
#20055000
1%
#20060000
b10010001100 E
b1000110110011110100011110001101 8
0%
#20065000
1%
#20070000
b10010001101 E
0(
b10101100100101011011100001011001 8
0%
#20075000
0*
1%
#20080000
b1 A
1:
b10010001110 E
1(
b10 &
b10 ;
1'
b110110101000000111001101101101 8
0%
#20085000
1<
b1 A
1!
b10 "
b10 B
b1 D
1*
b100000011 5
b11 /
1%
#20090000
b0 A
0:
b10010001111 E
b10010100101011111001111000101001 8
0'
b11 .
0%
#20095000
0<
0!
b10 )
1+
b0 D
b100000011 4
b11 ,
1%
#20100000
b10010010000 E
b1110100100101110011001111101001 8
0%
#20105000
0+
1%
#20110000
b1 A
1:
b10010010001 E
b11 &
b11 ;
1'
b1110101010111101101011111101010 8
0%
#20115000
1<
b1 A
1!
b11 "
b11 B
b1 D
b100000100 5
b100 /
1%
#20120000
b0 A
0:
b10010010010 E
b11001000100111001011010010010001 8
0'
b100 .
0%
#20125000
0<
0!
b0 D
b11 )
1+
b100000100 4
b100 ,
1%
#20130000
b10010010011 E
b11101101010000110110110011011010 8
0%
#20135000
0+
1%
#20140000
b10010010100 E
b1111111110110101110010111111111 8
0%
#20145000
1%
#20150000
b10010010101 E
b11001010110111000010111010010101 8
0%
#20155000
1%
#20160000
b10010010110 E
b111110101010000110101101111101 8
0%
#20165000
1%
#20170000
b10010010111 E
b1110011010100101010011111100110 8
0%
#20175000
1%
#20180000
b10010011000 E
b1111111001101001011100111111110 8
0%
#20185000
1%
#20190000
b10010011001 E
0(
b1110100000001110010001111101000 8
0%
#20195000
0*
1%
#20200000
b1 A
1:
b10010011010 E
1(
b100 &
b100 ;
1'
b1101000111100111111010111010001 8
0%
#20205000
1<
b1 A
1!
b100 "
b100 B
b1 D
1*
b100000101 5
b101 /
1%
#20210000
b0 A
0:
b10010011011 E
b11001010110111001010101010010101 8
0'
b101 .
0%
#20215000
0<
0!
b100 )
1+
b0 D
b100000101 4
b101 ,
1%
#20220000
b10010011100 E
b1101100110010110000111111011001 8
0%
#20225000
0+
1%
#20230000
b10010011101 E
b110001010001010001000101100010 8
0%
#20235000
1%
#20240000
b1 A
1:
b10010011110 E
b101 &
b101 ;
1'
b11010001111110111011000010100011 8
0%
#20245000
1<
b1 A
1!
b101 "
b101 B
b1 D
b100000110 5
b110 /
1%
#20250000
b0 A
0:
b10010011111 E
b1110110000011001101101111101100 8
0'
b110 .
0%
#20255000
0<
0!
b101 )
1+
b0 D
b100000110 4
b110 ,
1%
#20260000
b10010100000 E
b11111110100000100100100111111 8
0%
#20265000
0+
1%
#20270000
b1 A
1:
b10010100001 E
b110 &
b110 ;
1'
b10110001111001110101100001100011 8
0%
#20275000
1<
b1 A
1!
b110 "
b110 B
b1 D
b100000111 5
b111 /
1%
#20280000
b0 A
0:
b10010100010 E
b10000000010000000000100100000 8
0'
b111 .
0%
#20285000
0<
0!
b0 D
b110 )
1+
b100000111 4
b111 ,
1%
#20290000
b10010100011 E
0(
b11100010101110101001011011000101 8
0%
#20295000
0*
0+
1%
#20300000
b1 A
1:
b10010100100 E
1(
b111 &
b111 ;
1'
b1110110000000101100010111101100 8
0%
#20305000
1<
b1 A
1!
b111 "
b111 B
b1 D
1*
b100001000 5
b1000 /
1%
#20310000
0<
0:
b10010100101 E
0(
b111001101010110101111101110011 8
0'
b1000 .
0%
#20315000
b111 )
0*
1+
1%
#20320000
b0 A
1<
b10010100110 E
1(
b1000110101011010100001110001101 8
0%
#20325000
0<
0!
b0 D
1*
b100001000 4
b1000 ,
1%
#20330000
b10010100111 E
0(
b100111111010010011110101001111 8
0%
#20335000
0*
0+
1%
#20340000
b10010101000 E
b10101101001011001110010001011010 8
0%
#20345000
1%
#20350000
b10010101001 E
b11110110001110100111110011101100 8
0%
#20355000
1%
#20360000
b1 A
1:
b10010101010 E
1(
b1000 &
b1000 ;
1'
b11011000010010111101011010110000 8
0%
#20365000
1<
b1 A
1!
b1000 "
b1000 B
b1 D
1*
b100001001 5
b1001 /
1%
#20370000
b0 A
0:
b10010101011 E
b1110011010010000010110111100110 8
0'
b1001 .
0%
#20375000
0<
0!
b1000 )
1+
b0 D
b100001001 4
b1001 ,
1%
#20380000
b1 A
1:
b10010101100 E
b1001 &
b1001 ;
1'
b11101100101001010000011011011001 8
0%
#20385000
1<
b1 A
1!
b1001 "
b1001 B
b1 D
0+
b100001010 5
b1010 /
1%
#20390000
b0 A
0:
b10010101101 E
b100101010100001011100001001 8
0'
b1010 .
0%
#20395000
0<
0!
b1001 )
1+
b0 D
b100001010 4
b1010 ,
1%
#20400000
b10010101110 E
b1000111100100000001111110001111 8
0%
#20405000
0+
1%
#20410000
b10010101111 E
b100110101100101100100101001101 8
0%
#20415000
1%
#20420000
b10010110000 E
b11111110110011011000110011111101 8
0%
#20425000
1%
#20430000
b10010110001 E
b100110111110111000110101001101 8
0%
#20435000
1%
#20440000
b10010110010 E
b1001000111100100111101110010001 8
0%
#20445000
1%
#20450000
b10010110011 E
0(
b10100101101100000110111001001011 8
0%
#20455000
0*
1%
#20460000
b10010110100 E
b111010100101001101010101110101 8
0%
#20465000
1%
#20470000
b10010110101 E
1(
b101001100111000011110101010011 8
0%
#20475000
1*
1%
#20480000
b10010110110 E
b100001101110100100100001000 8
0%
#20485000
1%
#20490000
b1 A
1:
b10010110111 E
b1010 &
b1010 ;
1'
b11010010111101001000000010100101 8
0%
#20495000
1<
b1 A
1!
b1010 "
b1010 B
b1 D
b100001011 5
b1011 /
1%
#20500000
b0 A
0:
b10010111000 E
b10011100111101010100000000111001 8
0'
b1011 .
0%
#20505000
0<
0!
b0 D
b1010 )
1+
b100001011 4
b1011 ,
1%
#20510000
b10010111001 E
b11111000111001011000100011110001 8
0%
#20515000
0+
1%
#20520000
b10010111010 E
b10000101111011101110100000001011 8
0%
#20525000
1%
#20530000
b1 A
1:
b10010111011 E
0(
b1011 &
b1011 ;
1'
b111101110111100101111101111011 8
0%
#20535000
b10 A
1!
0*
b1011 "
b1011 B
b1 D
b100001100 5
b1100 /
1%
#20540000
b0 A
1<
0:
b10010111100 E
1(
b10010011101010010111100100100 8
0'
b1100 .
0%
#20545000
0<
0!
b0 D
b1011 )
1*
1+
b100001100 4
b1100 ,
1%
#20550000
b10010111101 E
b1100110100111001100111111001101 8
0%
#20555000
0+
1%
#20560000
b1 A
1:
b10010111110 E
b1100 &
b1100 ;
1'
b1100000111101011011110111000001 8
0%
#20565000
1<
b1 A
1!
b1100 "
b1100 B
b1 D
b100001101 5
b1101 /
1%
#20570000
0<
0:
b10010111111 E
0(
b11111111111110010110011011111111 8
0'
b1101 .
0%
#20575000
b1100 )
0*
1+
1%
#20580000
b0 A
1<
b10011000000 E
1(
b11110000101001110000000011100001 8
0%
#20585000
0<
0!
b0 D
1*
b100001101 4
b1101 ,
1%
#20590000
b10011000001 E
b10011111011100110111000000111110 8
0%
#20595000
0+
1%
#20600000
b10011000010 E
b1111111111101000010010111111111 8
0%
#20605000
1%
#20610000
b1 A
1:
b10011000011 E
b1101 &
b1101 ;
1'
b1001010011111001111100110010100 8
0%
#20615000
1<
b1 A
1!
b1101 "
b1101 B
b1 D
b100001110 5
b1110 /
1%
#20620000
0<
0:
b10011000100 E
0(
b10011111101010010001010000111111 8
0'
b1110 .
0%
#20625000
b1101 )
0*
1+
1%
#20630000
b0 A
1<
b10011000101 E
1(
b1010000100001101100110110100001 8
0%
#20635000
0<
0!
1*
b0 D
b100001110 4
b1110 ,
1%
#20640000
b1 A
1:
b10011000110 E
b1110 &
b1110 ;
1'
b100110110111100111111101001101 8
0%
#20645000
1<
b1 A
1!
b1110 "
b1110 B
b1 D
0+
b100001111 5
b1111 /
1%
#20650000
b0 A
0:
b10011000111 E
b10100011110011000111011001000111 8
0'
b1111 .
0%
#20655000
0<
0!
b1110 )
1+
b0 D
b100001111 4
b1111 ,
1%
#20660000
b10011001000 E
b1110011101001011100110111100111 8
0%
#20665000
0+
1%
#20670000
b1 A
1:
b10011001001 E
b1111 &
b1111 ;
1'
b1111100111000000100010111111001 8
0%
#20675000
1<
b1 A
1!
b1111 "
b1111 B
b1 D
b100010000 5
b10000 /
1%
#20680000
b10011001010 E
b10000 &
b10000 ;
b100100011101010010110101001000 8
1'
b10000 .
0%
#20685000
b10000 "
b10000 B
b1111 )
1+
b100010000 4
b10000 ,
b100010001 5
b10001 /
1%
#20690000
b10011001011 E
b10001 &
b10001 ;
b11010100111101110100000010101001 8
1'
b10001 .
0%
#20695000
b10000 )
b10001 "
b10001 B
b100010001 4
b10001 ,
b100010010 5
b10010 /
1%
#20700000
0<
0:
b10011001100 E
0(
b10110110010100111000011001101100 8
0'
b10010 .
0%
#20705000
b10001 )
0*
1%
#20710000
b0 A
1<
b10011001101 E
1(
b10111101010011011100000101 8
0%
#20715000
0<
0!
1*
b0 D
b100010010 4
b10010 ,
1%
#20720000
b10011001110 E
b110011110001001000110101100111 8
0%
#20725000
0+
1%
#20730000
b10011001111 E
b10000111001110001011001000001110 8
0%
#20735000
1%
#20740000
b10011010000 E
b11100000011101001010010011000000 8
0%
#20745000
1%
#20750000
b10011010001 E
b11010010001001110000001010100100 8
0%
#20755000
1%
#20760000
b10011010010 E
0(
b10001101101001001111111000011011 8
0%
#20765000
0*
1%
#20770000
b10011010011 E
1(
b10010001011110000011001000100010 8
0%
#20775000
1*
1%
#20780000
b10011010100 E
b11010101111000010100000110 8
0%
#20785000
1%
#20790000
b10011010101 E
b11010000010000110000110010100000 8
0%
#20795000
1%
#20800000
b10011010110 E
b10101010001110101110010001010100 8
0%
#20805000
1%
#20810000
b10011010111 E
b11110101110010010001110011101011 8
0%
#20815000
1%
#20820000
b1 A
1:
b10011011000 E
b10010 &
b10010 ;
1'
b1100010010101101000100111000100 8
0%
#20825000
1<
b1 A
1!
b10010 "
b10010 B
b1 D
b100010011 5
b10011 /
1%
#20830000
b0 A
0:
b10011011001 E
b1101111000000101010111111011110 8
0'
b10011 .
0%
#20835000
0<
0!
b10010 )
1+
b0 D
b100010011 4
b10011 ,
1%
#20840000
b10011011010 E
b110010011101101001111101100100 8
0%
#20845000
0+
1%
#20850000
b10011011011 E
b10001110111010101101000000011101 8
0%
#20855000
1%
#20860000
b10011011100 E
0(
b111100010110000001000101111000 8
0%
#20865000
0*
1%
#20870000
b10011011101 E
1(
b11110001100010110100110011100011 8
0%
#20875000
1*
1%
#20880000
b10011011110 E
0(
b100001100101001000101101000011 8
0%
#20885000
0*
1%
#20890000
b10011011111 E
1(
b1101101110010001011000111011011 8
0%
#20895000
1*
1%
#20900000
b1 A
1:
b10011100000 E
b10011 &
b10011 ;
1'
b11000101010011100111100010001010 8
0%
#20905000
1<
b1 A
1!
b10011 "
b10011 B
b1 D
b100010100 5
b10100 /
1%
#20910000
b0 A
0:
b10011100001 E
b1100001111011100100011111000011 8
0'
b10100 .
0%
#20915000
0<
0!
b10011 )
1+
b0 D
b100010100 4
b10100 ,
1%
#20920000
b1 A
1:
b10011100010 E
b10100 &
b10100 ;
1'
b10110100111010000100100101101 8
0%
#20925000
1<
b1 A
1!
b10100 "
b10100 B
b1 D
0+
b100010101 5
b10101 /
1%
#20930000
b0 A
0:
b10011100011 E
b11100110111110100001110011001101 8
0'
b10101 .
0%
#20935000
0<
0!
b10100 )
1+
b0 D
b100010101 4
b10101 ,
1%
#20940000
b10011100100 E
b1001111101110000010011110011111 8
0%
#20945000
0+
1%
#20950000
b10011100101 E
b110110101010001111101101101101 8
0%
#20955000
1%
#20960000
b1 A
1:
b10011100110 E
b10101 &
b10101 ;
1'
b11010101111001000111101010101011 8
0%
#20965000
1<
b1 A
1!
b10101 "
b10101 B
b1 D
b100010110 5
b10110 /
1%
#20970000
b10011100111 E
b10110 &
b10110 ;
b1010000010000100111000110100000 8
1'
b10110 .
0%
#20975000
b10101 )
1+
b10110 "
b10110 B
b100010110 4
b10110 ,
b100010111 5
b10111 /
1%
#20980000
b0 A
0:
b10011101000 E
b10100110000111110111010001001100 8
0'
b10111 .
0%
#20985000
0<
0!
b0 D
b10110 )
b100010111 4
b10111 ,
1%
#20990000
b10011101001 E
b10101000001001001100101001010000 8
0%
#20995000
0+
1%
#21000000
b1 A
1:
b10011101010 E
b10111 &
b10111 ;
1'
b11111010100010110100000011110101 8
0%
#21005000
1<
b1 A
1!
b10111 "
b10111 B
b1 D
b100011000 5
b11000 /
1%
#21010000
b0 A
0:
b10011101011 E
b1101110000100010001001111011100 8
0'
b11000 .
0%
#21015000
0<
0!
b10111 )
1+
b0 D
b100011000 4
b11000 ,
1%
#21020000
b10011101100 E
b10010100100110101100100000101001 8
0%
#21025000
0+
1%
#21030000
b10011101101 E
b10110110001101110001010001101100 8
0%
#21035000
1%
#21040000
b10011101110 E
b11010111111111011011100010101111 8
0%
#21045000
1%
#21050000
b10011101111 E
b10010001000000010101111000100010 8
0%
#21055000
1%
#21060000
b10011110000 E
b10100010010011000111111001000100 8
0%
#21065000
1%
#21070000
b1 A
1:
b10011110001 E
b11000 &
b11000 ;
1'
b11011101101000010011101010111011 8
0%
#21075000
1<
b1 A
1!
b11000 "
b11000 B
b1 D
b100011001 5
b11001 /
1%
#21080000
b10011110010 E
b11001 &
b11001 ;
b10001011011101000100001000010110 8
1'
b11001 .
0%
#21085000
b11001 "
b11001 B
b11000 )
1+
b100011001 4
b11001 ,
b100011010 5
b11010 /
1%
#21090000
b0 A
0:
b10011110011 E
b1100011010110101011010111000110 8
0'
b11010 .
0%
#21095000
0<
0!
b11001 )
b0 D
b100011010 4
b11010 ,
1%
#21100000
b10011110100 E
b11111010111000101111011011110101 8
0%
#21105000
0+
1%
#21110000
b10011110101 E
b1111101100100001001101111111011 8
0%
#21115000
1%
#21120000
b10011110110 E
b111101011100110100001101111010 8
0%
#21125000
1%
#21130000
b10011110111 E
b1100110100100000111011111001101 8
0%
#21135000
1%
#21140000
b10011111000 E
b10001000000110001001001000010000 8
0%
#21145000
1%
#21150000
b10011111001 E
b11101101000111101001011011011010 8
0%
#21155000
1%
#21160000
b10011111010 E
b10010011010010110001001000100110 8
0%
#21165000
1%
#21170000
b10011111011 E
b100000110000100000010101000001 8
0%
#21175000
1%
#21180000
b10011111100 E
0(
b111011001100111011000101110110 8
0%
#21185000
0*
1%
#21190000
b10011111101 E
1(
b1000000110100001000110110000001 8
0%
#21195000
1*
1%
#21200000
b10011111110 E
0(
b1010000100110000001011110100001 8
0%
#21205000
0*
1%
#21210000
b10011111111 E
1(
b11111010001110101011110011110100 8
0%
#21215000
1*
1%
#21220000
b10100000000 E
b10000110100001101011001000001101 8
0%
#21225000
1%
#21230000
b10100000001 E
b11000000000101111101111010000000 8
0%
#21235000
1%
#21240000
b1 A
1:
b10100000010 E
0(
b11010 &
b11010 ;
1'
b101000110000101010111101010001 8
0%
#21245000
b10 A
1!
b11010 "
b11010 B
b1 D
0*
b100011011 5
b11011 /
1%
#21250000
b1 A
1<
b10100000011 E
1(
b11011 &
b11011 ;
b11001010111100011111111010010101 8
1'
b11011 .
0%
#21255000
b11010 )
1*
1+
b11011 "
b11011 B
b100011011 4
b11011 ,
b100011100 5
b11100 /
1%
#21260000
b10100000100 E
b11100 &
b11100 ;
b110111011111111011100001101 8
1'
b11100 .
0%
#21265000
b11100 "
b11100 B
b11011 )
b100011100 4
b11100 ,
b100011101 5
b11101 /
1%
#21270000
b0 A
0:
b10100000101 E
b1010110100011110101100010101 8
0'
b11101 .
0%
#21275000
0<
0!
b11100 )
b0 D
b100011101 4
b11101 ,
1%
#21280000
b10100000110 E
0(
b11000000011111110011100010000000 8
0%
#21285000
0*
0+
1%
#21290000
b10100000111 E
1(
b11000000010110010110100110000 8
0%
#21295000
1*
1%
#21300000
b1 A
1:
b10100001000 E
b11101 &
b11101 ;
1'
b1011101010110011101111110111010 8
0%
#21305000
1<
b1 A
1!
b11101 "
b11101 B
b1 D
b100011110 5
b11110 /
1%
#21310000
b0 A
0:
b10100001001 E
b11101110110010000001000011011101 8
0'
b11110 .
0%
#21315000
0<
0!
b11101 )
1+
b0 D
b100011110 4
b11110 ,
1%
#21320000
b10100001010 E
b11011111010011100001010010111110 8
0%
#21325000
0+
1%
#21330000
b10100001011 E
b1010101011010010100000010 8
0%
#21335000
1%
#21340000
b1 A
1:
b10100001100 E
b11110 &
b11110 ;
1'
b111000001110101100100101110000 8
0%
#21345000
1<
b1 A
1!
b11110 "
b11110 B
b1 D
b100011111 5
b11111 /
1%
#21350000
b0 A
0:
b10100001101 E
b11101101001011111011010011011010 8
0'
b11111 .
0%
#21355000
0<
0!
b11110 )
1+
b0 D
b100011111 4
b11111 ,
1%
#21360000
b1 A
1:
b10100001110 E
0(
b11111 &
b11111 ;
1'
b11010000111110111010010010100001 8
0%
#21365000
b10 A
1!
b11111 "
b11111 B
b1 D
0*
0+
b100100000 5
b100000 /
1%
#21370000
b1 A
1<
b10100001111 E
1(
b100000 &
b100000 ;
b11011110110011001100100010111101 8
1'
b100000 .
0%
#21375000
b11111 )
1*
1+
b100000 "
b100000 B
b100100000 4
b100000 ,
b100100001 5
b100001 /
1%
#21380000
b10100010000 E
b100001 &
b100001 ;
b10001101000101010001011000011010 8
1'
b100001 .
0%
#21385000
b100001 "
b100001 B
b100000 )
b100100001 4
b100001 ,
b100100010 5
b100010 /
1%
#21390000
b0 A
0:
b10100010001 E
b1110000001010100011000111100000 8
0'
b100010 .
0%
#21395000
0<
0!
b100001 )
b0 D
b100100010 4
b100010 ,
1%
#21400000
b10100010010 E
b11110111001000000100100011101110 8
0%
#21405000
0+
1%
#21410000
b1 A
1:
b10100010011 E
b100010 &
b100010 ;
1'
b10001110000101111111100000011100 8
0%
#21415000
1<
b1 A
1!
b100010 "
b100010 B
b1 D
b100100011 5
b100011 /
1%
#21420000
b0 A
0:
b10100010100 E
b1111101110010011100000011 8
0'
b100011 .
0%
#21425000
0<
0!
b0 D
b100010 )
1+
b100100011 4
b100011 ,
1%
#21430000
b10100010101 E
b10110000010001001110100001100000 8
0%
#21435000
0+
1%
#21440000
b10100010110 E
b10001010101000000101111000010101 8
0%
#21445000
1%
#21450000
b10100010111 E
0(
b1110000000010101001001111100000 8
0%
#21455000
0*
1%
#21460000
b10100011000 E
1(
b10000110111110110101101000001101 8
0%
#21465000
1*
1%
#21470000
b10100011001 E
b1001001111110010011110110010011 8
0%
#21475000
1%
#21480000
b1 A
1:
b10100011010 E
b100011 &
b100011 ;
1'
b10001101001011000100011000011010 8
0%
#21485000
1<
b1 A
1!
b100011 "
b100011 B
b1 D
b100100100 5
b100100 /
1%
#21490000
b10100011011 E
b100100 &
b100100 ;
b10110001000111111011100101100 8
1'
b100100 .
0%
#21495000
b100011 )
1+
b100100 "
b100100 B
b100100100 4
b100100 ,
b100100101 5
b100101 /
1%
#21500000
b10 A
0<
b10100011100 E
0(
b100101 &
b100101 ;
b11111110010000001000100111111 8
1'
b100101 .
0%
#21505000
0:
0#
b100101 C
b100101 "
b100101 B
b10 D
b100100 )
0*
b100100110 5
b100110 /
1%
#21510000
b1 A
1<
b10100011101 E
1(
b10101011100110010101001001010111 8
0%
#21515000
1:
b1 A
1#
b100101 )
1*
b1 D
b100100101 4
b100101 ,
b10111010 3
1%
#21520000
b0 A
0:
b10100011110 E
b11010111000111010010111010101110 8
0'
b100110 .
0%
#21525000
0<
0!
b0 D
b100100110 4
b100110 ,
1%
#21530000
b10100011111 E
b100011000011101100111101000110 8
0%
#21535000
0+
1%
#21540000
b10100100000 E
b1111010111011110100011111110101 8
0%
#21545000
1%
#21550000
b1 A
1:
b10100100001 E
b100110 &
b100110 ;
1'
b1111010010101000000100111110100 8
0%
#21555000
1<
b1 A
1!
b100110 "
b100110 B
b1 D
b100100111 5
b100111 /
1%
#21560000
b0 A
0:
b10100100010 E
b11110010011111010100001011100100 8
0'
b100111 .
0%
#21565000
0<
0!
b0 D
b100110 )
1+
b100100111 4
b100111 ,
1%
#21570000
b10100100011 E
b10011111101010110011110000111111 8
0%
#21575000
0+
1%
#21580000
b10100100100 E
b10001110000010101011110000011100 8
0%
#21585000
1%
#21590000
b10100100101 E
b110111110100000110011101101111 8
0%
#21595000
1%
#21600000
b1 A
1:
b10100100110 E
b100111 &
b100111 ;
1'
b11110101110110110001010011101011 8
0%
#21605000
1<
b1 A
1!
b100111 "
b100111 B
b1 D
b100101000 5
b101000 /
1%
#21610000
0<
0:
b10100100111 E
0(
b11100001111101010100001011000011 8
0'
b101000 .
0%
#21615000
b100111 )
0*
1+
1%
#21620000
1<
1:
b10100101000 E
1(
b101000 &
b101000 ;
1'
b110101100011010110001101101011 8
0%
#21625000
b101000 "
b101000 B
1*
b100101000 4
b101000 ,
b100101001 5
b101001 /
1%
#21630000
b0 A
0:
b10100101001 E
b1110001011111010100101111100010 8
0'
b101001 .
0%
#21635000
0<
0!
b101000 )
b0 D
b100101001 4
b101001 ,
1%
#21640000
b1 A
1:
b10100101010 E
b101001 &
b101001 ;
1'
b10100011001110001000011001000110 8
0%
#21645000
1<
b1 A
1!
b101001 "
b101001 B
b1 D
0+
b100101010 5
b101010 /
1%
#21650000
b10100101011 E
b101010 &
b101010 ;
b11011001011110011011111010110010 8
1'
b101010 .
0%
#21655000
b101001 )
1+
b101010 "
b101010 B
b100101010 4
b101010 ,
b100101011 5
b101011 /
1%
#21660000
b0 A
0:
b10100101100 E
b10111110010001110001100001111100 8
0'
b101011 .
0%
#21665000
0<
0!
b0 D
b101010 )
b100101011 4
b101011 ,
1%
#21670000
b10100101101 E
b1000101111001011001011110001011 8
0%
#21675000
0+
1%
#21680000
b10100101110 E
0(
b11100010000100110111011011000100 8
0%
#21685000
0*
1%
#21690000
b1 A
1:
b10100101111 E
1(
b101011 &
b101011 ;
1'
b10011110101000011001000000111101 8
0%
#21695000
1<
b1 A
1!
1*
b101011 "
b101011 B
b1 D
b100101100 5
b101100 /
1%
#21700000
b0 A
0:
b10100110000 E
b1101000010000111011110111010000 8
0'
b101100 .
0%
#21705000
0<
0!
b0 D
b101011 )
1+
b100101100 4
b101100 ,
1%
#21710000
b10100110001 E
b1110000001100000010100111100000 8
0%
#21715000
0+
1%
#21720000
b10100110010 E
b10010110111001011100011000101101 8
0%
#21725000
1%
#21730000
b10100110011 E
b11110110001100011001101011101100 8
0%
#21735000
1%
#21740000
b10100110100 E
b1110110010010110010111111101100 8
0%
#21745000
1%
#21750000
b10100110101 E
b11000011100111111110001010000111 8
0%
#21755000
1%
#21760000
b10100110110 E
0(
b1101010101001010101010111010101 8
0%
#21765000
0*
1%
#21770000
b10100110111 E
1(
b1000100110010101011110110001001 8
0%
#21775000
1*
1%
#21780000
b10100111000 E
b101101011000010101000101011010 8
0%
#21785000
1%
#21790000
b10100111001 E
b10111000100111010010100101110 8
0%
#21795000
1%
#21800000
b1 A
1:
b10100111010 E
b101100 &
b101100 ;
1'
b10000010010001000000001000000100 8
0%
#21805000
1<
b1 A
1!
b101100 "
b101100 B
b1 D
b100101101 5
b101101 /
1%
#21810000
b10100111011 E
b101101 &
b101101 ;
b11110010011010011101010011100100 8
1'
b101101 .
0%
#21815000
b101100 )
1+
b101101 "
b101101 B
b100101101 4
b101101 ,
b100101110 5
b101110 /
1%
#21820000
0<
0:
b10100111100 E
0(
b11000100010001100000001010001000 8
0'
b101110 .
0%
#21825000
b101101 )
0*
1%
#21830000
b10100111101 E
b10100000100001100100110001000001 8
0%
#21835000
1%
#21840000
b0 A
1<
b10100111110 E
1(
b100110001011111010111101001100 8
0%
#21845000
0<
0!
b0 D
1*
b100101110 4
b101110 ,
1%
#21850000
b1 A
1:
b10100111111 E
b101110 &
b101110 ;
1'
b111101111001111100010101111011 8
0%
#21855000
1<
b1 A
1!
0+
b101110 "
b101110 B
b1 D
b100101111 5
b101111 /
1%
#21860000
b0 A
0:
b10101000000 E
b1000010111101010010001110000101 8
0'
b101111 .
0%
#21865000
0<
0!
b0 D
b101110 )
1+
b100101111 4
b101111 ,
1%
#21870000
b10101000001 E
b11000000100011101011101010000001 8
0%
#21875000
0+
1%
#21880000
b10101000010 E
b1011001110100100011101110110011 8
0%
#21885000
1%
#21890000
b10101000011 E
b10000000011110010110101000000000 8
0%
#21895000
1%
#21900000
b10101000100 E
b1010010001001101001000110100100 8
0%
#21905000
1%
#21910000
b10101000101 E
b111101110111111101000101111011 8
0%
#21915000
1%
#21920000
b10101000110 E
b1100011000100011000010111000110 8
0%
#21925000
1%
#21930000
b10101000111 E
b11100001001011111010011011000010 8
0%
#21935000
1%
#21940000
b10101001000 E
b11111010110011100010111011110101 8
0%
#21945000
1%
#21950000
b10101001001 E
0(
b11110000110010000110110011100001 8
0%
#21955000
0*
1%
#21960000
b1 A
1:
b10101001010 E
1(
b101111 &
b101111 ;
1'
b1000001110011110110111110000011 8
0%
#21965000
1<
b1 A
1!
b101111 "
b101111 B
b1 D
1*
b100110000 5
b110000 /
1%
#21970000
b10101001011 E
b110000 &
b110000 ;
b1111000011101110101110111110000 8
1'
b110000 .
0%
#21975000
b101111 )
1+
b110000 "
b110000 B
b100110000 4
b110000 ,
b100110001 5
b110001 /
1%
#21980000
b0 A
0:
b10101001100 E
b1010101100110111101110110101011 8
0'
b110001 .
0%
#21985000
0<
0!
b0 D
b110000 )
b100110001 4
b110001 ,
1%
#21990000
b1 A
1:
b10101001101 E
b110001 &
b110001 ;
1'
b11011110101100110111000010111101 8
0%
#21995000
1<
b1 A
1!
0+
b110001 "
b110001 B
b1 D
b100110010 5
b110010 /
1%
#22000000
b0 A
0:
b10101001110 E
b10111011010011101011100101110 8
0'
b110010 .
0%
#22005000
0<
0!
b0 D
b110001 )
1+
b100110010 4
b110010 ,
1%
#22010000
b10101001111 E
b11100011100110010110011011000111 8
0%
#22015000
0+
1%
#22020000
b10101010000 E
b101010011110110111100101010100 8
0%
#22025000
1%
#22030000
b10101010001 E
b11000101101001111011101010001011 8
0%
#22035000
1%
#22040000
b10101010010 E
b1111110001110101001111111111100 8
0%
#22045000
1%
#22050000
b10101010011 E
b1001000001110101010100110010000 8
0%
#22055000
1%
#22060000
b1 A
1:
b10101010100 E
b110010 &
b110010 ;
1'
b10000000000101001110001000000000 8
0%
#22065000
1<
b1 A
1!
b110010 "
b110010 B
b1 D
b100110011 5
b110011 /
1%
#22070000
b0 A
0:
b10101010101 E
b10111110010000010110100101111 8
0'
b110011 .
0%
#22075000
0<
0!
b110010 )
1+
b0 D
b100110011 4
b110011 ,
1%
#22080000
b10101010110 E
b11010001000101111010010010100010 8
0%
#22085000
0+
1%
#22090000
b10101010111 E
b11000111110111000000001010001111 8
0%
#22095000
1%
#22100000
b10101011000 E
b11011010010111111110100110110 8
0%
#22105000
1%
#22110000
b1 A
1:
b10101011001 E
b110011 &
b110011 ;
1'
b1100110110100111010011111001101 8
0%
#22115000
1<
b1 A
1!
b110011 "
b110011 B
b1 D
b100110100 5
b110100 /
1%
#22120000
b0 A
0:
b10101011010 E
b1100010110100101100101111000101 8
0'
b110100 .
0%
#22125000
0<
0!
b0 D
b110011 )
1+
b100110100 4
b110100 ,
1%
#22130000
b10101011011 E
b1100011010110100101001111000110 8
0%
#22135000
0+
1%
#22140000
b10101011100 E
b11101110110000001010011011011101 8
0%
#22145000
1%
#22150000
b10101011101 E
b111111101001010000010101111111 8
0%
#22155000
1%
#22160000
b10101011110 E
0(
b10100101101110011110111001001011 8
0%
#22165000
0*
1%
#22170000
b10101011111 E
1(
b1001110011011100111101110011100 8
0%
#22175000
1*
1%
#22180000
b10101100000 E
0(
b1111010010011101011111111110100 8
0%
#22185000
0*
1%
#22190000
b10101100001 E
1(
b1110101101100110010110111101011 8
0%
#22195000
1*
1%
#22200000
b10101100010 E
0(
b1000011000101101111001110000110 8
0%
#22205000
0*
1%
#22210000
b10101100011 E
b10110011001011010101100001100110 8
0%
#22215000
1%
#22220000
b10101100100 E
1(
b11010100011100010010100110101 8
0%
#22225000
1*
1%
#22230000
b1 A
1:
b10101100101 E
b110100 &
b110100 ;
1'
b11011110100100001111101010111101 8
0%
#22235000
1<
b1 A
1!
b110100 "
b110100 B
b1 D
b100110101 5
b110101 /
1%
#22240000
b0 A
0:
b10101100110 E
b100010101011111011010101000101 8
0'
b110101 .
0%
#22245000
0<
0!
b0 D
b110100 )
1+
b100110101 4
b110101 ,
1%
#22250000
b10101100111 E
b11100101100001111100110011001011 8
0%
#22255000
0+
1%
#22260000
b10101101000 E
b1001000010100101011101110010000 8
0%
#22265000
1%
#22270000
b1 A
1:
b10101101001 E
b110101 &
b110101 ;
1'
b1111101011011010100111111111010 8
0%
#22275000
1<
b1 A
1!
b110101 "
b110101 B
b1 D
b100110110 5
b110110 /
1%
#22280000
b0 A
0:
b10101101010 E
b1100010010001100001011111000100 8
0'
b110110 .
0%
#22285000
0<
0!
b0 D
b110101 )
1+
b100110110 4
b110110 ,
1%
#22290000
b10101101011 E
b110110010101011100100001101 8
0%
#22295000
0+
1%
#22300000
b10101101100 E
0(
b11001000001011000110000010010000 8
0%
#22305000
0*
1%
#22310000
b10101101101 E
1(
b11110100100110000101100111101 8
0%
#22315000
1*
1%
#22320000
b1 A
1:
b10101101110 E
b110110 &
b110110 ;
1'
b111101000101111111011101111010 8
0%
#22325000
1<
b1 A
1!
b110110 "
b110110 B
b1 D
b100110111 5
b110111 /
1%
#22330000
b0 A
0:
b10101101111 E
b11001000111101111110100110010 8
0'
b110111 .
0%
#22335000
0<
0!
b110110 )
1+
b0 D
b100110111 4
b110111 ,
1%
#22340000
b10101110000 E
0(
b11001001111001101111010010010011 8
0%
#22345000
0*
0+
1%
#22350000
b10101110001 E
1(
b1100010111010010000110111000101 8
0%
#22355000
1*
1%
#22360000
b10101110010 E
b11100011010111110011010011000110 8
0%
#22365000
1%
#22370000
b10101110011 E
b10000011000010010111011000000110 8
0%
#22375000
1%
#22380000
b10101110100 E
b11111000000010100101011011110000 8
0%
#22385000
1%
#22390000
b10101110101 E
b111011011100100011011101110110 8
0%
#22395000
1%
#22400000
b10101110110 E
b1000001110100011011010110000011 8
0%
#22405000
1%
#22410000
b10101110111 E
0(
b10111010110000100100000101 8
0%
#22415000
0*
1%
#22420000
b1 A
1:
b10101111000 E
1(
b110111 &
b110111 ;
1'
b1110111010110100110100111101110 8
0%
#22425000
1<
b1 A
1!
b110111 "
b110111 B
b1 D
1*
b100111000 5
b111000 /
1%
#22430000
b0 A
0:
b10101111001 E
b11010100110011010110011010101001 8
0'
b111000 .
0%
#22435000
0<
0!
b110111 )
1+
b0 D
b100111000 4
b111000 ,
1%
#22440000
b10101111010 E
b10111001001000010101000001110010 8
0%
#22445000
0+
1%
#22450000
b10101111011 E
b10010100000001001000100100101 8
0%
#22455000
1%
#22460000
b10101111100 E
b11010110010101110000101010101100 8
0%
#22465000
1%
#22470000
b10101111101 E
b11110010101101010111111011100101 8
0%
#22475000
1%
#22480000
b10101111110 E
b11000101011110111110111010001010 8
0%
#22485000
1%
#22490000
b10101111111 E
b10111010011000101111000001110100 8
0%
#22495000
1%
#22500000
b10110000000 E
b11101100101111000001101011011001 8
0%
#22505000
1%
#22510000
b10110000001 E
b10111011100000010101111001110111 8
0%
#22515000
1%
#22520000
b10110000010 E
b10010110000010110110100000101100 8
0%
#22525000
1%
#22530000
b10110000011 E
b11010101100001110000011010101011 8
0%
#22535000
1%
#22540000
b10110000100 E
b10101011000000010111100001010110 8
0%
#22545000
1%
#22550000
b10110000101 E
b11110011101000111110010011100111 8
0%
#22555000
1%
#22560000
b10110000110 E
0(
b10010100011101011010010000101000 8
0%
#22565000
0*
1%
#22570000
b1 A
1:
b10110000111 E
1(
b111000 &
b111000 ;
1'
b11000100101111011011001010001001 8
0%
#22575000
1<
b1 A
1!
1*
b111000 "
b111000 B
b1 D
b100111001 5
b111001 /
1%
#22580000
b0 A
0:
b10110001000 E
b11011001110110110000011010110011 8
0'
b111001 .
0%
#22585000
0<
0!
b0 D
b111000 )
1+
b100111001 4
b111001 ,
1%
#22590000
b1 A
1:
b10110001001 E
b111001 &
b111001 ;
1'
b10101001001010111111000001010010 8
0%
#22595000
1<
b1 A
1!
0+
b111001 "
b111001 B
b1 D
b100111010 5
b111010 /
1%
#22600000
b10110001010 E
b111010 &
b111010 ;
b11011100010111000111110010111000 8
1'
b111010 .
0%
#22605000
b111010 "
b111010 B
b111001 )
1+
b100111010 4
b111010 ,
b100111011 5
b111011 /
1%
#22610000
b0 A
0:
b10110001011 E
b10010010001100111101011000100100 8
0'
b111011 .
0%
#22615000
0<
0!
b111010 )
b0 D
b100111011 4
b111011 ,
1%
#22620000
b10110001100 E
b11001001101110001010010010010011 8
0%
#22625000
0+
1%
#22630000
b10110001101 E
b1001111010001000110010110011110 8
0%
#22635000
1%
#22640000
b10110001110 E
0(
b10100010110111011101011001000101 8
0%
#22645000
0*
1%
#22650000
b10110001111 E
1(
b10000100111100100101001000001001 8
0%
#22655000
1*
1%
#22660000
b10110010000 E
0(
b11110010010001100011000011100100 8
0%
#22665000
0*
1%
#22670000
b10110010001 E
1(
b1001001101101000001111110010011 8
0%
#22675000
1*
1%
#22680000
b10110010010 E
b10001110000100111000110000011100 8
0%
#22685000
1%
#22690000
b1 A
1:
b10110010011 E
0(
b111011 &
b111011 ;
1'
b100100010111100000010101001000 8
0%
#22695000
b10 A
1!
0*
b111011 "
b111011 B
b1 D
b100111100 5
b111100 /
1%
#22700000
b0 A
1<
0:
b10110010100 E
1(
b10000001111010111000101000000011 8
0'
b111100 .
0%
#22705000
0<
0!
b0 D
b111011 )
1*
1+
b100111100 4
b111100 ,
1%
#22710000
b10110010101 E
0(
b11101000010111100000000011010000 8
0%
#22715000
0*
0+
1%
#22720000
b10110010110 E
1(
b11111100100100111000010011111001 8
0%
#22725000
1*
1%
#22730000
b10110010111 E
b10101011101101111100111001010111 8
0%
#22735000
1%
#22740000
b1 A
1:
b10110011000 E
b111100 &
b111100 ;
1'
b11011101010011001001010010111010 8
0%
#22745000
1<
b1 A
1!
b111100 "
b111100 B
b1 D
b100111101 5
b111101 /
1%
#22750000
b0 A
0:
b10110011001 E
b11010010110000001110100010100101 8
0'
b111101 .
0%
#22755000
0<
0!
b111100 )
1+
b0 D
b100111101 4
b111101 ,
1%
#22760000
b10110011010 E
b111100111011111001100101111001 8
0%
#22765000
0+
1%
#22770000
b10110011011 E
b11101101100111001000111011011011 8
0%
#22775000
1%
#22780000
b10110011100 E
0(
b1110110010010010110100011101 8
0%
#22785000
0*
1%
#22790000
b10110011101 E
1(
b11100011011101111011100011000110 8
0%
#22795000
1*
1%
#22800000
b10110011110 E
b10110101001101011010111001101010 8
0%
#22805000
1%
#22810000
b10110011111 E
b10100111100001010010010001001111 8
0%
#22815000
1%
#22820000
b1 A
1:
b10110100000 E
b111101 &
b111101 ;
1'
b100101111111010011010101001011 8
0%
#22825000
1<
b1 A
1!
b111101 "
b111101 B
b1 D
b100111110 5
b111110 /
1%
#22830000
b0 A
0:
b10110100001 E
b1110011101110010101000111100111 8
0'
b111110 .
0%
#22835000
0<
0!
b111101 )
1+
b0 D
b100111110 4
b111110 ,
1%
#22840000
b10110100010 E
0(
b11111010011011111010000011110100 8
0%
#22845000
0*
0+
1%
#22850000
b10110100011 E
b1000101010001100111010110001010 8
0%
#22855000
1%
#22860000
b10110100100 E
1(
b10000111010000001000110000001110 8
0%
#22865000
1*
1%
#22870000
b1 A
1:
b10110100101 E
b111110 &
b111110 ;
1'
b10110110110001000110100101101 8
0%
#22875000
1<
b1 A
1!
b111110 "
b111110 B
b1 D
b100111111 5
b111111 /
1%
#22880000
b10110100110 E
b111111 &
b111111 ;
b11011000001000110101010010110000 8
1'
b111111 .
0%
#22885000
b111111 "
b111111 B
b111110 )
1+
b100111111 4
b111111 ,
b101000000 5
b1000000 /
1%
#22890000
b0 A
0:
b10110100111 E
b10100100100010101100100101001 8
0'
b1000000 .
0%
#22895000
0<
0!
b111111 )
b0 D
b101000000 4
b1000000 ,
1%
#22900000
b10110101000 E
b101011001001110001001101010110 8
0%
#22905000
0+
1%
#22910000
b10110101001 E
b11000101110001000101001010001011 8
0%
#22915000
1%
#22920000
b1 A
1:
b10110101010 E
b1000000 &
b1000000 ;
1'
b1000111110100101010010110001111 8
0%
#22925000
1<
b1 A
1!
b1000000 "
b1000000 B
b1 D
b101000001 5
b1000001 /
1%
#22930000
0<
0:
b10110101011 E
0(
b11101000011100101011010011010000 8
0'
b1000001 .
0%
#22935000
b1000000 )
0*
1+
1%
#22940000
1<
1:
b10110101100 E
1(
b1000001 &
b1000001 ;
1'
b11001110000000001010011010011100 8
0%
#22945000
b1000001 "
b1000001 B
1*
b101000001 4
b1000001 ,
b101000010 5
b1000010 /
1%
#22950000
b10110101101 E
b1000010 &
b1000010 ;
b1111010100001110111111111110101 8
1'
b1000010 .
0%
#22955000
b1000001 )
b1000010 "
b1000010 B
b101000010 4
b1000010 ,
b101000011 5
b1000011 /
1%
#22960000
b0 A
0:
b10110101110 E
b1011000011110110111010110110000 8
0'
b1000011 .
0%
#22965000
0<
0!
b0 D
b1000010 )
b101000011 4
b1000011 ,
1%
#22970000
b10110101111 E
b101100110100110110100101011001 8
0%
#22975000
0+
1%
#22980000
b10110110000 E
b1111010110010010101100011110 8
0%
#22985000
1%
#22990000
b10110110001 E
b111011110010001111000101110111 8
0%
#22995000
1%
#23000000
b10110110010 E
b110000101111010010100001100 8
0%
#23005000
1%
#23010000
b10110110011 E
b1101001111110000101001111010011 8
0%
#23015000
1%
#23020000
b10110110100 E
b10000001011110000111111000000010 8
0%
#23025000
1%
#23030000
b10110110101 E
0(
b10011000010010111000101000110000 8
0%
#23035000
0*
1%
#23040000
b10110110110 E
1(
b1000111010001001100000010 8
0%
#23045000
1*
1%
#23050000
b10110110111 E
b111000000000100101010101110000 8
0%
#23055000
1%
#23060000
b10110111000 E
b10101000111000101000000001010001 8
0%
#23065000
1%
#23070000
b10110111001 E
b10010010011011100010101000100100 8
0%
#23075000
1%
#23080000
b10110111010 E
b1100101111111011010000111001011 8
0%
#23085000
1%
#23090000
b10110111011 E
b10100010011011100100110001000100 8
0%
#23095000
1%
#23100000
b1 A
1:
b10110111100 E
0(
b1000011 &
b1000011 ;
1'
b11101011110101110001000011010111 8
0%
#23105000
b10 A
1!
b1000011 "
b1000011 B
b1 D
0*
b101000100 5
b1000100 /
1%
#23110000
b0 A
1<
0:
b10110111101 E
1(
b11111011101010111011001011110111 8
0'
b1000100 .
0%
#23115000
0<
0!
b1000011 )
1*
1+
b0 D
b101000100 4
b1000100 ,
1%
#23120000
b10110111110 E
b1100100101001110010110111001001 8
0%
#23125000
0+
1%
#23130000
b10110111111 E
b11111011100101010001101011110111 8
0%
#23135000
1%
#23140000
b10111000000 E
b1110001110100100001000111100011 8
0%
#23145000
1%
#23150000
b10111000001 E
b1000000000110110000000110000000 8
0%
#23155000
1%
#23160000
b10111000010 E
b11011000000000111001100010110000 8
0%
#23165000
1%
#23170000
b10111000011 E
b100000001010111010000101000000 8
0%
#23175000
1%
#23180000
b10111000100 E
b11110011000010110110000011100110 8
0%
#23185000
1%
#23190000
b1 A
1:
b10111000101 E
b1000100 &
b1000100 ;
1'
b10100001111011101111011001000011 8
0%
#23195000
1<
b1 A
1!
b1000100 "
b1000100 B
b1 D
b101000101 5
b1000101 /
1%
#23200000
b0 A
0:
b10111000110 E
b11001101011110001100001010011010 8
0'
b1000101 .
0%
#23205000
0<
0!
b0 D
b1000100 )
1+
b101000101 4
b1000101 ,
1%
#23210000
b10111000111 E
b101010110000101011111101010101 8
0%
#23215000
0+
1%
#23220000
b10111001000 E
b1110111111101101101111111101111 8
0%
#23225000
1%
#23230000
b1 A
1:
b10111001001 E
0(
b1000101 &
b1000101 ;
1'
b11100100111101100111010011001001 8
0%
#23235000
b10 A
1!
0*
b1000101 "
b1000101 B
b1 D
b101000110 5
b1000110 /
1%
#23240000
b0 A
1<
0:
b10111001010 E
1(
b11111100011010001000110011111000 8
0'
b1000110 .
0%
#23245000
0<
0!
b0 D
b1000101 )
1*
1+
b101000110 4
b1000110 ,
1%
#23250000
b10111001011 E
0(
b10010111010001110101001000101110 8
0%
#23255000
0*
0+
1%
#23260000
b10111001100 E
1(
b1000110001000110101100010001 8
0%
#23265000
1*
1%
#23270000
b10111001101 E
b1101010000111000101011111010100 8
0%
#23275000
1%
#23280000
b1 A
1:
b10111001110 E
b1000110 &
b1000110 ;
1'
b101101101100001101010101011011 8
0%
#23285000
1<
b1 A
1!
b1000110 "
b1000110 B
b1 D
b101000111 5
b1000111 /
1%
#23290000
b0 A
0:
b10111001111 E
b11010110100000100011111010101101 8
0'
b1000111 .
0%
#23295000
0<
0!
b1000110 )
1+
b0 D
b101000111 4
b1000111 ,
1%
#23300000
b10111010000 E
b1001100110111111110011110011001 8
0%
#23305000
0+
1%
#23310000
b10111010001 E
b10111010111001111000001001110101 8
0%
#23315000
1%
#23320000
b10111010010 E
b10010011001010110111110000100110 8
0%
#23325000
1%
#23330000
b1 A
1:
b10111010011 E
b1000111 &
b1000111 ;
1'
b1010001100110000110000110100011 8
0%
#23335000
1<
b1 A
1!
b1000111 "
b1000111 B
b1 D
b101001000 5
b1001000 /
1%
#23340000
b10111010100 E
b1001000 &
b1001000 ;
b11010011100010011001100110100 8
1'
b1001000 .
0%
#23345000
b1001000 "
b1001000 B
b1000111 )
1+
b101001000 4
b1001000 ,
b101001001 5
b1001001 /
1%
#23350000
b0 A
0:
b10111010101 E
b10000100111110101101010000001001 8
0'
b1001001 .
0%
#23355000
0<
0!
b1001000 )
b0 D
b101001001 4
b1001001 ,
1%
#23360000
b10111010110 E
b1111001011100110001100011110 8
0%
#23365000
0+
1%
#23370000
b10111010111 E
0(
b11011101100010101001100010111011 8
0%
#23375000
0*
1%
#23380000
b10111011000 E
1(
b11110101110111000010110011101011 8
0%
#23385000
1*
1%
#23390000
b10111011001 E
b101100101010010110100001011 8
0%
#23395000
1%
#23400000
b10111011010 E
b1101100000010110110100111011000 8
0%
#23405000
1%
#23410000
b10111011011 E
b10011110101101011100101000111101 8
0%
#23415000
1%
#23420000
b10111011100 E
b10000001010000001011010000000010 8
0%
#23425000
1%
#23430000
b10111011101 E
b11100101000100010110110011001010 8
0%
#23435000
1%
#23440000
b10111011110 E
b10000011100100000110110000000111 8
0%
#23445000
1%
#23450000
b1 A
1:
b10111011111 E
0(
b1001001 &
b1001001 ;
1'
b1011100010100101101000110111000 8
0%
#23455000
b10 A
1!
0*
b1001001 "
b1001001 B
b1 D
b101001010 5
b1001010 /
1%
#23460000
b0 A
1<
0:
b10111100000 E
1(
b11011011111110101010110010110111 8
0'
b1001010 .
0%
#23465000
0<
0!
b0 D
b1001001 )
1*
1+
b101001010 4
b1001010 ,
1%
#23470000
b1 A
1:
b10111100001 E
b1001010 &
b1001010 ;
1'
b10000010011001100111001000000100 8
0%
#23475000
1<
b1 A
1!
0+
b1001010 "
b1001010 B
b1 D
b101001011 5
b1001011 /
1%
#23480000
b0 A
0:
b10111100010 E
b1010110100001110101000110101101 8
0'
b1001011 .
0%
#23485000
0<
0!
b0 D
b1001010 )
1+
b101001011 4
b1001011 ,
1%
#23490000
b1 A
1:
b10111100011 E
b1001011 &
b1001011 ;
1'
b1000011111101101000111110000111 8
0%
#23495000
1<
b1 A
1!
0+
b1001011 "
b1001011 B
b1 D
b101001100 5
b1001100 /
1%
#23500000
b0 A
0:
b10111100100 E
b11110010001000011111010011100100 8
0'
b1001100 .
0%
#23505000
0<
0!
b0 D
b1001011 )
1+
b101001100 4
b1001100 ,
1%
#23510000
b10111100101 E
b10101110101001110010000001011101 8
0%
#23515000
0+
1%
#23520000
b1 A
1:
b10111100110 E
b1001100 &
b1001100 ;
1'
b10100001101011111001100101000 8
0%
#23525000
1<
b1 A
1!
b1001100 "
b1001100 B
b1 D
b101001101 5
b1001101 /
1%
#23530000
b0 A
0:
b10111100111 E
b11101000100011110010100111010 8
0'
b1001101 .
0%
#23535000
0<
0!
b1001100 )
1+
b0 D
b101001101 4
b1001101 ,
1%
#23540000
b10111101000 E
b10111100000010100110101001111000 8
0%
#23545000
0+
1%
#23550000
b1 A
1:
b10111101001 E
b1001101 &
b1001101 ;
1'
b11011000100000100101010010110001 8
0%
#23555000
1<
b1 A
1!
b1001101 "
b1001101 B
b1 D
b101001110 5
b1001110 /
1%
#23560000
b0 A
0:
b10111101010 E
b10001110111100011010100100011 8
0'
b1001110 .
0%
#23565000
0<
0!
b0 D
b1001101 )
1+
b101001110 4
b1001110 ,
1%
#23570000
b1 A
1:
b10111101011 E
b1001110 &
b1001110 ;
1'
b11101100011100011011000011011000 8
0%
#23575000
1<
b1 A
1!
0+
b1001110 "
b1001110 B
b1 D
b101001111 5
b1001111 /
1%
#23580000
b0 A
0:
b10111101100 E
b1101101110000111110111111011011 8
0'
b1001111 .
0%
#23585000
0<
0!
b0 D
b1001110 )
1+
b101001111 4
b1001111 ,
1%
#23590000
b1 A
1:
b10111101101 E
b1001111 &
b1001111 ;
1'
b10100111110000101111000001001111 8
0%
#23595000
1<
b1 A
1!
0+
b1001111 "
b1001111 B
b1 D
b101010000 5
b1010000 /
1%
#23600000
0<
0:
b10111101110 E
0(
b10110010001111011111010001100100 8
0'
b1010000 .
0%
#23605000
b1001111 )
0*
1+
1%
#23610000
b0 A
1<
b10111101111 E
1(
b111101111101101010100001111 8
0%
#23615000
0<
0!
1*
b0 D
b101010000 4
b1010000 ,
1%
#23620000
b1 A
1:
b10111110000 E
b1010000 &
b1010000 ;
1'
b10010110100110100110001000101101 8
0%
#23625000
1<
b1 A
1!
b1010000 "
b1010000 B
b1 D
0+
b101010001 5
b1010001 /
1%
#23630000
b10111110001 E
b1010001 &
b1010001 ;
b1000110011111101010100010001 8
1'
b1010001 .
0%
#23635000
b1010000 )
1+
b1010001 "
b1010001 B
b101010001 4
b1010001 ,
b101010010 5
b1010010 /
1%
#23640000
0<
0:
b10111110010 E
0(
b111101000011110001010101111010 8
0'
b1010010 .
0%
#23645000
b1010001 )
0*
1%
#23650000
b10 A
1:
b10111110011 E
b1010010 &
b1010010 ;
1'
b10011000111111100010111000110001 8
0%
#23655000
0:
0#
b1010010 C
b1010010 "
b1010010 B
b10 D
b101010011 5
b1010011 /
1%
#23660000
b1 A
1<
b10111110100 E
1(
b10011000001100011100101000110000 8
0%
#23665000
1:
b1 A
1#
b1 D
b1010010 )
1*
b101010010 4
b1010010 ,
b10111100 3
1%
#23670000
b10111110101 E
b1010011 &
b1010011 ;
b100101011110010111110101001010 8
1'
b1010011 .
0%
#23675000
b1010011 "
b1010011 B
b101010011 4
b1010011 ,
b101010100 5
b1010100 /
1%
#23680000
b0 A
0:
b10111110110 E
b11000001011100000001000010000010 8
0'
b1010100 .
0%
#23685000
0<
0!
b0 D
b1010011 )
b101010100 4
b1010100 ,
1%
#23690000
b10111110111 E
b10101100101000010010100001011001 8
0%
#23695000
0+
1%
#23700000
b1 A
1:
b10111111000 E
b1010100 &
b1010100 ;
1'
b1101100111011100100110111011001 8
0%
#23705000
1<
b1 A
1!
b1010100 "
b1010100 B
b1 D
b101010101 5
b1010101 /
1%
#23710000
b10111111001 E
b1010101 &
b1010101 ;
b1011101110000111101100110111011 8
1'
b1010101 .
0%
#23715000
b1010100 )
1+
b1010101 "
b1010101 B
b101010101 4
b1010101 ,
b101010110 5
b1010110 /
1%
#23720000
b0 A
0:
b10111111010 E
b100111110100001100110101001111 8
0'
b1010110 .
0%
#23725000
0<
0!
b0 D
b1010101 )
b101010110 4
b1010110 ,
1%
#23730000
b10111111011 E
b10101110101110011011100001011101 8
0%
#23735000
0+
1%
#23740000
b10111111100 E
b10010101111111101001101000101011 8
0%
#23745000
1%
#23750000
b10111111101 E
b1111111000010111011011111111110 8
0%
#23755000
1%
#23760000
b10111111110 E
b11000001001011011000001010000010 8
0%
#23765000
1%
#23770000
b1 A
1:
b10111111111 E
b1010110 &
b1010110 ;
1'
b1001000110111110111110110010001 8
0%
#23775000
1<
b1 A
1!
b1010110 "
b1010110 B
b1 D
b101010111 5
b1010111 /
1%
#23780000
b0 A
0:
b11000000000 E
b10110110101011100001001001101101 8
0'
b1010111 .
0%
#23785000
0<
0!
b0 D
b1010110 )
1+
b101010111 4
b1010111 ,
1%
#23790000
b11000000001 E
b1101110101000110111100111011101 8
0%
#23795000
0+
1%
#23800000
b11000000010 E
b111111111101111001010101111111 8
0%
#23805000
1%
#23810000
b11000000011 E
b1010001011110101101010110100010 8
0%
#23815000
1%
#23820000
b11000000100 E
b1000001111101000001010110000011 8
0%
#23825000
1%
#23830000
b11000000101 E
b10011100011010010111110000111000 8
0%
#23835000
1%
#23840000
b11000000110 E
b1111000011000110000100011110 8
0%
#23845000
1%
#23850000
b11000000111 E
b11110000010000000001111011100000 8
0%
#23855000
1%
#23860000
b11000001000 E
b10110111111101000000001001101111 8
0%
#23865000
1%
#23870000
b11000001001 E
0(
b11011100010010000010010010111000 8
0%
#23875000
0*
1%
#23880000
b11000001010 E
1(
b100111001101010100011101001110 8
0%
#23885000
1*
1%
#23890000
b11000001011 E
b11001111101011111011101010011111 8
0%
#23895000
1%
#23900000
b11000001100 E
b10010011011111010011101000100110 8
0%
#23905000
1%
#23910000
b1 A
1:
b11000001101 E
0(
b1010111 &
b1010111 ;
1'
b1101111101101011100111111011111 8
0%
#23915000
b10 A
1!
0*
b1010111 "
b1010111 B
b1 D
b101011000 5
b1011000 /
1%
#23920000
b0 A
1<
0:
b11000001110 E
1(
b10010100101001111010101000101001 8
0'
b1011000 .
0%
#23925000
0<
0!
b0 D
b1010111 )
1*
1+
b101011000 4
b1011000 ,
1%
#23930000
b11000001111 E
b1111110100101100000101111111101 8
0%
#23935000
0+
1%
#23940000
b11000010000 E
b11100111100010110001111011001111 8
0%
#23945000
1%
#23950000
b11000010001 E
b111111001101001101110101111110 8
0%
#23955000
1%
#23960000
b11000010010 E
b10101100100001001110011001011001 8
0%
#23965000
1%
#23970000
b11000010011 E
b1100010110110111100000011 8
0%
#23975000
1%
#23980000
b11000010100 E
b10101100110001010000111001011001 8
0%
#23985000
1%
#23990000
b11000010101 E
b1000011110100111010110110000111 8
0%
#23995000
1%
#24000000
b1 A
1:
b11000010110 E
0(
b1011000 &
b1011000 ;
1'
b11110010010110100101111011100100 8
0%
#24005000
b10 A
1!
b1011000 "
b1011000 B
b1 D
0*
b101011001 5
b1011001 /
1%
#24010000
b0 A
1<
0:
b11000010111 E
1(
b10010100011101000100010000101000 8
0'
b1011001 .
0%
#24015000
0<
0!
b1011000 )
1*
1+
b0 D
b101011001 4
b1011001 ,
1%
#24020000
b11000011000 E
b10111110111111100110100001111101 8
0%
#24025000
0+
1%
#24030000
b11000011001 E
b100000101011001010000101000001 8
0%
#24035000
1%
#24040000
b11000011010 E
b10101101101000010111001001011011 8
0%
#24045000
1%
#24050000
b1 A
1:
b11000011011 E
b1011001 &
b1011001 ;
1'
b10011100000000001110110000111000 8
0%
#24055000
1<
b1 A
1!
b1011001 "
b1011001 B
b1 D
b101011010 5
b1011010 /
1%
#24060000
b0 A
0:
b11000011100 E
b10001010101101101000110000010101 8
0'
b1011010 .
0%
#24065000
0<
0!
b0 D
b1011001 )
1+
b101011010 4
b1011010 ,
1%
#24070000
b11000011101 E
b11101100011001100001011011011000 8
0%
#24075000
0+
1%
#24080000
b11000011110 E
b101111001111111000000101011110 8
0%
#24085000
1%
#24090000
b11000011111 E
b11000111001011011100101010001110 8
0%
#24095000
1%
#24100000
b11000100000 E
b1101010100110001101110111010101 8
0%
#24105000
1%
#24110000
b11000100001 E
b101010101100100111000101010101 8
0%
#24115000
1%
#24120000
b1 A
1:
b11000100010 E
0(
b1011010 &
b1011010 ;
1'
b11000111000001011110101010001110 8
0%
#24125000
b10 A
1!
b1011010 "
b1011010 B
b1 D
0*
b101011011 5
b1011011 /
1%
#24130000
b0 A
1<
0:
b11000100011 E
1(
b1100000110000110011100111000001 8
0'
b1011011 .
0%
#24135000
0<
0!
b1011010 )
1*
1+
b0 D
b101011011 4
b1011011 ,
1%
#24140000
b1 A
1:
b11000100100 E
b1011011 &
b1011011 ;
1'
b10110100111111001011011001101001 8
0%
#24145000
1<
b1 A
1!
b1011011 "
b1011011 B
b1 D
0+
b101011100 5
b1011100 /
1%
#24150000
b0 A
0:
b11000100101 E
b11110101110100000000110011101011 8
0'
b1011100 .
0%
#24155000
0<
0!
b1011011 )
1+
b0 D
b101011100 4
b1011100 ,
1%
#24160000
b11000100110 E
b1101001001100100000111111010010 8
0%
#24165000
0+
1%
#24170000
b11000100111 E
b11010000110101011001101010100001 8
0%
#24175000
1%
#24180000
b11000101000 E
0(
b1111001011001010111110111110010 8
0%
#24185000
0*
1%
#24190000
b11000101001 E
1(
b1011000000010010100110110110000 8
0%
#24195000
1*
1%
#24200000
b11000101010 E
0(
b11111011010100111100000111 8
0%
#24205000
0*
1%
#24210000
b11000101011 E
1(
b1001110010001010101000110011100 8
0%
#24215000
1*
1%
#24220000
b11000101100 E
b11101110000000101000111011011100 8
0%
#24225000
1%
#24230000
b11000101101 E
0(
b11010101001101001000111010101010 8
0%
#24235000
0*
1%
#24240000
b11000101110 E
1(
b10000100110011010000100000001001 8
0%
#24245000
1*
1%
#24250000
b11000101111 E
b11000000001111101011100010000000 8
0%
#24255000
1%
#24260000
b1 A
1:
b11000110000 E
b1011100 &
b1011100 ;
1'
b10001101001011110100101000011010 8
0%
#24265000
1<
b1 A
1!
b1011100 "
b1011100 B
b1 D
b101011101 5
b1011101 /
1%
#24270000
b11000110001 E
b1011101 &
b1011101 ;
b100100001101000011010101001000 8
1'
b1011101 .
0%
#24275000
b1011100 )
1+
b1011101 "
b1011101 B
b101011101 4
b1011101 ,
b101011110 5
b1011110 /
1%
#24280000
0<
0:
b11000110010 E
0(
b10001110010100101001111000011100 8
0'
b1011110 .
0%
#24285000
b1011101 )
0*
1%
#24290000
1<
1:
b11000110011 E
1(
b1011110 &
b1011110 ;
1'
b11001111101110100011001010011111 8
0%
#24295000
1*
b1011110 "
b1011110 B
b101011110 4
b1011110 ,
b101011111 5
b1011111 /
1%
#24300000
b0 A
0:
b11000110100 E
b11100010111100110001000011000101 8
0'
b1011111 .
0%
#24305000
0<
0!
b0 D
b1011110 )
b101011111 4
b1011111 ,
1%
#24310000
b11000110101 E
b11000011101101001111100110000 8
0%
#24315000
0+
1%
#24320000
b11000110110 E
b11011101011010110110111010111010 8
0%
#24325000
1%
#24330000
b11000110111 E
b101000111111000010000101010001 8
0%
#24335000
1%
#24340000
b11000111000 E
b1010100000010100001100010101 8
0%
#24345000
1%
#24350000
b11000111001 E
b10111011011101100010100001110110 8
0%
#24355000
1%
#24360000
b11000111010 E
b1011110111100001101100110111101 8
0%
#24365000
1%
#24370000
b11000111011 E
b11101101000101001110001011011010 8
0%
#24375000
1%
#24380000
b11000111100 E
b11011011101110010011111010110111 8
0%
#24385000
1%
#24390000
b1 A
1:
b11000111101 E
b1011111 &
b1011111 ;
1'
b10010110001110010011100000101100 8
0%
#24395000
1<
b1 A
1!
b1011111 "
b1011111 B
b1 D
b101100000 5
b1100000 /
1%
#24400000
b0 A
0:
b11000111110 E
b11110101001010000100000011101010 8
0'
b1100000 .
0%
#24405000
0<
0!
b0 D
b1011111 )
1+
b101100000 4
b1100000 ,
1%
#24410000
b1 A
1:
b11000111111 E
b1100000 &
b1100000 ;
1'
b1010011011000001101011110100110 8
0%
#24415000
1<
b1 A
1!
0+
b1100000 "
b1100000 B
b1 D
b101100001 5
b1100001 /
1%
#24420000
b11001000000 E
b1100001 &
b1100001 ;
b11001000101001100110011010010001 8
1'
b1100001 .
0%
#24425000
b1100001 "
b1100001 B
b1100000 )
1+
b101100001 4
b1100001 ,
b101100010 5
b1100010 /
1%
#24430000
b10 A
0<
b11001000001 E
0(
b1100010 &
b1100010 ;
b101010110100100010100101010101 8
1'
b1100010 .
0%
#24435000
0:
0#
b1100001 )
0*
b1100010 C
b1100010 "
b1100010 B
b10 D
b101100011 5
b1100011 /
1%
#24440000
b1 A
1<
b11001000010 E
1(
b11110010000110100100100111100 8
0%
#24445000
1:
b1 A
1#
b1 D
b1100010 )
1*
b101100010 4
b1100010 ,
b10111110 3
1%
#24450000
b0 A
0:
b11001000011 E
b1100101001100001111100111001010 8
0'
b1100011 .
0%
#24455000
0<
0!
b0 D
b101100011 4
b1100011 ,
1%
#24460000
b11001000100 E
0(
b1001110001110011101100110011100 8
0%
#24465000
0*
0+
1%
#24470000
b11001000101 E
b11001000101011000010111010010001 8
0%
#24475000
1%
#24480000
b11001000110 E
1(
b100000000110100001111101000000 8
0%
#24485000
1*
1%
#24490000
b11001000111 E
b1001110010111000000001110011100 8
0%
#24495000
1%
#24500000
b11001001000 E
b110110001100011101010101101100 8
0%
#24505000
1%
#24510000
b11001001001 E
b1101001010110111000110111010010 8
0%
#24515000
1%
#24520000
b11001001010 E
b11110110000000111101100111101 8
0%
#24525000
1%
#24530000
b11001001011 E
0(
b11000100111111011010110010001001 8
0%
#24535000
0*
1%
#24540000
b11001001100 E
1(
b11011011100110100101100110110 8
0%
#24545000
1*
1%
#24550000
b11001001101 E
b1011111101010001111101110111111 8
0%
#24555000
1%
#24560000
b1 A
1:
b11001001110 E
b1100011 &
b1100011 ;
1'
b11010110101000010011111010101101 8
0%
#24565000
1<
b1 A
1!
b1100011 "
b1100011 B
b1 D
b101100100 5
b1100100 /
1%
#24570000
b0 A
0:
b11001001111 E
b111001011100111101010101110010 8
0'
b1100100 .
0%
#24575000
0<
0!
b1100011 )
1+
b0 D
b101100100 4
b1100100 ,
1%
#24580000
b11001010000 E
b1000010010001110001010110000100 8
0%
#24585000
0+
1%
#24590000
b11001010001 E
b110010100000000101011101100101 8
0%
#24595000
1%
#24600000
b11001010010 E
0(
b10011100110000110100100000111001 8
0%
#24605000
0*
1%
#24610000
b11001010011 E
1(
b1110101000110000101110111101010 8
0%
#24615000
1*
1%
#24620000
b1 A
1:
b11001010100 E
0(
b1100100 &
b1100100 ;
1'
b1010111010100100001011110101110 8
0%
#24625000
b10 A
1!
b1100100 "
b1100100 B
b1 D
0*
b101100101 5
b1100101 /
1%
#24630000
b0 A
1<
0:
b11001010101 E
1(
b10000111100010011000000000001111 8
0'
b1100101 .
0%
#24635000
0<
0!
b1100100 )
1*
1+
b0 D
b101100101 4
b1100101 ,
1%
#24640000
b11001010110 E
b1011010010010010111101110110100 8
0%
#24645000
0+
1%
#24650000
b1 A
1:
b11001010111 E
b1100101 &
b1100101 ;
1'
b11100001110000010010001011000011 8
0%
#24655000
1<
b1 A
1!
b1100101 "
b1100101 B
b1 D
b101100110 5
b1100110 /
1%
#24660000
b11001011000 E
b1100110 &
b1100110 ;
b11100011000101010011000011000110 8
1'
b1100110 .
0%
#24665000
b1100110 "
b1100110 B
b1100101 )
1+
b101100110 4
b1100110 ,
b101100111 5
b1100111 /
1%
#24670000
b11001011001 E
b1100111 &
b1100111 ;
b10100010101010000101101001000101 8
1'
b1100111 .
0%
#24675000
b1100110 )
b1100111 "
b1100111 B
b101100111 4
b1100111 ,
b101101000 5
b1101000 /
1%
#24680000
b11001011010 E
b1101000 &
b1101000 ;
b11110111111100101011010011101111 8
1'
b1101000 .
0%
#24685000
b1101000 "
b1101000 B
b1100111 )
b101101000 4
b1101000 ,
b101101001 5
b1101001 /
1%
#24690000
b0 A
0:
b11001011011 E
b11000001010000000000100010000010 8
0'
b1101001 .
0%
#24695000
0<
0!
b1101000 )
b0 D
b101101001 4
b1101001 ,
1%
#24700000
b1 A
1:
b11001011100 E
b1101001 &
b1101001 ;
1'
b101101011011010100000101011010 8
0%
#24705000
1<
b1 A
1!
b1101001 "
b1101001 B
b1 D
0+
b101101010 5
b1101010 /
1%
#24710000
b0 A
0:
b11001011101 E
b11010101011111001100010010101010 8
0'
b1101010 .
0%
#24715000
0<
0!
b1101001 )
1+
b0 D
b101101010 4
b1101010 ,
1%
#24720000
b11001011110 E
b111001100110011101001101110011 8
0%
#24725000
0+
1%
#24730000
b11001011111 E
b1010100111000101110110110101001 8
0%
#24735000
1%
#24740000
b11001100000 E
b10010001000100110010100000100010 8
0%
#24745000
1%
#24750000
b11001100001 E
0(
b11011110111000101001110010111101 8
0%
#24755000
0*
1%
#24760000
b11001100010 E
1(
b1001101101011011101100010011 8
0%
#24765000
1*
1%
#24770000
b11001100011 E
b11110100111100111011000011101001 8
0%
#24775000
1%
#24780000
b11001100100 E
b111111000110111100011101111110 8
0%
#24785000
1%
#24790000
b11001100101 E
b111010011100011100001101110100 8
0%
#24795000
1%
#24800000
b11001100110 E
b110100110110010100100101101001 8
0%
#24805000
1%
#24810000
b1 A
1:
b11001100111 E
0(
b1101010 &
b1101010 ;
1'
b11000001110000011001100110000 8
0%
#24815000
b10 A
1!
0*
b1101010 "
b1101010 B
b1 D
b101101011 5
b1101011 /
1%
#24820000
b0 A
1<
0:
b11001101000 E
1(
b1110010011101111111101111100100 8
0'
b1101011 .
0%
#24825000
0<
0!
b0 D
b1101010 )
1*
1+
b101101011 4
b1101011 ,
1%
#24830000
b1 A
1:
b11001101001 E
b1101011 &
b1101011 ;
1'
b1011111111111100001100110111111 8
0%
#24835000
1<
b1 A
1!
0+
b1101011 "
b1101011 B
b1 D
b101101100 5
b1101100 /
1%
#24840000
0<
0:
b11001101010 E
0(
b10010101001100110101110000101010 8
0'
b1101100 .
0%
#24845000
b1101011 )
0*
1+
1%
#24850000
b11001101011 E
b1001011011100100101010110010110 8
0%
#24855000
1%
#24860000
1<
1:
b11001101100 E
1(
b1101100 &
b1101100 ;
1'
b10011011101001010011100100110 8
0%
#24865000
b1101100 "
b1101100 B
1*
b101101100 4
b1101100 ,
b101101101 5
b1101101 /
1%
#24870000
0<
0:
b11001101101 E
0(
b11110011000101110111111011100110 8
0'
b1101101 .
0%
#24875000
b1101100 )
0*
1%
#24880000
b0 A
1<
b11001101110 E
1(
b10101110000011101101100001011100 8
0%
#24885000
0<
0!
b0 D
1*
b101101101 4
b1101101 ,
1%
#24890000
b11001101111 E
b11000110111111111010100110001 8
0%
#24895000
0+
1%
#24900000
b11001110000 E
0(
b11001011001110101010101010010110 8
0%
#24905000
0*
1%
#24910000
b11001110001 E
b11100010100010011101001011000101 8
0%
#24915000
1%
#24920000
b11001110010 E
b10110111010100101001101001101110 8
0%
#24925000
1%
#24930000
b11001110011 E
b11011111101110101111001010111111 8
0%
#24935000
1%
#24940000
b11001110100 E
1(
b10000111010011101110010000001110 8
0%
#24945000
1*
1%
#24950000
b11001110101 E
b1110111110111001111010111101111 8
0%
#24955000
1%
#24960000
b1 A
1:
b11001110110 E
b1101101 &
b1101101 ;
1'
b11001000000011000010100110010 8
0%
#24965000
1<
b1 A
1!
b1101101 "
b1101101 B
b1 D
b101101110 5
b1101110 /
1%
#24970000
b0 A
0:
b11001110111 E
b10011011101110010011001000110111 8
0'
b1101110 .
0%
#24975000
0<
0!
b1101101 )
1+
b0 D
b101101110 4
b1101110 ,
1%
#24980000
b11001111000 E
b1101101000100100011011111011010 8
0%
#24985000
0+
1%
#24990000
b1 A
1:
b11001111001 E
b1101110 &
b1101110 ;
1'
b1010110110101001100011110101101 8
0%
#24995000
1<
b1 A
1!
b1101110 "
b1101110 B
b1 D
b101101111 5
b1101111 /
1%
#25000000
b0 A
0:
b11001111010 E
b1010110101110100111010110101101 8
0'
b1101111 .
0%
#25005000
0<
0!
b0 D
b1101110 )
1+
b101101111 4
b1101111 ,
1%
#25010000
b11001111011 E
b10011100100011001000111000111001 8
0%
#25015000
0+
1%
#25020000
b11001111100 E
b111101010000010111111101111010 8
0%
#25025000
1%
#25030000
b11001111101 E
b1101100111100010010100111011001 8
0%
#25035000
1%
#25040000
b1 A
1:
b11001111110 E
b1101111 &
b1101111 ;
1'
b1101011001110000100110111010110 8
0%
#25045000
1<
b1 A
1!
b1101111 "
b1101111 B
b1 D
b101110000 5
b1110000 /
1%
#25050000
0<
0:
b11001111111 E
0(
b101101011000101110110101011010 8
0'
b1110000 .
0%
#25055000
b1101111 )
0*
1+
1%
#25060000
b0 A
1<
b11010000000 E
1(
b100111011101011001111101001110 8
0%
#25065000
0<
0!
b0 D
1*
b101110000 4
b1110000 ,
1%
#25070000
b1 A
1:
b11010000001 E
0(
b1110000 &
b1110000 ;
1'
b11010000111011011111100010100001 8
0%
#25075000
b10 A
1!
0*
0+
b1110000 "
b1110000 B
b1 D
b101110001 5
b1110001 /
1%
#25080000
b1 A
1<
b11010000010 E
1(
b1110001 &
b1110001 ;
b10010011110100011110110000100111 8
1'
b1110001 .
0%
#25085000
b1110001 "
b1110001 B
b1110000 )
1*
1+
b101110001 4
b1110001 ,
b101110010 5
b1110010 /
1%
#25090000
b11010000011 E
b1110010 &
b1110010 ;
b101100011001100010011101011000 8
1'
b1110010 .
0%
#25095000
b1110001 )
b1110010 "
b1110010 B
b101110010 4
b1110010 ,
b101110011 5
b1110011 /
1%
#25100000
b0 A
0:
b11010000100 E
b1101101000110111010100011011 8
0'
b1110011 .
0%
#25105000
0<
0!
b0 D
b1110010 )
b101110011 4
b1110011 ,
1%
#25110000
b11010000101 E
b10010010010000110001011000100100 8
0%
#25115000
0+
1%
#25120000
b11010000110 E
b10001011111110100011001000010111 8
0%
#25125000
1%
#25130000
b1 A
1:
b11010000111 E
b1110011 &
b1110011 ;
1'
b10010010001111000010001000100100 8
0%
#25135000
1<
b1 A
1!
b1110011 "
b1110011 B
b1 D
b101110100 5
b1110100 /
1%
#25140000
b0 A
0:
b11010001000 E
b110111100110111110000101101111 8
0'
b1110100 .
0%
#25145000
0<
0!
b0 D
b1110011 )
1+
b101110100 4
b1110100 ,
1%
#25150000
b1 A
1:
b11010001001 E
b1110100 &
b1110100 ;
1'
b1111000101001000110010111110001 8
0%
#25155000
1<
b1 A
1!
0+
b1110100 "
b1110100 B
b1 D
b101110101 5
b1110101 /
1%
#25160000
b0 A
0:
b11010001010 E
b111000101111111111111101110001 8
0'
b1110101 .
0%
#25165000
0<
0!
b0 D
b1110100 )
1+
b101110101 4
b1110101 ,
1%
#25170000
b11010001011 E
b11101001100001101011101011010011 8
0%
#25175000
0+
1%
#25180000
b11010001100 E
b1110110100010111100010111101101 8
0%
#25185000
1%
#25190000
b11010001101 E
b10110011100000011100001001100111 8
0%
#25195000
1%
#25200000
b11010001110 E
b11000100010011100011001010001000 8
0%
#25205000
1%
#25210000
b11010001111 E
b10110110011000111101010001101100 8
0%
#25215000
1%
#25220000
b11010010000 E
b10111000011111000000000001110000 8
0%
#25225000
1%
#25230000
b1 A
1:
b11010010001 E
b1110101 &
b1110101 ;
1'
b1111001100001110000111111110011 8
0%
#25235000
1<
b1 A
1!
b1110101 "
b1110101 B
b1 D
b101110110 5
b1110110 /
1%
#25240000
b0 A
0:
b11010010010 E
b101001011010111010110101010010 8
0'
b1110110 .
0%
#25245000
0<
0!
b0 D
b1110101 )
1+
b101110110 4
b1110110 ,
1%
#25250000
b11010010011 E
0(
b11001101111011010100101010011011 8
0%
#25255000
0*
0+
1%
#25260000
b1 A
1:
b11010010100 E
1(
b1110110 &
b1110110 ;
1'
b1011110100010111001100010111 8
0%
#25265000
1<
b1 A
1!
b1110110 "
b1110110 B
b1 D
1*
b101110111 5
b1110111 /
1%
#25270000
b11010010101 E
b1110111 &
b1110111 ;
b10011000000111000010100000110000 8
1'
b1110111 .
0%
#25275000
b1110110 )
1+
b1110111 "
b1110111 B
b101110111 4
b1110111 ,
b101111000 5
b1111000 /
1%
#25280000
b0 A
0:
b11010010110 E
b101110111110110100111101011101 8
0'
b1111000 .
0%
#25285000
0<
0!
b0 D
b1110111 )
b101111000 4
b1111000 ,
1%
#25290000
b11010010111 E
b10011101101110010000001000111011 8
0%
#25295000
0+
1%
#25300000
b11010011000 E
b10010110011001111110100100101 8
0%
#25305000
1%
#25310000
b11010011001 E
b11110010111001001111001011100101 8
0%
#25315000
1%
#25320000
b11010011010 E
b11010011011110111111011010100110 8
0%
#25325000
1%
#25330000
b11010011011 E
b1100011010110001101011111000110 8
0%
#25335000
1%
#25340000
b11010011100 E
b11100111000010110111110011001110 8
0%
#25345000
1%
#25350000
b11010011101 E
0(
b11110011010000010100101011100110 8
0%
#25355000
0*
1%
#25360000
b11010011110 E
1(
b101000100010001000011101010001 8
0%
#25365000
1*
1%
#25370000
b11010011111 E
b1010011110110101010110110100111 8
0%
#25375000
1%
#25380000
b11010100000 E
b1101101000001011101001111011010 8
0%
#25385000
1%
#25390000
b11010100001 E
b11100111110011010001001011001111 8
0%
#25395000
1%
#25400000
b11010100010 E
b10011110010101111101111000111100 8
0%
#25405000
1%
#25410000
b11010100011 E
b10110011010010000101111001100110 8
0%
#25415000
1%
#25420000
b11010100100 E
0(
b10111100100001110001100101111 8
0%
#25425000
0*
1%
#25430000
b11010100101 E
1(
b1010011111000000010101110100111 8
0%
#25435000
1*
1%
#25440000
b1 A
1:
b11010100110 E
b1111000 &
b1111000 ;
1'
b10111111001111001101101001111110 8
0%
#25445000
1<
b1 A
1!
b1111000 "
b1111000 B
b1 D
b101111001 5
b1111001 /
1%
#25450000
b0 A
0:
b11010100111 E
b11011100001001111101001010111000 8
0'
b1111001 .
0%
#25455000
0<
0!
b1111000 )
1+
b0 D
b101111001 4
b1111001 ,
1%
#25460000
b11010101000 E
b11011010111011000011100110110 8
0%
#25465000
0+
1%
#25470000
b11010101001 E
b101111000011100111000101011110 8
0%
#25475000
1%
#25480000
b11010101010 E
b1011011001001100110000110110110 8
0%
#25485000
1%
#25490000
b11010101011 E
b110110111110101110001101101101 8
0%
#25495000
1%
#25500000
b11010101100 E
b10010011110001010001100100100 8
0%
#25505000
1%
#25510000
b11010101101 E
0(
b10100101001111100010100101001 8
0%
#25515000
0*
1%
#25520000
b11010101110 E
1(
b100011000111110100110101000110 8
0%
#25525000
1*
1%
#25530000
b11010101111 E
0(
b100001101111110111001101000011 8
0%
#25535000
0*
1%
#25540000
b11010110000 E
1(
b1111110010110001011100011111 8
0%
#25545000
1*
1%
#25550000
b11010110001 E
0(
b1100011001110000000100111000110 8
0%
#25555000
0*
1%
#25560000
b11010110010 E
1(
b10110100110011100111111001101001 8
0%
#25565000
1*
1%
#25570000
b11010110011 E
0(
b11000111011011110110001010001110 8
0%
#25575000
0*
1%
#25580000
b11010110100 E
1(
b100010100110011100000101000101 8
0%
#25585000
1*
1%
#25590000
b11010110101 E
b1001100000001110001110110011000 8
0%
#25595000
1%
#25600000
b1 A
1:
b11010110110 E
b1111001 &
b1111001 ;
1'
b10101111101101101100100101011 8
0%
#25605000
1<
b1 A
1!
b1111001 "
b1111001 B
b1 D
b101111010 5
b1111010 /
1%
#25610000
b0 A
0:
b11010110111 E
b11100111100000001001000011001111 8
0'
b1111010 .
0%
#25615000
0<
0!
b1111001 )
1+
b0 D
b101111010 4
b1111010 ,
1%
#25620000
b11010111000 E
b1001010000001011000001110010100 8
0%
#25625000
0+
1%
#25630000
b11010111001 E
b11010010100110001101111010100101 8
0%
#25635000
1%
#25640000
b11010111010 E
b10011111111101110011100000111111 8
0%
#25645000
1%
#25650000
b1 A
1:
b11010111011 E
0(
b1111010 &
b1111010 ;
1'
b10001101011001001101111000011010 8
0%
#25655000
b10 A
1!
0*
b1111010 "
b1111010 B
b1 D
b101111011 5
b1111011 /
1%
#25660000
b0 A
1<
0:
b11010111100 E
1(
b11011000100010110011101010110001 8
0'
b1111011 .
0%
#25665000
0<
0!
b0 D
b1111010 )
1*
1+
b101111011 4
b1111011 ,
1%
#25670000
b11010111101 E
b10111100001011010010111001111000 8
0%
#25675000
0+
1%
#25680000
b11010111110 E
b1011011010010101000000110110110 8
0%
#25685000
1%
#25690000
b1 A
1:
b11010111111 E
b1111011 &
b1111011 ;
1'
b10111000000010100010101001110000 8
0%
#25695000
1<
b1 A
1!
b1111011 "
b1111011 B
b1 D
b101111100 5
b1111100 /
1%
#25700000
b0 A
0:
b11011000000 E
b1000111100000111100100110001111 8
0'
b1111100 .
0%
#25705000
0<
0!
b0 D
b1111011 )
1+
b101111100 4
b1111100 ,
1%
#25710000
b11011000001 E
b1101111001111111110111111011110 8
0%
#25715000
0+
1%
#25720000
b11011000010 E
0(
b11001011000001111000111010010110 8
0%
#25725000
0*
1%
#25730000
b11011000011 E
1(
b11110001010110100101011011100010 8
0%
#25735000
1*
1%
#25740000
b11011000100 E
b1111010101001000000111111110101 8
0%
#25745000
1%
#25750000
b1 A
1:
b11011000101 E
b1111100 &
b1111100 ;
1'
b11000011000010001111111010000110 8
0%
#25755000
1<
b1 A
1!
b1111100 "
b1111100 B
b1 D
b101111101 5
b1111101 /
1%
#25760000
b0 A
0:
b11011000110 E
b101000011000010100010101010000 8
0'
b1111101 .
0%
#25765000
0<
0!
b0 D
b1111100 )
1+
b101111101 4
b1111101 ,
1%
#25770000
b11011000111 E
b11010101101110110100000010101011 8
0%
#25775000
0+
1%
#25780000
b1 A
1:
b11011001000 E
0(
b1111101 &
b1111101 ;
1'
b1110011011111001110110111100110 8
0%
#25785000
b10 A
1!
b1111101 "
b1111101 B
b1 D
0*
b101111110 5
b1111110 /
1%
#25790000
b0 A
1<
0:
b11011001001 E
1(
b10111110111111000011110001111101 8
0'
b1111110 .
0%
#25795000
0<
0!
b1111101 )
1*
1+
b0 D
b101111110 4
b1111110 ,
1%
#25800000
b1 A
1:
b11011001010 E
b1111110 &
b1111110 ;
1'
b1110001001101000001100011100 8
0%
#25805000
1<
b1 A
1!
b1111110 "
b1111110 B
b1 D
0+
b101111111 5
b1111111 /
1%
#25810000
b0 A
0:
b11011001011 E
b10001011100011101100101000010111 8
0'
b1111111 .
0%
#25815000
0<
0!
b1111110 )
1+
b0 D
b101111111 4
b1111111 ,
1%
#25820000
b1 A
1:
b11011001100 E
b1111111 &
b1111111 ;
1'
b1110100111110110100000111101001 8
0%
#25825000
1<
b1 A
1!
b1111111 "
b1111111 B
b1 D
0+
b110000000 5
b10000000 /
1%
#25830000
b0 A
0:
b11011001101 E
b1001010010010011000100110010100 8
0'
b10000000 .
0%
#25835000
0<
0!
b1111111 )
1+
b0 D
b110000000 4
b10000000 ,
1%
#25840000
b11011001110 E
0(
b10010100010000100010010000101000 8
0%
#25845000
0*
0+
1%
#25850000
b11011001111 E
1(
b101010101100101101001101010101 8
0%
#25855000
1*
1%
#25860000
b11011010000 E
b10010110111001111110110000101101 8
0%
#25865000
1%
#25870000
b11011010001 E
b11001011010111001100010010010110 8
0%
#25875000
1%
#25880000
b11011010010 E
0(
b11011011001110110001000010110110 8
0%
#25885000
0*
1%
#25890000
b1 A
1:
b11011010011 E
b10000000 &
b10000000 ;
1'
b10100000000010011101100101000 8
0%
#25895000
b10 A
1!
b10000000 "
b10000000 B
b1 D
b110000001 5
b10000001 /
1%
#25900000
b11011010100 E
b10000001 &
b10000001 ;
b11001001011001111100111010010010 8
1'
b10000001 .
0%
#25905000
0:
0#
b10000001 C
b10000001 "
b10000001 B
b10 D
b10000000 )
1+
b110000010 5
b10000010 /
1%
#25910000
b1 A
1<
b11011010101 E
1(
b1011010001010100101111110110100 8
0%
#25915000
1:
b1 A
1#
b10000001 )
1*
b1 D
b110000001 4
b10000001 ,
b11000000 3
1%
#25920000
b0 A
0:
b11011010110 E
b1101000001010001001000111010000 8
0'
b10000010 .
0%
#25925000
0<
0!
b0 D
b110000010 4
b10000010 ,
1%
#25930000
b11011010111 E
b1110001010001011111100111100010 8
0%
#25935000
0+
1%
#25940000
b11011011000 E
b11101100011110101011000011011000 8
0%
#25945000
1%
#25950000
b11011011001 E
0(
b11010000010001100100100110100 8
0%
#25955000
0*
1%
#25960000
b11011011010 E
1(
b10101001110100010001010001010011 8
0%
#25965000
1*
1%
#25970000
b11011011011 E
b1111110001010110001101111111100 8
0%
#25975000
1%
#25980000
b11011011100 E
b1100001101101111110101111000011 8
0%
#25985000
1%
#25990000
b11011011101 E
b1011001011001111111110110110010 8
0%
#25995000
1%
#26000000
b11011011110 E
b1111100101011000001110111111001 8
0%
#26005000
1%
#26010000
b11011011111 E
b11100100010010011100100111001 8
0%
#26015000
1%
#26020000
b11011100000 E
b101111000001110101011101011110 8
0%
#26025000
1%
#26030000
b11011100001 E
b10011111001100110101110000111110 8
0%
#26035000
1%
#26040000
b11011100010 E
b11111010101011000000010011110101 8
0%
#26045000
1%
#26050000
b11011100011 E
b101100011100011011001101011000 8
0%
#26055000
1%
#26060000
b11011100100 E
b111001011100010101010101110010 8
0%
#26065000
1%
#26070000
b11011100101 E
b1110110000000100100100111101100 8
0%
#26075000
1%
#26080000
b11011100110 E
0(
b11100010011110011001100111000 8
0%
#26085000
0*
1%
#26090000
b11011100111 E
1(
b10111010011000011110011001110100 8
0%
#26095000
1*
1%
#26100000
b11011101000 E
b1001011010010100100011110010110 8
0%
#26105000
1%
#26110000
b1 A
1:
b11011101001 E
b10000010 &
b10000010 ;
1'
b101001100110000001110101010011 8
0%
#26115000
1<
b1 A
1!
b10000010 "
b10000010 B
b1 D
b110000011 5
b10000011 /
1%
#26120000
b0 A
0:
b11011101010 E
b10010001000000000000100100100 8
0'
b10000011 .
0%
#26125000
0<
0!
b0 D
b10000010 )
1+
b110000011 4
b10000011 ,
1%
#26130000
b1 A
1:
b11011101011 E
0(
b10000011 &
b10000011 ;
1'
b1010100110000110011011110101001 8
0%
#26135000
b10 A
1!
0*
0+
b10000011 "
b10000011 B
b1 D
b110000100 5
b10000100 /
1%
#26140000
b1 A
1<
b11011101100 E
1(
b10000100 &
b10000100 ;
b11000101101100101000110010001011 8
1'
b10000100 .
0%
#26145000
b10000100 "
b10000100 B
b10000011 )
1*
1+
b110000100 4
b10000100 ,
b110000101 5
b10000101 /
1%
#26150000
b0 A
0:
b11011101101 E
b110100011001000011111101101000 8
0'
b10000101 .
0%
#26155000
0<
0!
b10000100 )
b0 D
b110000101 4
b10000101 ,
1%
#26160000
b11011101110 E
b11001110001101001101010010011100 8
0%
#26165000
0+
1%
#26170000
b11011101111 E
0(
b10001011010110000000100100010 8
0%
#26175000
0*
1%
#26180000
b11011110000 E
1(
b10000010000101101000010000000100 8
0%
#26185000
1*
1%
#26190000
b11011110001 E
b1011101000000100000101110111010 8
0%
#26195000
1%
#26200000
b11011110010 E
b10111101101100000000101001111011 8
0%
#26205000
1%
#26210000
b1 A
1:
b11011110011 E
b10000101 &
b10000101 ;
1'
b1000011000110101010011110000110 8
0%
#26215000
1<
b1 A
1!
b10000101 "
b10000101 B
b1 D
b110000110 5
b10000110 /
1%
#26220000
b11011110100 E
b10000110 &
b10000110 ;
b11100011101011101000111011000111 8
1'
b10000110 .
0%
#26225000
b10000110 "
b10000110 B
b10000101 )
1+
b110000110 4
b10000110 ,
b110000111 5
b10000111 /
1%
#26230000
b0 A
0:
b11011110101 E
b10000011101110001110000000000111 8
0'
b10000111 .
0%
#26235000
0<
0!
b10000110 )
b0 D
b110000111 4
b10000111 ,
1%
#26240000
b11011110110 E
b10110010010000000000001001100100 8
0%
#26245000
0+
1%
#26250000
b11011110111 E
b11011110111111111000011010111101 8
0%
#26255000
1%
#26260000
b11011111000 E
b11000111111110000111100110001 8
0%
#26265000
1%
#26270000
b11011111001 E
b11111111111000010001100111111 8
0%
#26275000
1%
#26280000
b1 A
1:
b11011111010 E
b10000111 &
b10000111 ;
1'
b11111011100111110001111011110111 8
0%
#26285000
1<
b1 A
1!
b10000111 "
b10000111 B
b1 D
b110001000 5
b10001000 /
1%
#26290000
b0 A
0:
b11011111011 E
b10010010001100110000001000100100 8
0'
b10001000 .
0%
#26295000
0<
0!
b10000111 )
1+
b0 D
b110001000 4
b10001000 ,
1%
#26300000
b11011111100 E
0(
b10001101010110000101111000011010 8
0%
#26305000
0*
0+
1%
#26310000
b11011111101 E
1(
b1101101111010110011000111011011 8
0%
#26315000
1*
1%
#26320000
b11011111110 E
b10110001000100111011110001100010 8
0%
#26325000
1%
#26330000
b11011111111 E
b10000111001110100111100000001110 8
0%
#26335000
1%
#26340000
b11100000000 E
b10001010010101101110001000010100 8
0%
#26345000
1%
#26350000
b11100000001 E
b1001011110100010110100110010111 8
0%
#26355000
1%
#26360000
b11100000010 E
b101010111100000011111101010101 8
0%
#26365000
1%
#26370000
b11100000011 E
b11011011100001110100101010110111 8
0%
#26375000
1%
#26380000
b11100000100 E
b1001011000101111101100010010 8
0%
#26385000
1%
#26390000
b11100000101 E
b11000111101001100010101010001111 8
0%
#26395000
1%
#26400000
b11100000110 E
b10101100000100110000001001011000 8
0%
#26405000
1%
#26410000
b11100000111 E
0(
b11000100111101101101011010001001 8
0%
#26415000
0*
1%
#26420000
b11100001000 E
1(
b10110101001100010000010001101010 8
0%
#26425000
1*
1%
#26430000
b1 A
1:
b11100001001 E
b10001000 &
b10001000 ;
1'
b1011100100011001101100110111001 8
0%
#26435000
1<
b1 A
1!
b10001000 "
b10001000 B
b1 D
b110001001 5
b10001001 /
1%
#26440000
b0 A
0:
b11100001010 E
b111011011001100110101101110110 8
0'
b10001001 .
0%
#26445000
0<
0!
b0 D
b10001000 )
1+
b110001001 4
b10001001 ,
1%
#26450000
b11100001011 E
0(
b1100111010100100111110111001110 8
0%
#26455000
0*
0+
1%
#26460000
b11100001100 E
1(
b11011010000010110000100110110 8
0%
#26465000
1*
1%
#26470000
b1 A
1:
b11100001101 E
b10001001 &
b10001001 ;
1'
b11100000010101001101000011000000 8
0%
#26475000
1<
b1 A
1!
b10001001 "
b10001001 B
b1 D
b110001010 5
b10001010 /
1%
#26480000
b0 A
0:
b11100001110 E
b10101101011000001101010001011010 8
0'
b10001010 .
0%
#26485000
0<
0!
b0 D
b10001001 )
1+
b110001010 4
b10001010 ,
1%
#26490000
b11100001111 E
b1011001110011111010000110110011 8
0%
#26495000
0+
1%
#26500000
b11100010000 E
b1101011000000111000100011010 8
0%
#26505000
1%
#26510000
b11100010001 E
b100000111110010111010101000001 8
0%
#26515000
1%
#26520000
b11100010010 E
b11011101100001001010001010111011 8
0%
#26525000
1%
#26530000
b11100010011 E
b11011100100011111001110010111001 8
0%
#26535000
1%
#26540000
b11100010100 E
b110011001001101001010101100110 8
0%
#26545000
1%
#26550000
b11100010101 E
b110010001000100010010101100100 8
0%
#26555000
1%
#26560000
b11100010110 E
b10111111000000011001100101111 8
0%
#26565000
1%
#26570000
b11100010111 E
b10111110000111111101010001111100 8
0%
#26575000
1%
#26580000
b11100011000 E
b11001011011110000010101010010110 8
0%
#26585000
1%
#26590000
b11100011001 E
b1101010101000100011111111010101 8
0%
#26595000
1%
#26600000
b11100011010 E
0(
b10110010100011011110011001100101 8
0%
#26605000
0*
1%
#26610000
b11100011011 E
1(
b11110000111110011010100011100001 8
0%
#26615000
1*
1%
#26620000
b1 A
1:
b11100011100 E
b10001010 &
b10001010 ;
1'
b10011110000001011001001000111100 8
0%
#26625000
1<
b1 A
1!
b10001010 "
b10001010 B
b1 D
b110001011 5
b10001011 /
1%
#26630000
b0 A
0:
b11100011101 E
b10001111110010010001100100011 8
0'
b10001011 .
0%
#26635000
0<
0!
b10001010 )
1+
b0 D
b110001011 4
b10001011 ,
1%
#26640000
b11100011110 E
b11010111001101000001110010101110 8
0%
#26645000
0+
1%
#26650000
b11100011111 E
b11010001000000100111011010100010 8
0%
#26655000
1%
#26660000
b1 A
1:
b11100100000 E
b10001011 &
b10001011 ;
1'
b11100110010110011000100111001 8
0%
#26665000
1<
b1 A
1!
b10001011 "
b10001011 B
b1 D
b110001100 5
b10001100 /
1%
#26670000
0<
0:
b11100100001 E
0(
b10111101110100100011001001111011 8
0'
b10001100 .
0%
#26675000
b10001011 )
0*
1+
1%
#26680000
b11100100010 E
b1111100100001010011011111111001 8
0%
#26685000
1%
#26690000
b0 A
1<
b11100100011 E
1(
b11001000010111010000100110010 8
0%
#26695000
0<
0!
1*
b0 D
b110001100 4
b10001100 ,
1%
#26700000
b11100100100 E
b10110101100100010101111001101011 8
0%
#26705000
0+
1%
#26710000
b11100100101 E
b1011111100001001100110110111111 8
0%
#26715000
1%
#26720000
b1 A
1:
b11100100110 E
b10001100 &
b10001100 ;
1'
b10001111101111111001001000011111 8
0%
#26725000
1<
b1 A
1!
b10001100 "
b10001100 B
b1 D
b110001101 5
b10001101 /
1%
#26730000
b0 A
0:
b11100100111 E
b10001000010100101000010000010000 8
0'
b10001101 .
0%
#26735000
0<
0!
b10001100 )
1+
b0 D
b110001101 4
b10001101 ,
1%
#26740000
b11100101000 E
0(
b1010011011011001000000110100110 8
0%
#26745000
0*
0+
1%
#26750000
b1 A
1:
b11100101001 E
1(
b10001101 &
b10001101 ;
1'
b1100101000101001100000011 8
0%
#26755000
1<
b1 A
1!
1*
b10001101 "
b10001101 B
b1 D
b110001110 5
b10001110 /
1%
#26760000
b0 A
0:
b11100101010 E
b1001110001011011001001110011100 8
0'
b10001110 .
0%
#26765000
0<
0!
b0 D
b10001101 )
1+
b110001110 4
b10001110 ,
1%
#26770000
b11100101011 E
b111000000000001000010101110000 8
0%
#26775000
0+
1%
#26780000
b11100101100 E
b10000001111001111011100100000 8
0%
#26785000
1%
#26790000
b11100101101 E
b110101001100000010010101101010 8
0%
#26795000
1%
#26800000
b1 A
1:
b11100101110 E
b10001110 &
b10001110 ;
1'
b11001110101001011001010010011101 8
0%
#26805000
1<
b1 A
1!
b10001110 "
b10001110 B
b1 D
b110001111 5
b10001111 /
1%
#26810000
b0 A
0:
b11100101111 E
b10100000101010101111111001000001 8
0'
b10001111 .
0%
#26815000
0<
0!
b10001110 )
1+
b0 D
b110001111 4
b10001111 ,
1%
#26820000
b11100110000 E
b10110001011110001111100101100 8
0%
#26825000
0+
1%
#26830000
b1 A
1:
b11100110001 E
0(
b10001111 &
b10001111 ;
1'
b101111101100111010000101011111 8
0%
#26835000
b10 A
1!
0*
b10001111 "
b10001111 B
b1 D
b110010000 5
b10010000 /
1%
#26840000
b0 A
1<
0:
b11100110010 E
1(
b11110000000000010111100011100000 8
0'
b10010000 .
0%
#26845000
0<
0!
b0 D
b10001111 )
1*
1+
b110010000 4
b10010000 ,
1%
#26850000
b0 6
b1100100 2
b11100110011 E
b10111011000010011111101001110110 8
0%
#26855000
0+
1%
#26860000
b1000010001110110100010110000100 8
0%
#26865000
1%
#26870000
b1001111110100110101010110011111 8
0%
#26875000
1%
#26880000
b11111001100101010100001011110011 8
0%
#26885000
1%
#26890000
b10110001001110110101100001100010 8
0%
#26895000
1%
#26900000
b1000111011101000111011110001110 8
0%
#26905000
1%
#26910000
b10011000001001100010011000110000 8
0%
#26915000
1%
#26920000
b11101011011010000110101011010110 8
0%
#26925000
1%
#26930000
b111001110010010010010101110011 8
0%
#26935000
1%
#26940000
b10011110111101100111111000111101 8
0%
#26945000
1%
#26950000
b1001101011001101110010110011010 8
0%
#26955000
1%
#26960000
b10111011011000101000100101110 8
0%
#26965000
1%
#26970000
b10010000101001100000011000100001 8
0%
#26975000
1%
#26980000
b1001000110100010001100110010001 8
0%
#26985000
1%
#26990000
b100101110110001100100001001 8
0%
#26995000
1%
#27000000
b1100000110011100000110111000001 8
0%
#27005000
1%
#27010000
b111010111010110111100001110 8
0%
#27015000
1%
#27020000
b10010001001011100000100100100 8
0%
#27025000
1%
#27030000
b110001001111110000111101100010 8
0%
#27035000
1%
#27040000
b10110001000100100111111001100010 8
0%
#27045000
1%
#27050000
b111000011111111000100101110000 8
0%
#27055000
1%
#27060000
b111110101000111011000101111101 8
0%
#27065000
1%
#27070000
b101000010100011101010101010000 8
0%
#27075000
1%
#27080000
b1000100111100100011111110001001 8
0%
#27085000
1%
#27090000
b10111111110011010011111001111111 8
0%
#27095000
1%
#27100000
b111111110000111110100101111111 8
0%
#27105000
1%
#27110000
b11101000101000010011011011010001 8
0%
#27115000
1%
#27120000
b10101100111101011010101001011001 8
0%
#27125000
1%
#27130000
b10100011001001000011110001000110 8
0%
#27135000
1%
#27140000
b10110101110001010010000001101011 8
0%
#27145000
1%
#27150000
b10101111111101011011110001011111 8
0%
#27155000
1%
#27160000
b11101110100001101111100111011 8
0%
#27165000
1%
#27170000
b0 )
0*
b0 4
b0 5
b0 ,
b0 /
b0 .
0(
b0 &
b0 ;
0-
b1010000 H
b1111 F
b1011000001010101110111110110000 8
0%
#27175000
b10001111 )
b0 C
b0 "
b0 B
1%
#27180000
0%
#27185000
b0 )
1%
#27190000
0%
#27195000
1%
#27200000
1-
0%
#27205000
1%
#27210000
b0 E
b1010000 6
b1111 2
0%
#27215000
1%
#27220000
b1 E
b101011101111101011011101010111 8
0%
#27225000
1%
#27230000
b1 A
1:
b10 E
1'
b10010101111001000001100100101 8
0%
#27235000
b10 A
1!
b1 D
b1 5
b1 /
1%
#27240000
b11 E
b1 &
b1 ;
b11010000010111100011000010100000 8
1'
b1 .
0%
#27245000
0:
0#
b1 C
b1 "
b1 B
b10 D
1+
b10 5
b10 /
1%
#27250000
b100 E
b11010010001000011100110010100100 8
0%
#27255000
b1 )
b11000001 3
1%
#27260000
b101 E
b11001000000101001110010010010000 8
0%
#27265000
1%
#27270000
b110 E
b101010110001000110110101010101 8
0%
#27275000
1%
#27280000
b111 E
b10100011001101001111001001000110 8
0%
#27285000
1%
#27290000
b1000 E
b1010011100101101000000110100111 8
0%
#27295000
1%
#27300000
b1001 E
b10010101111001011110100100101 8
0%
#27305000
1%
#27310000
b1010 E
b1010010101001000000001110100101 8
0%
#27315000
1%
#27320000
b1011 E
b10000011011011101000111000000110 8
0%
#27325000
1%
#27330000
b1100 E
b1101000110110001110101111010001 8
0%
#27335000
1%
#27340000
b1 A
1<
b1101 E
1(
b11100011001101010111110011000110 8
0%
#27345000
1:
b1 A
1#
b1 D
1*
b1 4
b1 ,
b11000010 3
1%
#27350000
b10 A
0<
b1110 E
0(
b10 &
b10 ;
b10111101100011010100101001111011 8
1'
b10 .
0%
#27355000
0:
0#
0*
b10 C
b10 "
b10 B
b10 D
b11 5
b11 /
1%
#27360000
b1 A
1<
b1111 E
1(
b1000000000110111110101110000000 8
0%
#27365000
1:
b1 A
1#
b1 D
b10 )
1*
b10 4
b10 ,
b11000100 3
1%
#27370000
b10 A
0<
b10000 E
0(
b11 &
b11 ;
b10011110111110011100100100111 8
1'
b11 .
0%
#27375000
0:
0#
0*
b11 C
b11 "
b11 B
b10 D
b100 5
b100 /
1%
#27380000
b10001 E
b1110101101101100011011111101011 8
0%
#27385000
b11 )
b11000101 3
1%
#27390000
b10010 E
b10111000101001100001100001110001 8
0%
#27395000
1%
#27400000
b10011 E
b1100010110000110001011111000101 8
0%
#27405000
1%
#27410000
b10100 E
b10010111111110000110100100101 8
0%
#27415000
1%
#27420000
b10101 E
b110100101111010001110101101001 8
0%
#27425000
1%
#27430000
b10110 E
b11110001011011011101001011100010 8
0%
#27435000
1%
#27440000
b10111 E
b10111001010000101000101001110010 8
0%
#27445000
1%
#27450000
b11000 E
b1000100011001001100001110001000 8
0%
#27455000
1%
#27460000
b11001 E
b10100011111100001000101001000111 8
0%
#27465000
1%
#27470000
b11010 E
b111011101010011010100001110 8
0%
#27475000
1%
#27480000
b11011 E
b11111000000000001010100111110 8
0%
#27485000
1%
#27490000
b11100 E
b11100110010011101101011011001100 8
0%
#27495000
1%
#27500000
b11101 E
b1000011101001011100101110000111 8
0%
#27505000
1%
#27510000
b11110 E
b1011111111001100001101110111111 8
0%
#27515000
1%
#27520000
b1 A
1<
b11111 E
1(
b10010010101011001101111000100101 8
0%
#27525000
1:
b1 A
1#
b1 D
1*
b11 4
b11 ,
b11000110 3
1%
#27530000
b10 A
0<
b100000 E
0(
b100 &
b100 ;
b10101000100001001110100001010001 8
1'
b100 .
0%
#27535000
0:
0#
0*
b100 C
b100 "
b100 B
b10 D
b101 5
b101 /
1%
#27540000
b100001 E
b10011001111011100001111000110011 8
0%
#27545000
b100 )
b11000111 3
1%
#27550000
b1 A
1<
b100010 E
1(
b1111000101110101101010111110001 8
0%
#27555000
1:
b1 A
1#
1*
b1 D
b100 4
b100 ,
b11001000 3
1%
#27560000
b10 A
0<
b100011 E
0(
b101 &
b101 ;
b10001011100101001011001000010111 8
1'
b101 .
0%
#27565000
0:
0#
b101 C
b101 "
b101 B
b10 D
0*
b110 5
b110 /
1%
#27570000
b100100 E
b100010110101010000100001000 8
0%
#27575000
b101 )
b11001001 3
1%
#27580000
b100101 E
b10110101010010001010010001101010 8
0%
#27585000
1%
#27590000
b100110 E
b1111101101111100101111111111011 8
0%
#27595000
1%
#27600000
b100111 E
b10111001000001101011001001110010 8
0%
#27605000
1%
#27610000
b101000 E
b110010111101001011100101100101 8
0%
#27615000
1%
#27620000
b1 A
1<
b101001 E
1(
b11110010110011011011100011100101 8
0%
#27625000
1:
b1 A
1#
b1 D
1*
b101 4
b101 ,
b11001010 3
1%
#27630000
b10 A
0<
b101010 E
0(
b110 &
b110 ;
b10101001110000110011011001010011 8
1'
b110 .
0%
#27635000
0:
0#
0*
b110 C
b110 "
b110 B
b10 D
b111 5
b111 /
1%
#27640000
b1 A
1<
b101011 E
1(
b1111100111010100011100011111 8
0%
#27645000
1:
b1 A
1#
b1 D
b110 )
1*
b110 4
b110 ,
b11001100 3
1%
#27650000
0<
0:
b101100 E
0(
b100111100000010111100001001 8
0'
b111 .
0%
#27655000
0*
1%
#27660000
1<
1:
b101101 E
1(
b111 &
b111 ;
1'
b10000011001010001110001000000110 8
0%
#27665000
b111 "
b111 B
1*
b111 4
b111 ,
b1000 5
b1000 /
1%
#27670000
b101110 E
b1000 &
b1000 ;
b10101111111111101010000001011111 8
1'
b1000 .
0%
#27675000
b111 )
b1000 "
b1000 B
b1000 4
b1000 ,
b1001 5
b1001 /
1%
#27680000
b101111 E
b1001 &
b1001 ;
b10010001111110111110101000100011 8
1'
b1001 .
0%
#27685000
b1001 "
b1001 B
b1000 )
b1001 4
b1001 ,
b1010 5
b1010 /
1%
#27690000
b110000 E
b1010 &
b1010 ;
b101111001001111101011101011110 8
1'
b1010 .
0%
#27695000
b1001 )
b1010 "
b1010 B
b1010 4
b1010 ,
b1011 5
b1011 /
1%
#27700000
b110001 E
b1011 &
b1011 ;
b10001000011001100111101000010000 8
1'
b1011 .
0%
#27705000
b1011 "
b1011 B
b1010 )
b1011 4
b1011 ,
b1100 5
b1100 /
1%
#27710000
0<
0:
b110010 E
0(
b1001000001010000100100110010000 8
0'
b1100 .
0%
#27715000
b1011 )
0*
1%
#27720000
b10 A
1:
b110011 E
b1100 &
b1100 ;
1'
b10010010110000000110111000100101 8
0%
#27725000
0:
0#
b1100 C
b1100 "
b1100 B
b10 D
b1101 5
b1101 /
1%
#27730000
b110100 E
b10110101101001000110100