$date
	Sat Sep  5 15:50:06 2026
$end
$version
	Icarus Verilog
$end
$timescale
	1ps
$end
$scope module async_fifo_tb $end
$var wire 8 ! rd_data [7:0] $end
$var wire 1 " full $end
$var wire 1 # empty $end
$var parameter 32 $ DEPTH $end
$var reg 1 % rd_clk $end
$var reg 1 & rd_en $end
$var reg 1 ' rst_n $end
$var reg 1 ( wr_clk $end
$var reg 8 ) wr_data [7:0] $end
$var reg 1 * wr_en $end
$var integer 32 + errors [31:0] $end
$var real 1 , rd_half $end
$var integer 32 - reads_done [31:0] $end
$var real 1 . wr_half $end
$var integer 32 / writes_done [31:0] $end
$scope module dut $end
$var wire 1 # empty $end
$var wire 1 " full $end
$var wire 1 % rd_clk $end
$var wire 8 0 rd_data [7:0] $end
$var wire 1 & rd_en $end
$var wire 1 ' rst_n $end
$var wire 1 ( wr_clk $end
$var wire 8 1 wr_data [7:0] $end
$var wire 1 * wr_en $end
$var wire 5 2 wr_ptr_transferred [4:0] $end
$var wire 5 3 wr_ptr_gray [4:0] $end
$var wire 5 4 rd_ptr_transferred [4:0] $end
$var wire 5 5 rd_ptr_gray [4:0] $end
$var reg 5 6 rd_ptr [4:0] $end
$var reg 5 7 rd_ptr_gray_asynced [4:0] $end
$var reg 5 8 rd_ptr_gray_synced [4:0] $end
$var reg 5 9 wr_ptr [4:0] $end
$var reg 5 : wr_ptr_gray_asynced [4:0] $end
$var reg 5 ; wr_ptr_gray_synced [4:0] $end
$scope module read $end
$var wire 5 < in [4:0] $end
$var reg 5 = out [4:0] $end
$upscope $end
$scope module read_transfer $end
$var wire 5 > in [4:0] $end
$var reg 5 ? out [4:0] $end
$scope begin $ivl_for_loop0 $end
$var integer 32 @ i [31:0] $end
$upscope $end
$upscope $end
$scope module write $end
$var wire 5 A in [4:0] $end
$var reg 5 B out [4:0] $end
$upscope $end
$scope module write_transfer $end
$var wire 5 C in [4:0] $end
$var reg 5 D out [4:0] $end
$scope begin $ivl_for_loop0 $end
$var integer 32 E i [31:0] $end
$upscope $end
$upscope $end
$upscope $end
$scope begin $unm_blk_14 $end
$var reg 8 F exp [7:0] $end
$upscope $end
$scope task do_reset $end
$upscope $end
$scope task drive_reads $end
$scope begin $ivl_for_loop2 $end
$upscope $end
$upscope $end
$scope task drive_writes $end
$scope begin $ivl_for_loop1 $end
$upscope $end
$upscope $end
$scope task flag $end
$upscope $end
$upscope $end
$enddefinitions $end
$comment Show the parameter values. $end
$dumpall
b10000 $
$end
#0
$dumpvars
bx F
b11111111111111111111111111111111 E
b0 D
b0 C
b0 B
b0 A
b11111111111111111111111111111111 @
b0 ?
b0 >
b0 =
b0 <
b0 ;
b0 :
b0 9
b0 8
b0 7
b0 6
b0 5
b0 4
b0 3
b0 2
b0 1
bx 0
b0 /
r5 .
b0 -
r7 ,
b0 +
0*
b0 )
0(
0'
0&
0%
1#
0"
bx !
$end
#5000
1(
#7000
1%
#10000
0(
#14000
0%
#15000
1(
#20000
0(
#21000
1%
#25000
1(
#28000
0%
#30000
0(
#35000
1(
1%
#40000
0(
#42000
0%
#45000
1(
#49000
1%
#50000
0(
#55000
1(
#56000
0%
#60000
0(
#63000
1%
#65000
1(
#70000
0(
0%
#75000
1(
#77000
1%
#80000
0(
#84000
0%
#85000
1(
#90000
0(
#91000
1%
#95000
1(
#98000
0%
#100000
1'
0(
#105000
1(
1%
#110000
0(
#112000
0%
#115000
1(
#119000
1%
#120000
b10000001 )
b10000001 1
1*
0(
#125000
b1 3
b1 B
b10000001 !
b10000001 0
b1 9
b1 A
b1 /
1(
#126000
0%
#130000
b1100011 )
b1100011 1
0(
#133000
b1 :
1%
#135000
b11 3
b11 B
b10 9
b10 A
b10 /
1(
#140000
b10001101 )
b10001101 1
0(
0%
#145000
b10 3
b10 B
b11 9
b11 A
b11 /
1(
#147000
0#
b1 2
b1 D
b11111111111111111111111111111111 E
b1 ;
b1 C
b10 :
1%
#150000
b10010 )
b10010 1
0(
#154000
0%
#155000
b110 3
b110 B
b100 9
b100 A
b100 /
1(
#160000
b1101 )
b1101 1
0(
#161000
b11 2
b11 D
b11111111111111111111111111111111 E
b10 ;
b10 C
b110 :
1%
#165000
b111 3
b111 B
b101 9
b101 A
b101 /
1(
#168000
0%
#170000
b111101 )
b111101 1
0(
#175000
b101 3
b101 B
b100 2
b100 D
b11111111111111111111111111111111 E
b110 9
b110 A
b110 ;
b110 C
b111 :
b110 /
1(
1%
#180000
b10001100 )
b10001100 1
0(
#182000
0%
#185000
b100 3
b100 B
b111 9
b111 A
b111 /
1(
#189000
b101 2
b101 D
b11111111111111111111111111111111 E
b111 ;
b111 C
b100 :
1%
#190000
b11000110 )
b11000110 1
0(
#195000
b1100 3
b1100 B
b1000 9
b1000 A
b1000 /
1(
#196000
0%
#200000
b10101010 )
b10101010 1
0(
#203000
b111 2
b111 D
b11111111111111111111111111111111 E
b100 ;
b100 C
b1100 :
1%
#205000
b1101 3
b1101 B
b1001 9
b1001 A
b1001 /
1(
#210000
b1110111 )
b1110111 1
0(
0%
#215000
b1111 3
b1111 B
b1010 9
b1010 A
b1010 /
1(
#217000
b1000 2
b1000 D
b11111111111111111111111111111111 E
b1100 ;
b1100 C
b1111 :
1%
#220000
b10001111 )
b10001111 1
0(
#224000
0%
#225000
b1110 3
b1110 B
b1011 9
b1011 A
b1011 /
1(
#230000
b11001110 )
b11001110 1
0(
#231000
b1010 2
b1010 D
b11111111111111111111111111111111 E
b1111 ;
b1111 C
b1110 :
1%
#235000
b1010 3
b1010 B
b1100 9
b1100 A
b1100 /
1(
#238000
0%
#240000
b11000101 )
b11000101 1
0(
#245000
b1011 3
b1011 B
b1011 2
b1011 D
b11111111111111111111111111111111 E
b1101 9
b1101 A
b1110 ;
b1110 C
b1010 :
b1101 /
1(
1%
#250000
b10111101 )
b10111101 1
0(
#252000
0%
#255000
b1001 3
b1001 B
b1110 9
b1110 A
b1110 /
1(
#259000
b1100 2
b1100 D
b11111111111111111111111111111111 E
b1010 ;
b1010 C
b1001 :
1%
#260000
b1100101 )
b1100101 1
0(
#265000
b1000 3
b1000 B
b1111 9
b1111 A
b1111 /
1(
#266000
0%
#270000
b1010 )
b1010 1
0(
#273000
b1110 2
b1110 D
b11111111111111111111111111111111 E
b1001 ;
b1001 C
b1000 :
1%
#275000
1"
b11000 3
b11000 B
b10000 9
b10000 A
b10000 /
1(
#280000
b100000 )
b100000 1
0(
0%
#285000
1(
#287000
b1111 2
b1111 D
b11111111111111111111111111111111 E
b1000 ;
b1000 C
b11000 :
1%
#290000
b10011101 )
b10011101 1
0(
#294000
0%
#295000
1(
#300000
b10011 )
b10011 1
0(
#301000
b11111111111111111111111111111111 E
b10000 2
b10000 D
b11000 ;
b11000 C
1%
#305000
1(
#308000
0%
#310000
b1010011 )
b1010011 1
0(
#315000
1(
1%
#320000
b11010101 )
b11010101 1
0(
#322000
0%
#325000
1(
#329000
1%
#330000
b10101110 )
b10101110 1
0(
#335000
1(
#336000
0%
#340000
b11001111 )
b11001111 1
0(
#343000
1%
#345000
1(
#350000
b1010 )
b1010 1
0(
0%
#355000
1(
#357000
1%
#360000
0*
0(
#364000
0%
#365000
1(
#370000
0(
#371000
1%
#375000
1(
#378000
0%
#380000
0(
#385000
1(
1%
#390000
0(
#392000
0%
#395000
1(
#399000
1%
#400000
0(
#405000
1(
#406000
0%
#410000
0(
#413000
1%
#415000
1(
#420000
0(
0%
#425000
1(
#427000
1%
#430000
0(
#434000
0%
#435000
1(
#440000
0(
#441000
1%
#445000
1(
#448000
0%
#450000
0(
#455000
1(
1%
#460000
0(
#462000
1&
0%
#465000
1(
#469000
b1100011 !
b1100011 0
b1 5
b1 =
b1 6
b1 <
b1 -
b10000001 F
1%
#470000
0(
#475000
b1 7
1(
#476000
0%
#480000
0(
#483000
b10001101 !
b10001101 0
b11 5
b11 =
b10 6
b10 <
b10 -
b1100011 F
1%
#485000
0"
b1 4
b1 ?
b11111111111111111111111111111111 @
b1 8
b1 >
b11 7
1(
#490000
0(
0%
#495000
b10 4
b10 ?
b11111111111111111111111111111111 @
b11 8
b11 >
1(
#497000
b10010 !
b10010 0
b10 5
b10 =
b11 6
b11 <
b11 -
b10001101 F
1%
#500000
0(
#504000
0%
#505000
b10 7
1(
#510000
0(
#511000
b1101 !
b1101 0
b110 5
b110 =
b100 6
b100 <
b100 -
b10010 F
1%
#515000
b11 4
b11 ?
b11111111111111111111111111111111 @
b10 8
b10 >
b110 7
1(
#518000
0%
#520000
0(
#525000
b100 4
b100 ?
b11111111111111111111111111111111 @
b111101 !
b111101 0
b111 5
b111 =
b110 8
b110 >
b101 6
b101 <
b101 -
b1101 F
1(
1%
#530000
0(
#532000
0%
#535000
b111 7
1(
#539000
b10001100 !
b10001100 0
b101 5
b101 =
b110 6
b110 <
b110 -
b111101 F
1%
#540000
0(
#545000
b101 4
b101 ?
b11111111111111111111111111111111 @
b111 8
b111 >
b101 7
1(
#546000
0%
#550000
0(
#553000
b11000110 !
b11000110 0
b100 5
b100 =
b111 6
b111 <
b111 -
b10001100 F
1%
#555000
b110 4
b110 ?
b11111111111111111111111111111111 @
b101 8
b101 >
b100 7
1(
#560000
0(
0%
#565000
b111 4
b111 ?
b11111111111111111111111111111111 @
b100 8
b100 >
1(
#567000
b10101010 !
b10101010 0
b1100 5
b1100 =
b1000 6
b1000 <
b1000 -
b11000110 F
1%
#570000
0(
#574000
0%
#575000
b1100 7
1(
#580000
0(
#581000
b1110111 !
b1110111 0
b1101 5
b1101 =
b1001 6
b1001 <
b1001 -
b10101010 F
1%
#585000
b1000 4
b1000 ?
b11111111111111111111111111111111 @
b1100 8
b1100 >
b1101 7
1(
#588000
0%
#590000
0(
#595000
b1001 4
b1001 ?
b11111111111111111111111111111111 @
b10001111 !
b10001111 0
b1111 5
b1111 =
b1101 8
b1101 >
b1010 6
b1010 <
b1010 -
b1110111 F
1(
1%
#600000
0(
#602000
0%
#605000
b1111 7
1(
#609000
b11001110 !
b11001110 0
b1110 5
b1110 =
b1011 6
b1011 <
b1011 -
b10001111 F
1%
#610000
0(
#615000
b1010 4
b1010 ?
b11111111111111111111111111111111 @
b1111 8
b1111 >
b1110 7
1(
#616000
0%
#620000
0(
#623000
b11000101 !
b11000101 0
b1010 5
b1010 =
b1100 6
b1100 <
b1100 -
b11001110 F
1%
#625000
b1011 4
b1011 ?
b11111111111111111111111111111111 @
b1110 8
b1110 >
b1010 7
1(
#630000
0(
0%
#635000
b1100 4
b1100 ?
b11111111111111111111111111111111 @
b1010 8
b1010 >
1(
#637000
b10111101 !
b10111101 0
b1011 5
b1011 =
b1101 6
b1101 <
b1101 -
b11000101 F
1%
#640000
0(
#644000
0%
#645000
b1011 7
1(
#650000
0(
#651000
b1100101 !
b1100101 0
b1001 5
b1001 =
b1110 6
b1110 <
b1110 -
b10111101 F
1%
#655000
b1101 4
b1101 ?
b11111111111111111111111111111111 @
b1011 8
b1011 >
b1001 7
1(
#658000
0%
#660000
0(
#665000
b1110 4
b1110 ?
b11111111111111111111111111111111 @
b1010 !
b1010 0
b1000 5
b1000 =
b1001 8
b1001 >
b1111 6
b1111 <
b1111 -
b1100101 F
1(
1%
#670000
0(
#672000
0%
#675000
b1000 7
1(
#679000
1#
b10000001 !
b10000001 0
b11000 5
b11000 =
b10000 6
b10000 <
b10000 -
b1010 F
1%
#680000
0(
#685000
b1111 4
b1111 ?
b11111111111111111111111111111111 @
b1000 8
b1000 >
b11000 7
1(
#686000
0%
#690000
0(
#693000
1%
#695000
b11111111111111111111111111111111 @
b10000 4
b10000 ?
b11000 8
b11000 >
1(
#700000
0(
0%
#705000
1(
#707000
1%
#710000
0(
#714000
0%
#715000
1(
#720000
0(
#721000
1%
#725000
1(
#728000
0%
#730000
0(
#735000
1(
1%
#740000
0(
#742000
0%
#745000
1(
#749000
1%
#750000
0(
#755000
1(
#756000
0%
#760000
0(
#763000
1%
#765000
1(
#770000
0(
0%
#775000
1(
#777000
1%
#780000
0(
#784000
0%
#785000
1(
#790000
0(
#791000
1%
#795000
1(
#798000
0%
#800000
0(
#805000
1(
1%
#810000
0(
#812000
0%
#815000
1(
#819000
1%
#820000
0(
#825000
1(
#826000
0%
#830000
0(
#833000
1%
#835000
1(
#840000
0(
0%
#845000
1(
#847000
1%
#850000
0(
#854000
0%
#855000
1(
#860000
0(
#861000
1%
#865000
1(
#868000
0%
#870000
0(
#875000
1(
1%
#880000
0(
#882000
0%
#885000
1(
#889000
1%
#890000
0(
#895000
1(
#896000
0%
#900000
0(
#903000
1%
#905000
1(
#910000
0(
0%
#915000
1(
#917000
1%
#920000
0(
#924000
0%
#925000
1(
#930000
0(
#931000
1%
#935000
1(
#938000
0%
#940000
0(
#945000
1(
1%
#950000
0(
#952000
0%
#955000
1(
#959000
1%
#960000
0(
#965000
1(
#966000
0&
0%
#970000
0(
#973000
1%
#975000
1(
#980000
0(
0%
#985000
1(
#987000
1%
#990000
0(
#994000
0%
#995000
1(
#1000000
0(
#1001000
1%
#1005000
1(
#1008000
0%
#1010000
0(
#1015000
1(
1%
#1020000
0(
#1022000
0%
#1025000
1(
#1029000
1%
#1030000
0(
#1035000
1(
#1036000
0%
#1040000
0(
#1043000
1%
#1045000
1(
#1050000
0(
0%
#1055000
1(
#1057000
1%
#1060000
0(
#1064000
0%
#1065000
1(
#1070000
0(
#1071000
1%
#1075000
1(
#1078000
0%
#1080000
0(
#1085000
1(
1%
#1090000
0(
#1092000
0%
#1095000
1(
#1099000
0"
1#
b11111111111111111111111111111111 @
b0 4
b0 ?
b0 3
b0 B
b11111111111111111111111111111111 E
b0 2
b0 D
b0 5
b0 =
b0 8
b0 >
b0 7
b0 9
b0 A
b0 ;
b0 C
b0 :
b0 6
b0 <
0'
b0 )
b0 1
1%
#1100000
0(
#1105000
1(
#1106000
0%
#1110000
0(
#1113000
1%
#1115000
1(
#1120000
0(
0%
#1125000
1(
#1127000
1%
#1130000
0(
#1134000
0%
#1135000
1(
#1140000
0(
#1141000
1%
#1145000
1(
#1148000
0%
#1150000
0(
#1155000
1(
1%
#1160000
0(
#1162000
0%
#1165000
1(
#1169000
1%
#1170000
0(
#1175000
1(
#1176000
0%
#1180000
0(
#1183000
1%
#1185000
1(
#1190000
1'
0(
0%
#1195000
1(
#1197000
1%
#1200000
0(
#1204000
0%
#1205000
1(
#1210000
b1010001 )
b1010001 1
1*
0(
#1211000
1%
#1215000
b1 3
b1 B
b1010001 !
b1010001 0
b1 9
b1 A
b10001 /
1(
#1218000
0%
#1220000
b11000010 )
b11000010 1
0(
#1225000
b11 3
b11 B
b10 9
b10 A
b1 :
b10010 /
1(
1%
#1230000
0*
0(
#1232000
1&
0%
#1235000
1(
#1239000
0#
b1 2
b1 D
b11111111111111111111111111111111 E
b1 ;
b1 C
b11 :
1%
#1240000
b10010 )
b10010 1
1*
0(
#1245000
b10 3
b10 B
b11 9
b11 A
b10011 /
1(
#1246000
0%
#1250000
b111001 )
b111001 1
0(
#1253000
b11000010 !
b11000010 0
b1 5
b1 =
b10 2
b10 D
b11111111111111111111111111111111 E
b1 6
b1 <
b11 ;
b11 C
b10 :
b10001 -
b1010001 F
1%
#1255000
b110 3
b110 B
b100 9
b100 A
b1 7
b10100 /
1(
#1260000
b10000101 )
b10000101 1
0&
0(
0%
#1265000
b111 3
b111 B
b1 4
b1 ?
b11111111111111111111111111111111 @
b101 9
b101 A
b1 8
b1 >
b10101 /
1(
#1267000
b11 2
b11 D
b11111111111111111111111111111111 E
b10 ;
b10 C
b111 :
1%
#1270000
b1011011 )
b1011011 1
0(
#1274000
0%
#1275000
b101 3
b101 B
b110 9
b110 A
b10110 /
1(
#1280000
b101010 )
b101010 1
0(
#1281000
b101 2
b101 D
b11111111111111111111111111111111 E
b111 ;
b111 C
b101 :
1%
#1285000
b100 3
b100 B
b111 9
b111 A
b10111 /
1(
#1288000
0%
#1290000
b10001110 )
b10001110 1
0(
#1295000
b1100 3
b1100 B
b110 2
b110 D
b11111111111111111111111111111111 E
b1000 9
b1000 A
b101 ;
b101 C
b100 :
b11000 /
1(
1%
#1300000
b11111010 )
b11111010 1
0(
#1302000
1&
0%
#1305000
b1101 3
b1101 B
b1001 9
b1001 A
b11001 /
1(
#1309000
b10010 !
b10010 0
b11 5
b11 =
b111 2
b111 D
b11111111111111111111111111111111 E
b10 6
b10 <
b100 ;
b100 C
b1101 :
b10010 -
b11000010 F
1%
#1310000
b10100011 )
b10100011 1
0(
#1315000
b1111 3
b1111 B
b1010 9
b1010 A
b11 7
b11010 /
1(
#1316000
0%
#1320000
b1011111 )
b1011111 1
0(
#1323000
b111001 !
b111001 0
b10 5
b10 =
b1001 2
b1001 D
b11111111111111111111111111111111 E
b11 6
b11 <
b1101 ;
b1101 C
b1111 :
b10011 -
b10010 F
1%
#1325000
b1110 3
b1110 B
b10 4
b10 ?
b11111111111111111111111111111111 @
b1011 9
b1011 A
b11 8
b11 >
b10 7
b11011 /
1(
#1330000
0*
0&
0(
0%
#1335000
b11 4
b11 ?
b11111111111111111111111111111111 @
b10 8
b10 >
1(
#1337000
b1010 2
b1010 D
b11111111111111111111111111111111 E
b1111 ;
b1111 C
b1110 :
1%
#1340000
b11100110 )
b11100110 1
1*
0(
#1344000
0%
#1345000
b1010 3
b1010 B
b1100 9
b1100 A
b11100 /
1(
#1350000
b11101101 )
b11101101 1
0(
#1351000
b1011 2
b1011 D
b11111111111111111111111111111111 E
b1110 ;
b1110 C
b1010 :
1%
#1355000
b1011 3
b1011 B
b1101 9
b1101 A
b11101 /
1(
#1358000
0%
#1360000
b10110101 )
b10110101 1
0(
#1365000
b1001 3
b1001 B
b1100 2
b1100 D
b11111111111111111111111111111111 E
b1110 9
b1110 A
b1010 ;
b1010 C
b1011 :
b11110 /
1(
1%
#1370000
b1111001 )
b1111001 1
0(
#1372000
0%
#1375000
b1000 3
b1000 B
b1111 9
b1111 A
b11111 /
1(
#1379000
b1101 2
b1101 D
b11111111111111111111111111111111 E
b1011 ;
b1011 C
b1000 :
1%
#1380000
b101010 )
b101010 1
0(
#1385000
b11000 3
b11000 B
b10000 9
b10000 A
b100000 /
1(
#1386000
0%
#1390000
b11011100 )
b11011100 1
0(
#1393000
b1111 2
b1111 D
b11111111111111111111111111111111 E
b1000 ;
b1000 C
b11000 :
1%
#1395000
b11001 3
b11001 B
b10001 9
b10001 A
b100001 /
1(
#1400000
b11000011 )
b11000011 1
1&
0(
0%
#1405000
b11011 3
b11011 B
b10010 9
b10010 A
b100010 /
1(
#1407000
b10000101 !
b10000101 0
b110 5
b110 =
b11111111111111111111111111111111 E
b10000 2
b10000 D
b100 6
b100 <
b11000 ;
b11000 C
b11011 :
b10100 -
b111001 F
1%
#1410000
b1001110 )
b1001110 1
0(
#1414000
0%
#1415000
1"
b11010 3
b11010 B
b10011 9
b10011 A
b110 7
b100011 /
1(
#1420000
b10110110 )
b10110110 1
0(
#1421000
b1011011 !
b1011011 0
b111 5
b111 =
b10010 2
b10010 D
b11111111111111111111111111111111 E
b101 6
b101 <
b11011 ;
b11011 C
b11010 :
b10101 -
b10000101 F
1%
#1425000
0"
b100 4
b100 ?
b11111111111111111111111111111111 @
b110 8
b110 >
b111 7
1(
#1428000
0%
#1430000
b10111000 )
b10111000 1
0(
#1435000
b11110 3
b11110 B
b101 4
b101 ?
b11111111111111111111111111111111 @
b101010 !
b101010 0
b101 5
b101 =
b10011 2
b10011 D
b11111111111111111111111111111111 E
b10100 9
b10100 A
b111 8
b111 >
b110 6
b110 <
b11010 ;
b11010 C
b100100 /
b10110 -
b1011011 F
1(
1%
#1440000
0*
0(
#1442000
0&
0%
#1445000
b101 7
1(
#1449000
b11110 :
1%
#1450000
b1011001 )
b1011001 1
1*
0(
#1455000
b11111 3
b11111 B
b110 4
b110 ?
b11111111111111111111111111111111 @
b10101 9
b10101 A
b101 8
b101 >
b100101 /
1(
#1456000
0%
#1460000
b11011001 )
b11011001 1
0(
#1463000
b10100 2
b10100 D
b11111111111111111111111111111111 E
b11110 ;
b11110 C
b11111 :
1%
#1465000
1"
b11101 3
b11101 B
b10110 9
b10110 A
b100110 /
1(
#1470000
b11001010 )
b11001010 1
1&
0(
0%
#1475000
1(
#1477000
b10001110 !
b10001110 0
b100 5
b100 =
b10101 2
b10101 D
b11111111111111111111111111111111 E
b111 6
b111 <
b11111 ;
b11111 C
b11101 :
b10111 -
b101010 F
1%
#1480000
0*
0(
#1484000
0&
0%
#1485000
b100 7
1(
#1490000
b100 )
b100 1
1*
0(
#1491000
b10110 2
b10110 D
b11111111111111111111111111111111 E
b11101 ;
b11101 C
1%
#1495000
0"
b111 4
b111 ?
b11111111111111111111111111111111 @
b100 8
b100 >
1(
#1498000
0%
#1500000
b10110100 )
b10110100 1
0(
#1505000
1"
b11100 3
b11100 B
b10111 9
b10111 A
b100111 /
1(
1%
#1510000
0*
0(
#1512000
0%
#1515000
1(
#1519000
b11100 :
1%
#1520000
b11000111 )
b11000111 1
1*
0(
#1525000
1(
#1526000
1&
0%
#1530000
b11100 )
b11100 1
0(
#1533000
b11111010 !
b11111010 0
b1100 5
b1100 =
b10111 2
b10111 D
b11111111111111111111111111111111 E
b1000 6
b1000 <
b11100 ;
b11100 C
b11000 -
b10001110 F
1%
#1535000
b1100 7
1(
#1540000
0&
0(
0%
#1545000
0"
b1000 4
b1000 ?
b11111111111111111111111111111111 @
b1100 8
b1100 >
1(
#1547000
1%
#1550000
0*
0(
#1554000
0%
#1555000
1(
#1560000
b1100110 )
b1100110 1
1*
0(
#1561000
1%
#1565000
1"
b10100 3
b10100 B
b11000 9
b11000 A
b101000 /
1(
#1568000
1&
0%
#1570000
b10111010 )
b10111010 1
0(
#1575000
b10100011 !
b10100011 0
b1101 5
b1101 =
b1001 6
b1001 <
b10100 :
b11001 -
b11111010 F
1(
1%
#1580000
b11111010 )
b11111010 1
0(
#1582000
0&
0%
#1585000
b1101 7
1(
#1589000
b11000 2
b11000 D
b11111111111111111111111111111111 E
b10100 ;
b10100 C
1%
#1590000
b10111001 )
b10111001 1
0(
#1595000
0"
b1001 4
b1001 ?
b11111111111111111111111111111111 @
b1101 8
b1101 >
1(
#1596000
0%
#1600000
0*
0(
#1603000
1%
#1605000
1(
#1610000
b10110110 )
b10110110 1
1*
0(
0%
#1615000
1"
b10101 3
b10101 B
b11001 9
b11001 A
b101001 /
1(
#1617000
b10101 :
1%
#1620000
b11011100 )
b11011100 1
0(
#1624000
0%
#1625000
1(
#1630000
b1111110 )
b1111110 1
0(
#1631000
b11001 2
b11001 D
b11111111111111111111111111111111 E
b10101 ;
b10101 C
1%
#1635000
1(
#1638000
0%
#1640000
b1111001 )
b1111001 1
0(
#1645000
1(
1%
#1650000
b1100001 )
b1100001 1
0(
#1652000
0%
#1655000
1(
#1659000
1%
#1660000
b10000110 )
b10000110 1
0(
#1665000
1(
#1666000
1&
0%
#1670000
0*
0(
#1673000
b1011111 !
b1011111 0
b1111 5
b1111 =
b1010 6
b1010 <
b11010 -
b10100011 F
1%
#1675000
b1111 7
1(
#1680000
b11000001 )
b11000001 1
1*
0(
0%
#1685000
0"
b1010 4
b1010 ?
b11111111111111111111111111111111 @
b1111 8
b1111 >
1(
#1687000
b11100110 !
b11100110 0
b1110 5
b1110 =
b1011 6
b1011 <
b11011 -
b1011111 F
1%
#1690000
b10011000 )
b10011000 1
0(
#1694000
0&
0%
#1695000
1"
b10111 3
b10111 B
b11010 9
b11010 A
b1110 7
b101010 /
1(
#1700000
b11101100 )
b11101100 1
0(
#1701000
b10111 :
1%
#1705000
0"
b1011 4
b1011 ?
b11111111111111111111111111111111 @
b1110 8
b1110 >
1(
#1708000
1&
0%
#1710000
b10101000 )
b10101000 1
0(
#1715000
1"
b10110 3
b10110 B
b11101101 !
b11101101 0
b1010 5
b1010 =
b11010 2
b11010 D
b11111111111111111111111111111111 E
b11011 9
b11011 A
b1100 6
b1100 <
b10111 ;
b10111 C
b101011 /
b11100 -
b11100110 F
1(
1%
#1720000
0*
0(
#1722000
0%
#1725000
b1010 7
1(
#1729000
b10110101 !
b10110101 0
b1011 5
b1011 =
b1101 6
b1101 <
b10110 :
b11101 -
b11101101 F
1%
#1730000
b11100110 )
b11100110 1
1*
0(
#1735000
0"
b1100 4
b1100 ?
b11111111111111111111111111111111 @
b1010 8
b1010 >
b1011 7
1(
#1736000
0%
#1740000
b101010 )
b101010 1
0(
#1743000
b1111001 !
b1111001 0
b1001 5
b1001 =
b11011 2
b11011 D
b11111111111111111111111111111111 E
b1110 6
b1110 <
b10110 ;
b10110 C
b11110 -
b10110101 F
1%
#1745000
b10010 3
b10010 B
b1101 4
b1101 ?
b11111111111111111111111111111111 @
b11100 9
b11100 A
b1011 8
b1011 >
b1001 7
b101100 /
1(
#1750000
0*
0(
0%
#1755000
b1110 4
b1110 ?
b11111111111111111111111111111111 @
b1001 8
b1001 >
1(
#1757000
b101010 !
b101010 0
b1000 5
b1000 =
b1111 6
b1111 <
b10010 :
b11111 -
b1111001 F
1%
#1760000
b1111001 )
b1111001 1
1*
0(
#1764000
0&
0%
#1765000
b10011 3
b10011 B
b11101 9
b11101 A
b1000 7
b101101 /
1(
#1770000
0*
0(
#1771000
b11100 2
b11100 D
b11111111111111111111111111111111 E
b10010 ;
b10010 C
b10011 :
1%
#1775000
b1111 4
b1111 ?
b11111111111111111111111111111111 @
b1000 8
b1000 >
1(
#1778000
0%
#1780000
b11000111 )
b11000111 1
1*
0(
#1785000
b10001 3
b10001 B
b11101 2
b11101 D
b11111111111111111111111111111111 E
b11110 9
b11110 A
b10011 ;
b10011 C
b101110 /
1(
1%
#1790000
0*
0(
#1792000
0%
#1795000
1(
#1799000
b10001 :
1%
#1800000
0(
#1805000
1(
#1806000
0%
#1810000
0(
#1813000
b11110 2
b11110 D
b11111111111111111111111111111111 E
b10001 ;
b10001 C
1%
#1815000
1(
#1820000
b10000110 )
b10000110 1
1*
1&
0(
0%
#1825000
1"
b10000 3
b10000 B
b11111 9
b11111 A
b101111 /
1(
#1827000
b11011100 !
b11011100 0
b11000 5
b11000 =
b10000 6
b10000 <
b10000 :
b100000 -
b101010 F
1%
#1830000
0*
0(
#1834000
0&
0%
#1835000
b11000 7
1(
#1840000
b10111101 )
b10111101 1
1*
0(
#1841000
b11111 2
b11111 D
b11111111111111111111111111111111 E
b10000 ;
b10000 C
1%
#1845000
0"
b11111111111111111111111111111111 @
b10000 4
b10000 ?
b11000 8
b11000 >
1(
#1848000
0%
#1850000
b11001010 )
b11001010 1
0(
#1855000
1"
b0 3
b0 B
b0 9
b0 A
b110000 /
1(
1%
#1860000
0*
0(
#1862000
1&
0%
#1865000
1(
#1869000
b11000011 !
b11000011 0
b11001 5
b11001 =
b10001 6
b10001 <
b0 :
b100001 -
b11011100 F
1%
#1870000
0(
#1875000
b11001 7
1(
#1876000
0&
0%
#1880000
b11101111 )
b11101111 1
1*
0(
#1883000
b11111111111111111111111111111111 E
b0 2
b0 D
b0 ;
b0 C
1%
#1885000
0"
b10001 4
b10001 ?
b11111111111111111111111111111111 @
b11001 8
b11001 >
1(
#1890000
b1110101 )
b1110101 1
0(
0%
#1895000
1"
b1 3
b1 B
b1 9
b1 A
b110001 /
1(
#1897000
b1 :
1%
#1900000
b1101011 )
b1101011 1
0(
#1904000
0%
#1905000
1(
#1910000
b10011011 )
b10011011 1
0(
#1911000
b1 2
b1 D
b11111111111111111111111111111111 E
b1 ;
b1 C
1%
#1915000
1(
#1918000
0%
#1920000
b101101 )
b101101 1
0(
#1925000
1(
1%
#1930000
b11000010 )
b11000010 1
0(
#1932000
1&
0%
#1935000
1(
#1939000
b1001110 !
b1001110 0
b11011 5
b11011 =
b10010 6
b10010 <
b100010 -
b11000011 F
1%
#1940000
b11101100 )
b11101100 1
0(
#1945000
b11011 7
1(
#1946000
0&
0%
#1950000
0*
0(
#1953000
1%
#1955000
0"
b10010 4
b10010 ?
b11111111111111111111111111111111 @
b11011 8
b11011 >
1(
#1960000
b111011 )
b111011 1
1*
1&
0(
0%
#1965000
1"
b11 3
b11 B
b10 9
b10 A
b110010 /
1(
#1967000
b10111000 !
b10111000 0
b11010 5
b11010 =
b10011 6
b10011 <
b11 :
b100011 -
b1001110 F
1%
#1970000
0*
0(
#1974000
0&
0%
#1975000
b11010 7
1(
#1980000
b1011011 )
b1011011 1
1*
0(
#1981000
b10 2
b10 D
b11111111111111111111111111111111 E
b11 ;
b11 C
1%
#1985000
0"
b10011 4
b10011 ?
b11111111111111111111111111111111 @
b11010 8
b11010 >
1(
#1988000
0%
#1990000
b1110011 )
b1110011 1
0(
#1995000
1"
b10 3
b10 B
b11 9
b11 A
b110011 /
1(
1%
#2000000
b10010 )
b10010 1
0(
#2002000
1&
0%
#2005000
1(
#2009000
b1011001 !
b1011001 0
b11110 5
b11110 =
b10100 6
b10100 <
b10 :
b100100 -
b10111000 F
1%
#2010000
b11100101 )
b11100101 1
0(
#2015000
b11110 7
1(
#2016000
0%
#2020000
b10000001 )
b10000001 1
0(
#2023000
b11011001 !
b11011001 0
b11111 5
b11111 =
b11 2
b11 D
b11111111111111111111111111111111 E
b10101 6
b10101 <
b10 ;
b10 C
b100101 -
b1011001 F
1%
#2025000
0"
b10100 4
b10100 ?
b11111111111111111111111111111111 @
b11110 8
b11110 >
b11111 7
1(
#2030000
b10100001 )
b10100001 1
0&
0(
0%
#2035000
b110 3
b110 B
b10101 4
b10101 ?
b11111111111111111111111111111111 @
b100 9
b100 A
b11111 8
b11111 >
b110100 /
1(
#2037000
b110 :
1%
#2040000
b100 )
b100 1
0(
#2044000
0%
#2045000
1"
b111 3
b111 B
b101 9
b101 A
b110101 /
1(
#2050000
b10100 )
b10100 1
0(
#2051000
b100 2
b100 D
b11111111111111111111111111111111 E
b110 ;
b110 C
b111 :
1%
#2055000
1(
#2058000
1&
0%
#2060000
b10110001 )
b10110001 1
0(
#2065000
b10110100 !
b10110100 0
b11101 5
b11101 =
b101 2
b101 D
b11111111111111111111111111111111 E
b10110 6
b10110 <
b111 ;
b111 C
b100110 -
b11011001 F
1(
1%
#2070000
b11101101 )
b11101101 1
0(
#2072000
0&
0%
#2075000
b11101 7
1(
#2079000
1%
#2080000
0*
0(
#2085000
0"
b10110 4
b10110 ?
b11111111111111111111111111111111 @
b11101 8
b11101 >
1(
#2086000
0%
#2090000
b10000100 )
b10000100 1
1*
0(
#2093000
1%
#2095000
1"
b101 3
b101 B
b110 9
b110 A
b110110 /
1(
#2100000
b10111001 )
b10111001 1
1&
0(
0%
#2105000
1(
#2107000
b1100110 !
b1100110 0
b11100 5
b11100 =
b10111 6
b10111 <
b101 :
b100111 -
b10110100 F
1%
#2110000
b11011011 )
b11011011 1
0(
#2114000
0&
0%
#2115000
b11100 7
1(
#2120000
b10100001 )
b10100001 1
0(
#2121000
b110 2
b110 D
b11111111111111111111111111111111 E
b101 ;
b101 C
1%
#2125000
0"
b10111 4
b10111 ?
b11111111111111111111111111111111 @
b11100 8
b11100 >
1(
#2128000
0%
#2130000
0*
0(
#2135000
1(
1%
#2140000
b10000011 )
b10000011 1
1*
0(
#2142000
1&
0%
#2145000
1"
b100 3
b100 B
b111 9
b111 A
b110111 /
1(
#2149000
b10110110 !
b10110110 0
b10100 5
b10100 =
b11000 6
b11000 <
b100 :
b101000 -
b1100110 F
1%
#2150000
b11111110 )
b11111110 1
0(
#2155000
b10100 7
1(
#2156000
0%
#2160000
b10000110 )
b10000110 1
0(
#2163000
b10011000 !
b10011000 0
b10101 5
b10101 =
b111 2
b111 D
b11111111111111111111111111111111 E
b11001 6
b11001 <
b100 ;
b100 C
b101001 -
b10110110 F
1%
#2165000
0"
b11000 4
b11000 ?
b11111111111111111111111111111111 @
b10100 8
b10100 >
b10101 7
1(
#2170000
b1000000 )
b1000000 1
0&
0(
0%
#2175000
b1100 3
b1100 B
b11001 4
b11001 ?
b11111111111111111111111111111111 @
b1000 9
b1000 A
b10101 8
b10101 >
b111000 /
1(
#2177000
b1100 :
1%
#2180000
b11110110 )
b11110110 1
0(
#2184000
1&
0%
#2185000
1"
b1101 3
b1101 B
b1001 9
b1001 A
b111001 /
1(
#2190000
0*
0(
#2191000
b10101000 !
b10101000 0
b10111 5
b10111 =
b1000 2
b1000 D
b11111111111111111111111111111111 E
b11010 6
b11010 <
b1100 ;
b1100 C
b1101 :
b101010 -
b10011000 F
1%
#2195000
b10111 7
1(
#2198000
0&
0%
#2200000
b10110000 )
b10110000 1
1*
0(
#2205000
0"
b11010 4
b11010 ?
b11111111111111111111111111111111 @
b1001 2
b1001 D
b11111111111111111111111111111111 E
b10111 8
b10111 >
b1101 ;
b1101 C
1(
1%
#2210000
b101010 )
b101010 1
0(
#2212000
0%
#2215000
1"
b1111 3
b1111 B
b1010 9
b1010 A
b111010 /
1(
#2219000
b1111 :
1%
#2220000
b11100001 )
b11100001 1
0(
#2225000
1(
#2226000
0%
#2230000
b11001001 )
b11001001 1
0(
#2233000
b1010 2
b1010 D
b11111111111111111111111111111111 E
b1111 ;
b1111 C
1%
#2235000
1(
#2240000
b11000001 )
b11000001 1
1&
0(
0%
#2245000
1(
#2247000
b101010 !
b101010 0
b10110 5
b10110 =
b11011 6
b11011 <
b101011 -
b10101000 F
1%
#2250000
b1011010 )
b1011010 1
0(
#2254000
0&
0%
#2255000
b10110 7
1(
#2260000
b1100 )
b1100 1
0(
#2261000
1%
#2265000
0"
b11011 4
b11011 ?
b11111111111111111111111111111111 @
b10110 8
b10110 >
1(
#2268000
1&
0%
#2270000
b10110110 )
b10110110 1
0(
#2275000
1"
b1110 3
b1110 B
b1111001 !
b1111001 0
b10010 5
b10010 =
b1011 9
b1011 A
b11100 6
b11100 <
b111011 /
b101100 -
b101010 F
1(
1%
#2280000
b10011110 )
b10011110 1
0(
#2282000
0%
#2285000
b10010 7
1(
#2289000
b11000111 !
b11000111 0
b10011 5
b10011 =
b11101 6
b11101 <
b1110 :
b101101 -
b1111001 F
1%
#2290000
b100000 )
b100000 1
0(
#2295000
0"
b11100 4
b11100 ?
b11111111111111111111111111111111 @
b10010 8
b10010 >
b10011 7
1(
#2296000
0%
#2300000
b10110100 )
b10110100 1
0(
#2303000
b10000110 !
b10000110 0
b10001 5
b10001 =
b1011 2
b1011 D
b11111111111111111111111111111111 E
b11110 6
b11110 <
b1110 ;
b1110 C
b101110 -
b11000111 F
1%
#2305000
b1010 3
b1010 B
b11101 4
b11101 ?
b11111111111111111111111111111111 @
b1100 9
b1100 A
b10011 8
b10011 >
b10001 7
b111100 /
1(
#2310000
b1001011 )
b1001011 1
0&
0(
0%
#2315000
b1011 3
b1011 B
b11110 4
b11110 ?
b11111111111111111111111111111111 @
b1101 9
b1101 A
b10001 8
b10001 >
b111101 /
1(
#2317000
b1011 :
1%
#2320000
b10011110 )
b10011110 1
0(
#2324000
0%
#2325000
1"
b1001 3
b1001 B
b1110 9
b1110 A
b111110 /
1(
#2330000
b10001111 )
b10001111 1
0(
#2331000
b1101 2
b1101 D
b11111111111111111111111111111111 E
b1011 ;
b1011 C
b1001 :
1%
#2335000
1(
#2338000
1&
0%
#2340000
0*
0(
#2345000
b11001010 !
b11001010 0
b10000 5
b10000 =
b1110 2
b1110 D
b11111111111111111111111111111111 E
b11111 6
b11111 <
b1001 ;
b1001 C
b101111 -
b10000110 F
1(
1%
#2350000
b10110001 )
b10110001 1
1*
0(
#2352000
0&
0%
#2355000
b10000 7
1(
#2359000
1%
#2360000
b11100000 )
b11100000 1
0(
#2365000
0"
b11111 4
b11111 ?
b11111111111111111111111111111111 @
b10000 8
b10000 >
1(
#2366000
0%
#2370000
b11111000 )
b11111000 1
0(
#2373000
1%
#2375000
1"
b1000 3
b1000 B
b1111 9
b1111 A
b111111 /
1(
#2380000
b10000100 )
b10000100 1
0(
0%
#2385000
1(
#2387000
b1000 :
1%
#2390000
b10001100 )
b10001100 1
0(
#2394000
0%
#2395000
1(
#2400000
b1101010 )
b1101010 1
0(
#2401000
b1111 2
b1111 D
b11111111111111111111111111111111 E
b1000 ;
b1000 C
1%
#2405000
1(
#2408000
0%
#2410000
b1111100 )
b1111100 1
0(
#2415000
1(
1%
#2420000
b10111010 )
b10111010 1
0(
#2422000
1&
0%
#2425000
1(
#2429000
b1110101 !
b1110101 0
b0 5
b0 =
b0 6
b0 <
b110000 -
b11001010 F
1%
#2430000
b100101 )
b100101 1
0(
#2435000
b0 7
1(
#2436000
0&
0%
#2440000
b1001001 )
b1001001 1
0(
#2443000
1%
#2445000
0"
b11111111111111111111111111111111 @
b0 4
b0 ?
b0 8
b0 >
1(
#2450000
b1001011 )
b1001011 1
1&
0(
0%
#2455000
1"
b11000 3
b11000 B
b10000 9
b10000 A
b1000000 /
1(
#2457000
b111011 !
b111011 0
b1 5
b1 =
b1 6
b1 <
b11000 :
b110001 -
b1110101 F
1%
#2460000
b1000111 )
b1000111 1
0(
#2464000
0&
0%
#2465000
b1 7
1(
#2470000
b10110100 )
b10110100 1
0(
#2471000
b11111111111111111111111111111111 E
b10000 2
b10000 D
b11000 ;
b11000 C
1%
#2475000
0"
b1 4
b1 ?
b11111111111111111111111111111111 @
b1 8
b1 >
1(
#2478000
0%
#2480000
b10001100 )
b10001100 1
0(
#2485000
1"
b11001 3
b11001 B
b10001 9
b10001 A
b1000001 /
1(
1%
#2490000
b1101010 )
b1101010 1
0(
#2492000
0%
#2495000
1(
#2499000
b11001 :
1%
#2500000
0*
0(
#2505000
1(
#2506000
1&
0%
#2510000
b11101100 )
b11101100 1
1*
0(
#2513000
b1110011 !
b1110011 0
b11 5
b11 =
b10001 2
b10001 D
b11111111111111111111111111111111 E
b10 6
b10 <
b11001 ;
b11001 C
b110010 -
b111011 F
1%
#2515000
b11 7
1(
#2520000
0*
0&
0(
0%
#2525000
0"
b10 4
b10 ?
b11111111111111111111111111111111 @
b11 8
b11 >
1(
#2527000
1%
#2530000
0(
#2534000
1&
0%
#2535000
1(
#2540000
b11010100 )
b11010100 1
1*
0(
#2541000
b10100001 !
b10100001 0
b10 5
b10 =
b11 6
b11 <
b110011 -
b1110011 F
1%
#2545000
1"
b11011 3
b11011 B
b10010 9
b10010 A
b10 7
b1000010 /
1(
#2548000
0&
0%
#2550000
0*
0(
#2555000
0"
b11 4
b11 ?
b11111111111111111111111111111111 @
b10 8
b10 >
b11011 :
1(
1%
#2560000
0(
#2562000
0%
#2565000
1(
#2569000
b10010 2
b10010 D
b11111111111111111111111111111111 E
b11011 ;
b11011 C
1%
#2570000
b11011001 )
b11011001 1
1*
0(
#2575000
1"
b11010 3
b11010 B
b10011 9
b10011 A
b1000011 /
1(
#2576000
0%
#2580000
b10010011 )
b10010011 1
0(
#2583000
b11010 :
1%
#2585000
1(
#2590000
b11001000 )
b11001000 1
0(
0%
#2595000
1(
#2597000
b10011 2
b10011 D
b11111111111111111111111111111111 E
b11010 ;
b11010 C
1%
#2600000
b111010 )
b111010 1
0(
#2604000
0%
#2605000
1(
#2610000
b111001 )
b111001 1
0(
#2611000
1%
#2615000
1(
#2618000
1&
0%
#2620000
b1011001 )
b1011001 1
0(
#2625000
b100 !
b100 0
b110 5
b110 =
b100 6
b100 <
b110100 -
b10100001 F
1(
1%
#2630000
b1101110 )
b1101110 1
0(
#2632000
0&
0%
#2635000
b110 7
1(
#2639000
1%
#2640000
0*
0(
#2645000
0"
b100 4
b100 ?
b11111111111111111111111111111111 @
b110 8
b110 >
1(
#2646000
0%
#2650000
0(
#2653000
1%
#2655000
1(
#2660000
b1101001 )
b1101001 1
1*
1&
0(
0%
#2665000
1"
b11110 3
b11110 B
b10100 9
b10100 A
b1000100 /
1(
#2667000
b10000100 !
b10000100 0
b111 5
b111 =
b101 6
b101 <
b11110 :
b110101 -
b100 F
1%
#2670000
b1011001 )
b1011001 1
0(
#2674000
0&
0%
#2675000
b111 7
1(
#2680000
0*
0(
#2681000
b10100 2
b10100 D
b11111111111111111111111111111111 E
b11110 ;
b11110 C
1%
#2685000
0"
b101 4
b101 ?
b11111111111111111111111111111111 @
b111 8
b111 >
1(
#2688000
0%
#2690000
b1101001 )
b1101001 1
1*
0(
#2695000
1"
b11111 3
b11111 B
b10101 9
b10101 A
b1000101 /
1(
1%
#2700000
b1001010 )
b1001010 1
0(
#2702000
0%
#2705000
1(
#2709000
b11111 :
1%
#2710000
0*
0(
#2715000
1(
#2716000
1&
0%
#2720000
0(
#2723000
b10000011 !
b10000011 0
b101 5
b101 =
b10101 2
b10101 D
b11111111111111111111111111111111 E
b110 6
b110 <
b11111 ;
b11111 C
b110110 -
b10000100 F
1%
#2725000
b101 7
1(
#2730000
b110000 )
b110000 1
1*
0(
0%
#2735000
0"
b110 4
b110 ?
b11111111111111111111111111111111 @
b101 8
b101 >
1(
#2737000
b1000000 !
b1000000 0
b100 5
b100 =
b111 6
b111 <
b110111 -
b10000011 F
1%
#2740000
b10110101 )
b10110101 1
0(
#2744000
0&
0%
#2745000
1"
b11101 3
b11101 B
b10110 9
b10110 A
b100 7
b1000110 /
1(
#2750000
b1110110 )
b1110110 1
0(
#2751000
b11101 :
1%
#2755000
0"
b111 4
b111 ?
b11111111111111111111111111111111 @
b100 8
b100 >
1(
#2758000
0%
#2760000
0*
0(
#2765000
b10110 2
b10110 D
b11111111111111111111111111111111 E
b11101 ;
b11101 C
1(
1%
#2770000
b11011011 )
b11011011 1
1*
0(
#2772000
1&
0%
#2775000
1"
b11100 3
b11100 B
b10111 9
b10111 A
b1000111 /
1(
#2779000
b11110110 !
b11110110 0
b1100 5
b1100 =
b1000 6
b1000 <
b11100 :
b111000 -
b1000000 F
1%
#2780000
0*
0(
#2785000
b1100 7
1(
#2786000
0%
#2790000
b10101111 )
b10101111 1
1*
0(
#2793000
b101010 !
b101010 0
b1101 5
b1101 =
b10111 2
b10111 D
b11111111111111111111111111111111 E
b1001 6
b1001 <
b11100 ;
b11100 C
b111001 -
b11110110 F
1%
#2795000
0"
b1000 4
b1000 ?
b11111111111111111111111111111111 @
b1100 8
b1100 >
b1101 7
1(
#2800000
0*
0(
0%
#2805000
b1001 4
b1001 ?
b11111111111111111111111111111111 @
b1101 8
b1101 >
1(
#2807000
b10110110 !
b10110110 0
b1111 5
b1111 =
b1010 6
b1010 <
b111010 -
b101010 F
1%
#2810000
b11111000 )
b11111000 1
1*
0(
#2814000
0%
#2815000
b10100 3
b10100 B
b11000 9
b11000 A
b1111 7
b1001000 /
1(
#2820000
b11100001 )
b11100001 1
0(
#2821000
b10110100 !
b10110100 0
b1110 5
b1110 =
b1011 6
b1011 <
b10100 :
b111011 -
b10110110 F
1%
#2825000
b10101 3
b10101 B
b1010 4
b1010 ?
b11111111111111111111111111111111 @
b11001 9
b11001 A
b1111 8
b1111 >
b1110 7
b1001001 /
1(
#2828000
0%
#2830000
b1100000 )
b1100000 1
0(
#2835000
b10111 3
b10111 B
b1011 4
b1011 ?
b11111111111111111111111111111111 @
b1001011 !
b1001011 0
b1010 5
b1010 =
b11000 2
b11000 D
b11111111111111111111111111111111 E
b11010 9
b11010 A
b1110 8
b1110 >
b1100 6
b1100 <
b10100 ;
b10100 C
b10101 :
b1001010 /
b111100 -
b10110100 F
1(
1%
#2840000
b101000 )
b101000 1
0(
#2842000
0&
0%
#2845000
1"
b10110 3
b10110 B
b11011 9
b11011 A
b1010 7
b1001011 /
1(
#2849000
b11001 2
b11001 D
b11111111111111111111111111111111 E
b10101 ;
b10101 C
b10110 :
1%
#2850000
b11100001 )
b11100001 1
0(
#2855000
0"
b1100 4
b1100 ?
b11111111111111111111111111111111 @
b1010 8
b1010 >
1(
#2856000
1&
0%
#2860000
b10000001 )
b10000001 1
0(
#2863000
b10011110 !
b10011110 0
b1011 5
b1011 =
b11011 2
b11011 D
b11111111111111111111111111111111 E
b1101 6
b1101 <
b10110 ;
b10110 C
b111101 -
b1001011 F
1%
#2865000
1"
b10010 3
b10010 B
b11100 9
b11100 A
b1011 7
b1001100 /
1(
#2870000
b11110000 )
b11110000 1
0&
0(
0%
#2875000
0"
b1101 4
b1101 ?
b11111111111111111111111111111111 @
b1011 8
b1011 >
1(
#2877000
b10010 :
1%
#2880000
b1111 )
b1111 1
0(
#2884000
0%
#2885000
1"
b10011 3
b10011 B
b11101 9
b11101 A
b1001101 /
1(
#2890000
b10001110 )
b10001110 1
0(
#2891000
b11100 2
b11100 D
b11111111111111111111111111111111 E
b10010 ;
b10010 C
b10011 :
1%
#2895000
1(
#2898000
0%
#2900000
b10101001 )
b10101001 1
0(
#2905000
b11101 2
b11101 D
b11111111111111111111111111111111 E
b10011 ;
b10011 C
1(
1%
#2910000
0*
0(
#2912000
1&
0%
#2915000
1(
#2919000
b11111000 !
b11111000 0
b1001 5
b1001 =
b1110 6
b1110 <
b111110 -
b10011110 F
1%
#2920000
b1001010 )
b1001010 1
1*
0(
#2925000
b1001 7
1(
#2926000
0&
0%
#2930000
b10011 )
b10011 1
0(
#2933000
1%
#2935000
0"
b1110 4
b1110 ?
b11111111111111111111111111111111 @
b1001 8
b1001 >
1(
#2940000
b10110111 )
b10110111 1
0(
0%
#2945000
1"
b10001 3
b10001 B
b11110 9
b11110 A
b1001110 /
1(
#2947000
b10001 :
1%
#2950000
b111010 )
b111010 1
0(
#2954000
1&
0%
#2955000
1(
#2960000
b11100100 )
b11100100 1
0(
#2961000
b1001011 !
b1001011 0
b1000 5
b1000 =
b11110 2
b11110 D
b11111111111111111111111111111111 E
b1111 6
b1111 <
b10001 ;
b10001 C
b111111 -
b11111000 F
1%
#2965000
b1000 7
1(
#2968000
0&
0%
#2970000
b1011001 )
b1011001 1
0(
#2975000
0"
b1111 4
b1111 ?
b11111111111111111111111111111111 @
b1000 8
b1000 >
1(
1%
#2980000
0*
0(
#2982000
0%
#2985000
1(
#2989000
1%
#2990000
b1000001 )
b1000001 1
1*
0(
#2995000
1"
b10000 3
b10000 B
b11111 9
b11111 A
b1001111 /
1(
#2996000
0%
#3000000
b11001101 )
b11001101 1
0(
#3003000
b10000 :
1%
#3005000
1(
#3010000
b10100010 )
b10100010 1
0(
0%
#3015000
1(
#3017000
b11111 2
b11111 D
b11111111111111111111111111111111 E
b10000 ;
b10000 C
1%
#3020000
0*
0(
#3024000
1&
0%
#3025000
1(
#3030000
0(
#3031000
b10001100 !
b10001100 0
b11000 5
b11000 =
b10000 6
b10000 <
b1000000 -
b1001011 F
1%
#3035000
b11000 7
1(
#3038000
0%
#3040000
b100101 )
b100101 1
1*
0(
#3045000
0"
b11111111111111111111111111111111 @
b10000 4
b10000 ?
b11010100 !
b11010100 0
b11001 5
b11001 =
b11000 8
b11000 >
b10001 6
b10001 <
b1000001 -
b10001100 F
1(
1%
#3050000
b11110110 )
b11110110 1
0(
#3052000
0%
#3055000
1"
b0 3
b0 B
b0 9
b0 A
b11001 7
b1010000 /
1(
#3059000
b11011001 !
b11011001 0
b11011 5
b11011 =
b10010 6
b10010 <
b0 :
b1000010 -
b11010100 F
1%
#3060000
b1111001 )
b1111001 1
0(
#3065000
0"
b10001 4
b10001 ?
b11111111111111111111111111111111 @
b11001 8
b11001 >
b11011 7
1(
#3066000
0&
0%
#3070000
b1110 )
b1110 1
0(
#3073000
b11111111111111111111111111111111 E
b0 2
b0 D
b0 ;
b0 C
1%
#3075000
b1 3
b1 B
b10010 4
b10010 ?
b11111111111111111111111111111111 @
b1 9
b1 A
b11011 8
b11011 >
b1010001 /
1(
#3080000
b11001110 )
b11001110 1
1&
0(
0%
#3085000
1"
b11 3
b11 B
b10 9
b10 A
b1010010 /
1(
#3087000
b1101001 !
b1101001 0
b11010 5
b11010 =
b10011 6
b10011 <
b11 :
b1000011 -
b11011001 F
1%
#3090000
0*
0(
#3094000
0%
#3095000
b11010 7
1(
#3100000
0(
#3101000
b11110 5
b11110 =
b10 2
b10 D
b11111111111111111111111111111111 E
b10100 6
b10100 <
b11 ;
b11 C
b1000100 -
b1101001 F
1%
#3105000
0"
b10011 4
b10011 ?
b11111111111111111111111111111111 @
b11010 8
b11010 >
b11110 7
1(
#3108000
0%
#3110000
0(
#3115000
b10100 4
b10100 ?
b11111111111111111111111111111111 @
b10110101 !
b10110101 0
b11111 5
b11111 =
b11110 8
b11110 >
b10101 6
b10101 <
b1000101 -
1(
1%
#3120000
b1100 )
b1100 1
1*
0(
#3122000
0%
#3125000
b10 3
b10 B
b11 9
b11 A
b11111 7
b1010011 /
1(
#3129000
b11011011 !
b11011011 0
b11101 5
b11101 =
b10110 6
b10110 <
b10 :
b1000110 -
b10110101 F
1%
#3130000
b10101 )
b10101 1
0(
#3135000
b110 3
b110 B
b10101 4
b10101 ?
b11111111111111111111111111111111 @
b100 9
b100 A
b11111 8
b11111 >
b11101 7
b1010100 /
1(
#3136000
0&
0%
#3140000
b10 )
b10 1
0(
#3143000
b11 2
b11 D
b11111111111111111111111111111111 E
b10 ;
b10 C
b110 :
1%
#3145000
b111 3
b111 B
b10110 4
b10110 ?
b11111111111111111111111111111111 @
b101 9
b101 A
b11101 8
b11101 >
b1010101 /
1(
#3150000
b10001101 )
b10001101 1
0(
0%
#3155000
1"
b101 3
b101 B
b110 9
b110 A
b1010110 /
1(
#3157000
b100 2
b100 D
b11111111111111111111111111111111 E
b110 ;
b110 C
b101 :
1%
#3160000
b11101000 )
b11101000 1
0(
#3164000
0%
#3165000
1(
#3170000
0*
0(
#3171000
b110 2
b110 D
b11111111111111111111111111111111 E
b101 ;
b101 C
1%
#3175000
1(
#3178000
1&
0%
#3180000
b1000000 )
b1000000 1
1*
0(
#3185000
b11111000 !
b11111000 0
b11100 5
b11100 =
b10111 6
b10111 <
b1000111 -
b11011011 F
1(
1%
#3190000
b1101 )
b1101 1
0(
#3192000
0%
#3195000
b11100 7
1(
#3199000
b11100001 !
b11100001 0
b10100 5
b10100 =
b11000 6
b11000 <
b1001000 -
b11111000 F
1%
#3200000
b101001 )
b101001 1
0(
#3205000
0"
b10111 4
b10111 ?
b11111111111111111111111111111111 @
b11100 8
b11100 >
b10100 7
1(
#3206000
0&
0%
#3210000
b11000000 )
b11000000 1
0(
#3213000
1%
#3215000
b100 3
b100 B
b11000 4
b11000 ?
b11111111111111111111111111111111 @
b111 9
b111 A
b10100 8
b10100 >
b1010111 /
1(
#3220000
b1001101 )
b1001101 1
0(
0%
#3225000
1"
b1100 3
b1100 B
b1000 9
b1000 A
b1011000 /
1(
#3227000
b1100 :
1%
#3230000
b11110101 )
b11110101 1
0(
#3234000
1&
0%
#3235000
1(
#3240000
b1101010 )
b1101010 1
0(
#3241000
b1100000 !
b1100000 0
b10101 5
b10101 =
b1000 2
b1000 D
b11111111111111111111111111111111 E
b11001 6
b11001 <
b1100 ;
b1100 C
b1001001 -
b11100001 F
1%
#3245000
b10101 7
1(
#3248000
0&
0%
#3250000
b10011110 )
b10011110 1
0(
#3255000
0"
b11001 4
b11001 ?
b11111111111111111111111111111111 @
b10101 8
b10101 >
1(
1%
#3260000
b1000110 )
b1000110 1
0(
#3262000
1&
0%
#3265000
1"
b1101 3
b1101 B
b1001 9
b1001 A
b1011001 /
1(
#3269000
b101000 !
b101000 0
b10111 5
b10111 =
b11010 6
b11010 <
b1101 :
b1001010 -
b1100000 F
1%
#3270000
b1010101 )
b1010101 1
0(
#3275000
b10111 7
1(
#3276000
0&
0%
#3280000
b1100011 )
b1100011 1
0(
#3283000
b1001 2
b1001 D
b11111111111111111111111111111111 E
b1101 ;
b1101 C
1%
#3285000
0"
b11010 4
b11010 ?
b11111111111111111111111111111111 @
b10111 8
b10111 >
1(
#3290000
b1101000 )
b1101000 1
1&
0(
0%
#3295000
1"
b1111 3
b1111 B
b1010 9
b1010 A
b1011010 /
1(
#3297000
b10000001 !
b10000001 0
b10110 5
b10110 =
b11011 6
b11011 <
b1111 :
b1001011 -
b101000 F
1%
#3300000
b10010000 )
b10010000 1
0(
#3304000
0&
0%
#3305000
b10110 7
1(
#3310000
b10111001 )
b10111001 1
0(
#3311000
b1010 2
b1010 D
b11111111111111111111111111111111 E
b1111 ;
b1111 C
1%
#3315000
0"
b11011 4
b11011 ?
b11111111111111111111111111111111 @
b10110 8
b10110 >
1(
#3318000
0%
#3320000
0*
0(
#3325000
1(
1%
#3330000
b11011000 )
b11011000 1
1*
0(
#3332000
1&
0%
#3335000
1"
b1110 3
b1110 B
b1011 9
b1011 A
b1011011 /
1(
#3339000
b1111 !
b1111 0
b10010 5
b10010 =
b11100 6
b11100 <
b1110 :
b1001100 -
b10000001 F
1%
#3340000
0*
0(
#3345000
b10010 7
1(
#3346000
0&
0%
#3350000
0(
#3353000
b1011 2
b1011 D
b11111111111111111111111111111111 E
b1110 ;
b1110 C
1%
#3355000
0"
b11100 4
b11100 ?
b11111111111111111111111111111111 @
b10010 8
b10010 >
1(
#3360000
b11001 )
b11001 1
1*
0(
0%
#3365000
1"
b1010 3
b1010 B
b1100 9
b1100 A
b1011100 /
1(
#3367000
b1010 :
1%
#3370000
0*
0(
#3374000
1&
0%
#3375000
1(
#3380000
b1011000 )
b1011000 1
1*
0(
#3381000
b10110111 !
b10110111 0
b10011 5
b10011 =
b1100 2
b1100 D
b11111111111111111111111111111111 E
b11101 6
b11101 <
b1010 ;
b1010 C
b1001101 -
b1111 F
1%
#3385000
b10011 7
1(
#3388000
0&
0%
#3390000
b110 )
b110 1
0(
#3395000
0"
b11101 4
b11101 ?
b11111111111111111111111111111111 @
b10011 8
b10011 >
1(
1%
#3400000
b11000 )
b11000 1
0(
#3402000
1&
0%
#3405000
1"
b1011 3
b1011 B
b1101 9
b1101 A
b1011101 /
1(
#3409000
b1000001 !
b1000001 0
b10001 5
b10001 =
b11110 6
b11110 <
b1011 :
b1001110 -
b10110111 F
1%
#3410000
0*
0(
#3415000
b10001 7
1(
#3416000
0&
0%
#3420000
0(
#3423000
b1101 2
b1101 D
b11111111111111111111111111111111 E
b1011 ;
b1011 C
1%
#3425000
0"
b11110 4
b11110 ?
b11111111111111111111111111111111 @
b10001 8
b10001 >
1(
#3430000
b11101001 )
b11101001 1
1*
0(
0%
#3435000
1"
b1001 3
b1001 B
b1110 9
b1110 A
b1011110 /
1(
#3437000
b1001 :
1%
#3440000
0*
0(
#3444000
0%
#3445000
1(
#3450000
0(
#3451000
b1110 2
b1110 D
b11111111111111111111111111111111 E
b1001 ;
b1001 C
1%
#3455000
1(
#3458000
0%
#3460000
0(
#3465000
1(
1%
#3470000
b11011 )
b11011 1
1*
0(
#3472000
1&
0%
#3475000
1(
#3479000
b11110110 !
b11110110 0
b10000 5
b10000 =
b11111 6
b11111 <
b1001111 -
b1000001 F
1%
#3480000
b100101 )
b100101 1
0(
#3485000
b10000 7
1(
#3486000
0&
0%
#3490000
0*
0(
#3493000
1%
#3495000
0"
b11111 4
b11111 ?
b11111111111111111111111111111111 @
b10000 8
b10000 >
1(
#3500000
b1011101 )
b1011101 1
1*
1&
0(
0%
#3505000
1"
b1000 3
b1000 B
b1111 9
b1111 A
b1011111 /
1(
#3507000
b1110 !
b1110 0
b0 5
b0 =
b0 6
b0 <
b1000 :
b1010000 -
b11110110 F
1%
#3510000
0*
0(
#3514000
0%
#3515000
b0 7
1(
#3520000
b110110 )
b110110 1
1*
0(
#3521000
b11001110 !
b11001110 0
b1 5
b1 =
b1111 2
b1111 D
b11111111111111111111111111111111 E
b1 6
b1 <
b1000 ;
b1000 C
b1010001 -
b1110 F
1%
#3525000
0"
b11111111111111111111111111111111 @
b0 4
b0 ?
b0 8
b0 >
b1 7
1(
#3528000
0&
0%
#3530000
b11100100 )
b11100100 1
0(
#3535000
b11000 3
b11000 B
b1 4
b1 ?
b11111111111111111111111111111111 @
b10000 9
b10000 A
b1 8
b1 >
b1100000 /
1(
1%
#3540000
b10101010 )
b10101010 1
0(
#3542000
0%
#3545000
1"
b11001 3
b11001 B
b10001 9
b10001 A
b1100001 /
1(
#3549000
b11001 :
1%
#3550000
b10001100 )
b10001100 1
0(
#3555000
1(
#3556000
1&
0%
#3560000
0*
0(
#3563000
b1100 !
b1100 0
b11 5
b11 =
b11111111111111111111111111111111 E
b10001 2
b10001 D
b10 6
b10 <
b11001 ;
b11001 C
b1010010 -
b11001110 F
1%
#3565000
b11 7
1(
#3570000
b10111 )
b10111 1
1*
0&
0(
0%
#3575000
0"
b10 4
b10 ?
b11111111111111111111111111111111 @
b11 8
b11 >
1(
#3577000
1%
#3580000
b11101011 )
b11101011 1
0(
#3584000
0%
#3585000
1"
b11011 3
b11011 B
b10010 9
b10010 A
b1100010 /
1(
#3590000
b10001111 )
b10001111 1
0(
#3591000
b11011 :
1%
#3595000
1(
#3598000
1&
0%
#3600000
b11010011 )
b11010011 1
0(
#3605000
b10101 !
b10101 0
b10 5
b10 =
b10010 2
b10010 D
b11111111111111111111111111111111 E
b11 6
b11 <
b11011 ;
b11011 C
b1010011 -
b1100 F
1(
1%
#3610000
b10000010 )
b10000010 1
0(
#3612000
0&
0%
#3615000
b10 7
1(
#3619000
1%
#3620000
b11010111 )
b11010111 1
0(
#3625000
0"
b11 4
b11 ?
b11111111111111111111111111111111 @
b10 8
b10 >
1(
#3626000
1&
0%
#3630000
b11001101 )
b11001101 1
0(
#3633000
b10 !
b10 0
b110 5
b110 =
b100 6
b100 <
b1010100 -
b10101 F
1%
#3635000
1"
b11010 3
b11010 B
b10011 9
b10011 A
b110 7
b1100011 /
1(
#3640000
b10011000 )
b10011000 1
0&
0(
0%
#3645000
0"
b100 4
b100 ?
b11111111111111111111111111111111 @
b110 8
b110 >
1(
#3647000
b11010 :
1%
#3650000
b101010 )
b101010 1
0(
#3654000
1&
0%
#3655000
1"
b11110 3
b11110 B
b10100 9
b10100 A
b1100100 /
1(
#3660000
b11 )
b11 1
0(
#3661000
b10001101 !
b10001101 0
b111 5
b111 =
b10011 2
b10011 D
b11111111111111111111111111111111 E
b101 6
b101 <
b11010 ;
b11010 C
b11110 :
b1010101 -
b10 F
1%
#3665000
b111 7
1(
#3668000
0&
0%
#3670000
b111110 )
b111110 1
0(
#3675000
0"
b101 4
b101 ?
b11111111111111111111111111111111 @
b10100 2
b10100 D
b11111111111111111111111111111111 E
b111 8
b111 >
b11110 ;
b11110 C
1(
1%
#3680000
b1110100 )
b1110100 1
0(
#3682000
0%
#3685000
1"
b11111 3
b11111 B
b10101 9
b10101 A
b1100101 /
1(
#3689000
b11111 :
1%
#3690000
b10010 )
b10010 1
0(
#3695000
1(
#3696000
1&
0%
#3700000
b11111110 )
b11111110 1
0(
#3703000
b11000000 !
b11000000 0
b101 5
b101 =
b10101 2
b10101 D
b11111111111111111111111111111111 E
b110 6
b110 <
b11111 ;
b11111 C
b1010110 -
b10001101 F
1%
#3705000
b101 7
1(
#3710000
0*
0&
0(
0%
#3715000
0"
b110 4
b110 ?
b11111111111111111111111111111111 @
b101 8
b101 >
1(
#3717000
1%
#3720000
0(
#3724000
1&
0%
#3725000
1(
#3730000
b1111 )
b1111 1
1*
0(
#3731000
b1001101 !
b1001101 0
b100 5
b100 =
b111 6
b111 <
b1010111 -
b11000000 F
1%
#3735000
1"
b11101 3
b11101 B
b10110 9
b10110 A
b100 7
b1100110 /
1(
#3738000
0%
#3740000
b10100110 )
b10100110 1
0(
#3745000
0"
b111 4
b111 ?
b11111111111111111111111111111111 @
b1000110 !
b1000110 0
b1100 5
b1100 =
b100 8
b100 >
b1000 6
b1000 <
b11101 :
b1011000 -
b1001101 F
1(
1%
#3750000
b11001011 )
b11001011 1
0(
#3752000
0%
#3755000
1"
b11100 3
b11100 B
b10111 9
b10111 A
b1100 7
b1100111 /
1(
#3759000
b1101000 !
b1101000 0
b1101 5
b1101 =
b10110 2
b10110 D
b11111111111111111111111111111111 E
b1001 6
b1001 <
b11101 ;
b11101 C
b11100 :
b1011001 -
b1000110 F
1%
#3760000
b11110100 )
b11110100 1
0(
#3765000
0"
b1000 4
b1000 ?
b11111111111111111111111111111111 @
b1100 8
b1100 >
b1101 7
1(
#3766000
0&
0%
#3770000
b10000101 )
b10000101 1
0(
#3773000
b10111 2
b10111 D
b11111111111111111111111111111111 E
b11100 ;
b11100 C
1%
#3775000
b10100 3
b10100 B
b1001 4
b1001 ?
b11111111111111111111111111111111 @
b11000 9
b11000 A
b1101 8
b1101 >
b1101000 /
1(
#3780000
b1100000 )
b1100000 1
1&
0(
0%
#3785000
1"
b10101 3
b10101 B
b11001 9
b11001 A
b1101001 /
1(
#3787000
b11011000 !
b11011000 0
b1111 5
b1111 =
b1010 6
b1010 <
b10101 :
b1011010 -
b1101000 F
1%
#3790000
b111100 )
b111100 1
0(
#3794000
0&
0%
#3795000
b1111 7
1(
#3800000
b1110011 )
b1110011 1
0(
#3801000
b11001 2
b11001 D
b11111111111111111111111111111111 E
b10101 ;
b10101 C
1%
#3805000
0"
b1010 4
b1010 ?
b11111111111111111111111111111111 @
b1111 8
b1111 >
1(
#3808000
1&
0%
#3810000
0*
0(
#3815000
b11001 !
b11001 0
b1110 5
b1110 =
b1011 6
b1011 <
b1011011 -
b11011000 F
1(
1%
#3820000
b11010000 )
b11010000 1
1*
0(
#3822000
0&
0%
#3825000
1"
b10111 3
b10111 B
b11010 9
b11010 A
b1110 7
b1101010 /
1(
#3829000
b10111 :
1%
#3830000
b11111000 )
b11111000 1
0(
#3835000
0"
b1011 4
b1011 ?
b11111111111111111111111111111111 @
b1110 8
b1110 >
1(
#3836000
1&
0%
#3840000
b10011000 )
b10011000 1
0(
#3843000
b11000 !
b11000 0
b1010 5
b1010 =
b11010 2
b11010 D
b11111111111111111111111111111111 E
b1100 6
b1100 <
b10111 ;
b10111 C
b1011100 -
b11001 F
1%
#3845000
1"
b10110 3
b10110 B
b11011 9
b11011 A
b1010 7
b1101011 /
1(
#3850000
b11111010 )
b11111010 1
0&
0(
0%
#3855000
0"
b1100 4
b1100 ?
b11111111111111111111111111111111 @
b1010 8
b1010 >
1(
#3857000
b10110 :
1%
#3860000
b1110000 )
b1110000 1
0(
#3864000
1&
0%
#3865000
1"
b10010 3
b10010 B
b11100 9
b11100 A
b1101100 /
1(
#3870000
b10010 )
b10010 1
0(
#3871000
b11101001 !
b11101001 0
b1011 5
b1011 =
b11011 2
b11011 D
b11111111111111111111111111111111 E
b1101 6
b1101 <
b10110 ;
b10110 C
b10010 :
b1011101 -
b11000 F
1%
#3875000
b1011 7
1(
#3878000
0&
0%
#3880000
b10101 )
b10101 1
0(
#3885000
0"
b1101 4
b1101 ?
b11111111111111111111111111111111 @
b11100 2
b11100 D
b11111111111111111111111111111111 E
b1011 8
b1011 >
b10010 ;
b10010 C
1(
1%
#3890000
b10010100 )
b10010100 1
0(
#3892000
0%
#3895000
1"
b10011 3
b10011 B
b11101 9
b11101 A
b1101101 /
1(
#3899000
b10011 :
1%
#3900000
b10011 )
b10011 1
0(
#3905000
1(
#3906000
1&
0%
#3910000
b11011100 )
b11011100 1
0(
#3913000
b1011101 !
b1011101 0
b1001 5
b1001 =
b11101 2
b11101 D
b11111111111111111111111111111111 E
b1110 6
b1110 <
b10011 ;
b10011 C
b1011110 -
b11101001 F
1%
#3915000
b1001 7
1(
#3920000
b1011111 )
b1011111 1
0(
0%
#3925000
0"
b1110 4
b1110 ?
b11111111111111111111111111111111 @
b1001 8
b1001 >
1(
#3927000
b11100100 !
b11100100 0
b1000 5
b1000 =
b1111 6
b1111 <
b1011111 -
b1011101 F
1%
#3930000
b10101011 )
b10101011 1
0(
#3934000
0&
0%
#3935000
1"
b10001 3
b10001 B
b11110 9
b11110 A
b1000 7
b1101110 /
1(
#3940000
b11001001 )
b11001001 1
0(
#3941000
b10001 :
1%
#3945000
0"
b1111 4
b1111 ?
b11111111111111111111111111111111 @
b1000 8
b1000 >
1(
#3948000
1&
0%
#3950000
b11001110 )
b11001110 1
0(
#3955000
1"
b10000 3
b10000 B
b10101010 !
b10101010 0
b11000 5
b11000 =
b11110 2
b11110 D
b11111111111111111111111111111111 E
b11111 9
b11111 A
b10000 6
b10000 <
b10001 ;
b10001 C
b1101111 /
b1100000 -
b11100100 F
1(
1%
#3960000
b100100 )
b100100 1
0(
#3962000
0&
0%
#3965000
b11000 7
1(
#3969000
b10000 :
1%
#3970000
b1110101 )
b1110101 1
0(
#3975000
0"
b11111111111111111111111111111111 @
b10000 4
b10000 ?
b11000 8
b11000 >
1(
#3976000
0%
#3980000
b111000 )
b111000 1
0(
#3983000
b11111 2
b11111 D
b11111111111111111111111111111111 E
b10000 ;
b10000 C
1%
#3985000
1"
b0 3
b0 B
b0 9
b0 A
b1110000 /
1(
#3990000
b1010000 )
b1010000 1
1&
0(
0%
#3995000
1(
#3997000
b11101011 !
b11101011 0
b11001 5
b11001 =
b10001 6
b10001 <
b0 :
b1100001 -
b10101010 F
1%
#4000000
b10100100 )
b10100100 1
0(
#4004000
0&
0%
#4005000
b11001 7
1(
#4010000
0*
0(
#4011000
b11111111111111111111111111111111 E
b0 2
b0 D
b0 ;
b0 C
1%
#4015000
0"
b10001 4
b10001 ?
b11111111111111111111111111111111 @
b11001 8
b11001 >
1(
#4018000
0%
#4020000
b1011011 )
b1011011 1
1*
0(
#4025000
1"
b1 3
b1 B
b1 9
b1 A
b1110001 /
1(
1%
#4030000
b1001000 )
b1001000 1
0(
#4032000
1&
0%
#4035000
1(
#4039000
b11001101 !
b11001101 0
b11011 5
b11011 =
b10010 6
b10010 <
b1 :
b1100010 -
b11101011 F
1%
#4040000
0*
0(
#4045000
b11011 7
1(
#4046000
0%
#4050000
b10000011 )
b10000011 1
1*
0(
#4053000
b101010 !
b101010 0
b11010 5
b11010 =
b1 2
b1 D
b11111111111111111111111111111111 E
b10011 6
b10011 <
b1 ;
b1 C
b1100011 -
b11001101 F
1%
#4055000
0"
b10010 4
b10010 ?
b11111111111111111111111111111111 @
b11011 8
b11011 >
b11010 7
1(
#4060000
b10110000 )
b10110000 1
0&
0(
0%
#4065000
b11 3
b11 B
b10011 4
b10011 ?
b11111111111111111111111111111111 @
b10 9
b10 A
b11010 8
b11010 >
b1110010 /
1(
#4067000
b11 :
1%
#4070000
b1001111 )
b1001111 1
0(
#4074000
1&
0%
#4075000
1"
b10 3
b10 B
b11 9
b11 A
b1110011 /
1(
#4080000
b11011101 )
b11011101 1
0(
#4081000
b1110100 !
b1110100 0
b11110 5
b11110 =
b10 2
b10 D
b11111111111111111111111111111111 E
b10100 6
b10100 <
b11 ;
b11 C
b10 :
b1100100 -
b101010 F
1%
#4085000
b11110 7
1(
#4088000
0%
#4090000
b1011001 )
b1011001 1
0(
#4095000
0"
b10100 4
b10100 ?
b11111111111111111111111111111111 @
b1111 !
b1111 0
b11111 5
b11111 =
b11 2
b11 D
b11111111111111111111111111111111 E
b11110 8
b11110 >
b10101 6
b10101 <
b10 ;
b10 C
b1100101 -
b1110100 F
1(
1%
#4100000
b101111 )
b101111 1
0(
#4102000
0%
#4105000
1"
b110 3
b110 B
b100 9
b100 A
b11111 7
b1110100 /
1(
#4109000
b11001011 !
b11001011 0
b11101 5
b11101 =
b10110 6
b10110 <
b110 :
b1100110 -
b1111 F
1%
#4110000
b11010011 )
b11010011 1
0(
#4115000
0"
b10101 4
b10101 ?
b11111111111111111111111111111111 @
b11111 8
b11111 >
b11101 7
1(
#4116000
0&
0%
#4120000
0*
0(
#4123000
b100 2
b100 D
b11111111111111111111111111111111 E
b110 ;
b110 C
1%
#4125000
b10110 4
b10110 ?
b11111111111111111111111111111111 @
b11101 8
b11101 >
1(
#4130000
0(
0%
#4135000
1(
#4137000
1%
#4140000
0(
#4144000
0%
#4145000
1(
#4150000
0(
#4151000
1%
#4155000
1(
#4158000
0%
#4160000
0(
#4165000
1(
1%
#4170000
b10000011 )
b10000011 1
1*
0(
#4172000
0%
#4175000
b111 3
b111 B
b101 9
b101 A
b1110101 /
1(
#4179000
b111 :
1%
#4180000
b10111111 )
b10111111 1
0(
#4185000
1"
b101 3
b101 B
b110 9
b110 A
b1110110 /
1(
#4186000
0%
#4190000
b1000101 )
b1000101 1
0(
#4193000
b101 2
b101 D
b11111111111111111111111111111111 E
b111 ;
b111 C
b101 :
1%
#4195000
1(
#4200000
b11000110 )
b11000110 1
1&
0(
0%
#4205000
1(
#4207000
b10000101 !
b10000101 0
b11100 5
b11100 =
b110 2
b110 D
b11111111111111111111111111111111 E
b10111 6
b10111 <
b101 ;
b101 C
b1100111 -
b11001011 F
1%
#4210000
b1010000 )
b1010000 1
0(
#4214000
0&
0%
#4215000
b11100 7
1(
#4220000
b10111100 )
b10111100 1
0(
#4221000
1%
#4225000
0"
b10111 4
b10111 ?
b11111111111111111111111111111111 @
b11100 8
b11100 >
1(
#4228000
1&
0%
#4230000
b1101001 )
b1101001 1
0(
#4235000
1"
b100 3
b100 B
b1100000 !
b1100000 0
b10100 5
b10100 =
b111 9
b111 A
b11000 6
b11000 <
b1110111 /
b1101000 -
b10000101 F
1(
1%
#4240000
b11011110 )
b11011110 1
0(
#4242000
0%
#4245000
b10100 7
1(
#4249000
b11010000 !
b11010000 0
b10101 5
b10101 =
b11001 6
b11001 <
b100 :
b1101001 -
b1100000 F
1%
#4250000
0*
0(
#4255000
0"
b11000 4
b11000 ?
b11111111111111111111111111111111 @
b10100 8
b10100 >
b10101 7
1(
#4256000
0&
0%
#4260000
0(
#4263000
b111 2
b111 D
b11111111111111111111111111111111 E
b100 ;
b100 C
1%
#4265000
b11001 4
b11001 ?
b11111111111111111111111111111111 @
b10101 8
b10101 >
1(
#4270000
0(
0%
#4275000
1(
#4277000
1%
#4280000
b11111011 )
b11111011 1
1*
0(
#4284000
1&
0%
#4285000
b1100 3
b1100 B
b1000 9
b1000 A
b1111000 /
1(
#4290000
0*
0(
#4291000
b10011000 !
b10011000 0
b10111 5
b10111 =
b11010 6
b11010 <
b1100 :
b1101010 -
b11010000 F
1%
#4295000
b10111 7
1(
#4298000
0%
#4300000
b10011110 )
b10011110 1
1*
0(
#4305000
b1101 3
b1101 B
b11010 4
b11010 ?
b11111111111111111111111111111111 @
b1110000 !
b1110000 0
b10110 5
b10110 =
b1000 2
b1000 D
b11111111111111111111111111111111 E
b1001 9
b1001 A
b10111 8
b10111 >
b11011 6
b11011 <
b1100 ;
b1100 C
b1111001 /
b1101011 -
b10011000 F
1(
1%
#4310000
b1111011 )
b1111011 1
0(
#4312000
0%
#4315000
1"
b1111 3
b1111 B
b1010 9
b1010 A
b10110 7
b1111010 /
1(
#4319000
b10010100 !
b10010100 0
b10010 5
b10010 =
b11100 6
b11100 <
b1111 :
b1101100 -
b1110000 F
1%
#4320000
b11000000 )
b11000000 1
0(
#4325000
0"
b11011 4
b11011 ?
b11111111111111111111111111111111 @
b10110 8
b10110 >
b10010 7
1(
#4326000
0&
0%
#4330000
b1010100 )
b1010100 1
0(
#4333000
b1010 2
b1010 D
b11111111111111111111111111111111 E
b1111 ;
b1111 C
1%
#4335000
b1110 3
b1110 B
b11100 4
b11100 ?
b11111111111111111111111111111111 @
b1011 9
b1011 A
b10010 8
b10010 >
b1111011 /
1(
#4340000
b11100111 )
b11100111 1
1&
0(
0%
#4345000
1"
b1010 3
b1010 B
b1100 9
b1100 A
b1111100 /
1(
#4347000
b10101011 !
b10101011 0
b10011 5
b10011 =
b11101 6
b11101 <
b1010 :
b1101101 -
b10010100 F
1%
#4350000
b10000011 )
b10000011 1
0(
#4354000
0%
#4355000
b10011 7
1(
#4360000
0*
0(
#4361000
b11001110 !
b11001110 0
b10001 5
b10001 =
b1100 2
b1100 D
b11111111111111111111111111111111 E
b11110 6
b11110 <
b1010 ;
b1010 C
b1101110 -
b10101011 F
1%
#4365000
0"
b11101 4
b11101 ?
b11111111111111111111111111111111 @
b10011 8
b10011 >
b10001 7
1(
#4368000
0&
0%
#4370000
b11110001 )
b11110001 1
1*
0(
#4375000
b1011 3
b1011 B
b11110 4
b11110 ?
b11111111111111111111111111111111 @
b1101 9
b1101 A
b10001 8
b10001 >
b1111101 /
1(
1%
#4380000
0*
0(
#4382000
1&
0%
#4385000
1(
#4389000
b111000 !
b111000 0
b10000 5
b10000 =
b11111 6
b11111 <
b1011 :
b1101111 -
b11001110 F
1%
#4390000
b10010 )
b10010 1
1*
0(
#4395000
1"
b1001 3
b1001 B
b1110 9
b1110 A
b10000 7
b1111110 /
1(
#4396000
0&
0%
#4400000
b11000100 )
b11000100 1
0(
#4403000
b1101 2
b1101 D
b11111111111111111111111111111111 E
b1011 ;
b1011 C
b1001 :
1%
#4405000
0"
b11111 4
b11111 ?
b11111111111111111111111111111111 @
b10000 8
b10000 >
1(
#4410000
b1110011 )
b1110011 1
0(
0%
#4415000
1"
b1000 3
b1000 B
b1111 9
b1111 A
b1111111 /
1(
#4417000
b1110 2
b1110 D
b11111111111111111111111111111111 E
b1001 ;
b1001 C
b1000 :
1%
#4420000
b10100000 )
b10100000 1
0(
#4424000
0%
#4425000
1(
#4430000
b10111011 )
b10111011 1
0(
#4431000
b1111 2
b1111 D
b11111111111111111111111111111111 E
b1000 ;
b1000 C
1%
#4435000
1(
#4438000
0%
#4440000
b11011111 )
b11011111 1
0(
#4445000
1(
1%
#4450000
b10011111 )
b10011111 1
0(
#4452000
0%
#4455000
1(
#4459000
1%
#4460000
0*
0(
#4465000
1(
#4466000
0%
#4470000
0(
#4473000
1%
#4475000
1(
#4480000
b10001001 )
b10001001 1
1*
0(
0%
#4485000
1(
#4487000
1%
#4490000
b10101100 )
b10101100 1
0(
#4494000
0%
#4495000
1(
#4500000
b110101 )
b110101 1
0(
#4501000
1%
#4505000
1(
#4508000
0%
#4510000
b1010101 )
b1010101 1
0(
#4515000
1(
1%
#4520000
b11110010 )
b11110010 1
0(
#4522000
1&
0%
#4525000
1(
#4529000
b1011011 !
b1011011 0
b0 5
b0 =
b0 6
b0 <
b1110000 -
b111000 F
1%
#4530000
b11100100 )
b11100100 1
0(
#4535000
b0 7
1(
#4536000
0%
#4540000
b11111010 )
b11111010 1
0(
#4543000
b10110000 !
b10110000 0
b1 5
b1 =
b1 6
b1 <
b1110001 -
b1011011 F
1%
#4545000
0"
b11111111111111111111111111111111 @
b0 4
b0 ?
b0 8
b0 >
b1 7
1(
#4550000
0*
0&
0(
0%
#4555000
b1 4
b1 ?
b11111111111111111111111111111111 @
b1 8
b1 >
1(
#4557000
1%
#4560000
b11101000 )
b11101000 1
1*
0(
#4564000
1&
0%
#4565000
b11000 3
b11000 B
b10000 9
b10000 A
b10000000 /
1(
#4570000
b110111 )
b110111 1
0(
#4571000
b1001111 !
b1001111 0
b11 5
b11 =
b10 6
b10 <
b11000 :
b1110010 -
b10110000 F
1%
#4575000
1"
b11001 3
b11001 B
b10001 9
b10001 A
b11 7
b10000001 /
1(
#4578000
0&
0%
#4580000
b100000 )
b100000 1
0(
#4585000
0"
b10 4
b10 ?
b11111111111111111111111111111111 @
b11111111111111111111111111111111 E
b10000 2
b10000 D
b11 8
b11 >
b11000 ;
b11000 C
b11001 :
1(
1%
#4590000
b100010 )
b100010 1
0(
#4592000
0%
#4595000
1"
b11011 3
b11011 B
b10010 9
b10010 A
b10000010 /
1(
#4599000
b10001 2
b10001 D
b11111111111111111111111111111111 E
b11001 ;
b11001 C
b11011 :
1%
#4600000
b1111010 )
b1111010 1
0(
#4605000
1(
#4606000
0%
#4610000
b11101011 )
b11101011 1
0(
#4613000
b10010 2
b10010 D
b11111111111111111111111111111111 E
b11011 ;
b11011 C
1%
#4615000
1(
#4620000
b1011110 )
b1011110 1
0(
0%
#4625000
1(
#4627000
1%
#4630000
b1000101 )
b1000101 1
0(
#4634000
1&
0%
#4635000
1(
#4640000
b110111 )
b110111 1
0(
#4641000
b101111 !
b101111 0
b10 5
b10 =
b11 6
b11 <
b1110011 -
b1001111 F
1%
#4645000
b10 7
1(
#4648000
0%
#4650000
b11001110 )
b11001110 1
0(
#4655000
0"
b11 4
b11 ?
b11111111111111111111111111111111 @
b10000011 !
b10000011 0
b110 5
b110 =
b10 8
b10 >
b100 6
b100 <
b1110100 -
b101111 F
1(
1%
#4660000
b11010101 )
b11010101 1
0(
#4662000
0&
0%
#4665000
1"
b11010 3
b11010 B
b10011 9
b10011 A
b110 7
b10000011 /
1(
#4669000
b11010 :
1%
#4670000
b11110100 )
b11110100 1
0(
#4675000
0"
b100 4
b100 ?
b11111111111111111111111111111111 @
b110 8
b110 >
1(
#4676000
0%
#4680000
b11100011 )
b11100011 1
0(
#4683000
b10011 2
b10011 D
b11111111111111111111111111111111 E
b11010 ;
b11010 C
1%
#4685000
1"
b11110 3
b11110 B
b10100 9
b10100 A
b10000100 /
1(
#4690000
0*
0(
0%
#4695000
1(
#4697000
b11110 :
1%
#4700000
b1011100 )
b1011100 1
1*
0(
#4704000
0%
#4705000
1(
#4710000
b10001111 )
b10001111 1
0(
#4711000
b10100 2
b10100 D
b11111111111111111111111111111111 E
b11110 ;
b11110 C
1%
#4715000
1(
#4718000
0%
#4720000
b10101011 )
b10101011 1
0(
#4725000
1(
1%
#4730000
b11111011 )
b11111011 1
0(
#4732000
0%
#4735000
1(
#4739000
1%
#4740000
b10111011 )
b10111011 1
0(
#4745000
1(
#4746000
0%
#4750000
b1101010 )
b1101010 1
0(
#4753000
1%
#4755000
1(
#4760000
b10010110 )
b10010110 1
1&
0(
0%
#4765000
1(
#4767000
b10111111 !
b10111111 0
b111 5
b111 =
b101 6
b101 <
b1110101 -
b10000011 F
1%
#4770000
b101110 )
b101110 1
0(
#4774000
0%
#4775000
b111 7
1(
#4780000
b1110110 )
b1110110 1
0(
#4781000
b1101001 !
b1101001 0
b101 5
b101 =
b110 6
b110 <
b1110110 -
b10111111 F
1%
#4785000
0"
b101 4
b101 ?
b11111111111111111111111111111111 @
b111 8
b111 >
b101 7
1(
#4788000
0&
0%
#4790000
b10010101 )
b10010101 1
0(
#4795000
b11111 3
b11111 B
b110 4
b110 ?
b11111111111111111111111111111111 @
b10101 9
b10101 A
b101 8
b101 >
b10000101 /
1(
1%
#4800000
b1111100 )
b1111100 1
0(
#4802000
1&
0%
#4805000
1"
b11101 3
b11101 B
b10110 9
b10110 A
b10000110 /
1(
#4809000
b11111011 !
b11111011 0
b100 5
b100 =
b111 6
b111 <
b11101 :
b1110111 -
b1101001 F
1%
#4810000
b11001001 )
b11001001 1
0(
#4815000
b100 7
1(
#4816000
0&
0%
#4820000
0*
0(
#4823000
b10110 2
b10110 D
b11111111111111111111111111111111 E
b11101 ;
b11101 C
1%
#4825000
0"
b111 4
b111 ?
b11111111111111111111111111111111 @
b100 8
b100 >
1(
#4830000
1&
0(
0%
#4835000
1(
#4837000
b10011110 !
b10011110 0
b1100 5
b1100 =
b1000 6
b1000 <
b1111000 -
b11111011 F
1%
#4840000
b1110000 )
b1110000 1
1*
0(
#4844000
0&
0%
#4845000
1"
b11100 3
b11100 B
b10111 9
b10111 A
b1100 7
b10000111 /
1(
#4850000
b100 )
b100 1
0(
#4851000
b11100 :
1%
#4855000
0"
b1000 4
b1000 ?
b11111111111111111111111111111111 @
b1100 8
b1100 >
1(
#4858000
1&
0%
#4860000
b110 )
b110 1
0(
#4865000
1"
b10100 3
b10100 B
b1111011 !
b1111011 0
b1101 5
b1101 =
b10111 2
b10111 D
b11111111111111111111111111111111 E
b11000 9
b11000 A
b1001 6
b1001 <
b11100 ;
b11100 C
b10001000 /
b1111001 -
b10011110 F
1(
1%
#4870000
b11011111 )
b11011111 1
0(
#4872000
0&
0%
#4875000
b1101 7
1(
#4879000
b10100 :
1%
#4880000
0*
0(
#4885000
0"
b1001 4
b1001 ?
b11111111111111111111111111111111 @
b1101 8
b1101 >
1(
#4886000
1&
0%
#4890000
0(
#4893000
b1010100 !
b1010100 0
b1111 5
b1111 =
b11000 2
b11000 D
b11111111111111111111111111111111 E
b1010 6
b1010 <
b10100 ;
b10100 C
b1111010 -
b1111011 F
1%
#4895000
b1111 7
1(
#4900000
0&
0(
0%
#4905000
b1010 4
b1010 ?
b11111111111111111111111111111111 @
b1111 8
b1111 >
1(
#4907000
1%
#4910000
b1001 )
b1001 1
1*
0(
#4914000
0%
#4915000
b10101 3
b10101 B
b11001 9
b11001 A
b10001001 /
1(
#4920000
b1101 )
b1101 1
0(
#4921000
b10101 :
1%
#4925000
1"
b10111 3
b10111 B
b11010 9
b11010 A
b10001010 /
1(
#4928000
0%
#4930000
b10011010 )
b10011010 1
0(
#4935000
b11001 2
b11001 D
b11111111111111111111111111111111 E
b10101 ;
b10101 C
b10111 :
1(
1%
#4940000
b1001110 )
b1001110 1
0(
#4942000
0%
#4945000
1(
#4949000
b11010 2
b11010 D
b11111111111111111111111111111111 E
b10111 ;
b10111 C
1%
#4950000
b1011101 )
b1011101 1
0(
#4955000
1(
#4956000
1&
0%
#4960000
b1000100 )
b1000100 1
0(
#4963000
b11100111 !
b11100111 0
b1110 5
b1110 =
b1011 6
b1011 <
b1111011 -
b1010100 F
1%
#4965000
b1110 7
1(
#4970000
b11101001 )
b11101001 1
0(
0%
#4975000
0"
b1011 4
b1011 ?
b11111111111111111111111111111111 @
b1110 8
b1110 >
1(
#4977000
b11110001 !
b11110001 0
b1010 5
b1010 =
b1100 6
b1100 <
b1111100 -
b11100111 F
1%
#4980000
b10001101 )
b10001101 1
0(
#4984000
0&
0%
#4985000
1"
b10110 3
b10110 B
b11011 9
b11011 A
b1010 7
b10001011 /
1(
#4990000
b10100000 )
b10100000 1
0(
#4991000
b10110 :
1%
#4995000
0"
b1100 4
b1100 ?
b11111111111111111111111111111111 @
b1010 8
b1010 >
1(
#4998000
0%
#5000000
b11101000 )
b11101000 1
0(
#5005000
1"
b10010 3
b10010 B
b11011 2
b11011 D
b11111111111111111111111111111111 E
b11100 9
b11100 A
b10110 ;
b10110 C
b10001100 /
1(
1%
#5010000
b11010001 )
b11010001 1
0(
#5012000
0%
#5015000
1(
#5019000
b10010 :
1%
#5020000
b1111101 )
b1111101 1
0(
#5025000
1(
#5026000
0%
#5030000
b10010111 )
b10010111 1
0(
#5033000
b11100 2
b11100 D
b11111111111111111111111111111111 E
b10010 ;
b10010 C
1%
#5035000
1(
#5040000
b11000100 )
b11000100 1
1&
0(
0%
#5045000
1(
#5047000
b10010 !
b10010 0
b1011 5
b1011 =
b1101 6
b1101 <
b1111101 -
b11110001 F
1%
#5050000
b1011101 )
b1011101 1
0(
#5054000
0&
0%
#5055000
b1011 7
1(
#5060000
b1111111 )
b1111111 1
0(
#5061000
1%
#5065000
0"
b1101 4
b1101 ?
b11111111111111111111111111111111 @
b1011 8
b1011 >
1(
#5068000
1&
0%
#5070000
0*
0(
#5075000
b1110011 !
b1110011 0
b1001 5
b1001 =
b1110 6
b1110 <
b1111110 -
b10010 F
1(
1%
#5080000
b111001 )
b111001 1
1*
0(
#5082000
0&
0%
#5085000
1"
b10011 3
b10011 B
b11101 9
b11101 A
b1001 7
b10001101 /
1(
#5089000
b10011 :
1%
#5090000
b10001111 )
b10001111 1
0(
#5095000
0"
b1110 4
b1110 ?
b11111111111111111111111111111111 @
b1001 8
b1001 >
1(
#5096000
0%
#5100000
b1111 )
b1111 1
0(
#5103000
b11101 2
b11101 D
b11111111111111111111111111111111 E
b10011 ;
b10011 C
1%
#5105000
1"
b10001 3
b10001 B
b11110 9
b11110 A
b10001110 /
1(
#5110000
b1010110 )
b1010110 1
0(
0%
#5115000
1(
#5117000
b10001 :
1%
#5120000
b1011100 )
b1011100 1
0(
#5124000
0%
#5125000
1(
#5130000
0*
0(
#5131000
b11110 2
b11110 D
b11111111111111111111111111111111 E
b10001 ;
b10001 C
1%
#5135000
1(
#5138000
1&
0%
#5140000
0(
#5145000
b11101000 !
b11101000 0
b1000 5
b1000 =
b1111 6
b1111 <
b1111111 -
b1110011 F
1(
1%
#5150000
b111001 )
b111001 1
1*
0(
#5152000
0%
#5155000
b1000 7
1(
#5159000
b110111 !
b110111 0
b11000 5
b11000 =
b10000 6
b10000 <
b10000000 -
b11101000 F
1%
#5160000
b1010110 )
b1010110 1
0(
#5165000
0"
b1111 4
b1111 ?
b11111111111111111111111111111111 @
b1000 8
b1000 >
b11000 7
1(
#5166000
0%
#5170000
b11010 )
b11010 1
0(
#5173000
b100010 !
b100010 0
b11001 5
b11001 =
b10001 6
b10001 <
b10000001 -
b110111 F
1%
#5175000
b10000 3
b10000 B
b11111111111111111111111111111111 @
b10000 4
b10000 ?
b11111 9
b11111 A
b11000 8
b11000 >
b11001 7
b10001111 /
1(
#5180000
0*
0&
0(
0%
#5185000
b10001 4
b10001 ?
b11111111111111111111111111111111 @
b11001 8
b11001 >
1(
#5187000
b10000 :
1%
#5190000
b1101100 )
b1101100 1
1*
0(
#5194000
1&
0%
#5195000
b0 3
b0 B
b0 9
b0 A
b10010000 /
1(
#5200000
b11010001 )
b11010001 1
0(
#5201000
b11010101 !
b11010101 0
b11011 5
b11011 =
b11111 2
b11111 D
b11111111111111111111111111111111 E
b10010 6
b10010 <
b10000 ;
b10000 C
b0 :
b10000010 -
b100010 F
1%
#5205000
1"
b1 3
b1 B
b1 9
b1 A
b11011 7
b10010001 /
1(
#5208000
0&
0%
#5210000
0*
0(
#5215000
0"
b10010 4
b10010 ?
b11111111111111111111111111111111 @
b11111111111111111111111111111111 E
b0 2
b0 D
b11011 8
b11011 >
b0 ;
b0 C
b1 :
1(
1%
#5220000
0(
#5222000
0%
#5225000
1(
#5229000
b1 2
b1 D
b11111111111111111111111111111111 E
b1 ;
b1 C
1%
#5230000
0(
#5235000
1(
#5236000
0%
#5240000
0(
#5243000
1%
#5245000
1(
#5250000
0(
0%
#5255000
1(
#5257000
1%
#5260000
0(
#5264000
1&
0%
#5265000
1(
#5270000
0(
#5271000
b11100011 !
b11100011 0
b11010 5
b11010 =
b10011 6
b10011 <
b10000011 -
b11010101 F
1%
#5275000
b11010 7
1(
#5278000
0&
0%
#5280000
0(
#5285000
b10011 4
b10011 ?
b11111111111111111111111111111111 @
b11010 8
b11010 >
1(
1%
#5290000
0(
#5292000
1&
0%
#5295000
1(
#5299000
b10010101 !
b10010101 0
b11110 5
b11110 =
b10100 6
b10100 <
b10000100 -
b11100011 F
1%
#5300000
0(
#5305000
b11110 7
1(
#5306000
0%
#5310000
0(
#5313000
b1111100 !
b1111100 0
b11111 5
b11111 =
b10101 6
b10101 <
b10000101 -
b10010101 F
1%
#5315000
b10100 4
b10100 ?
b11111111111111111111111111111111 @
b11110 8
b11110 >
b11111 7
1(
#5320000
0(
0%
#5325000
b10101 4
b10101 ?
b11111111111111111111111111111111 @
b11111 8
b11111 >
1(
#5327000
b1110000 !
b1110000 0
b11101 5
b11101 =
b10110 6
b10110 <
b10000110 -
b1111100 F
1%
#5330000
0(
#5334000
0&
0%
#5335000
b11101 7
1(
#5340000
0(
#5341000
1%
#5345000
b10110 4
b10110 ?
b11111111111111111111111111111111 @
b11101 8
b11101 >
1(
#5348000
1&
0%
#5350000
0(
#5355000
b110 !
b110 0
b11100 5
b11100 =
b10111 6
b10111 <
b10000111 -
b1110000 F
1(
1%
#5360000
0(
#5362000
0%
#5365000
b11100 7
1(
#5369000
b1001 !
b1001 0
b10100 5
b10100 =
b11000 6
b11000 <
b10001000 -
b110 F
1%
#5370000
0(
#5375000
b10111 4
b10111 ?
b11111111111111111111111111111111 @
b11100 8
b11100 >
b10100 7
1(
#5376000
0&
0%
#5380000
0(
#5383000
1%
#5385000
b11000 4
b11000 ?
b11111111111111111111111111111111 @
b10100 8
b10100 >
1(
#5390000
0(
0%
#5395000
1(
#5397000
1%
#5400000
0(
#5404000
1&
0%
#5405000
1(
#5410000
0(
#5411000
b1101 !
b1101 0
b10101 5
b10101 =
b11001 6
b11001 <
b10001001 -
b1001 F
1%
#5415000
b10101 7
1(
#5418000
0%
#5420000
0(
#5425000
b11001 4
b11001 ?
b11111111111111111111111111111111 @
b10001101 !
b10001101 0
b10111 5
b10111 =
b10101 8
b10101 >
b11010 6
b11010 <
b10001010 -
b1101 F
1(
1%
#5430000
0(
#5432000
0&
0%
#5435000
b10111 7
1(
#5439000
1%
#5440000
0(
#5445000
b11010 4
b11010 ?
b11111111111111111111111111111111 @
b10111 8
b10111 >
1(
#5446000
0%
#5450000
0(
#5453000
1%
#5455000
1(
#5460000
1&
0(
0%
#5465000
1(
#5467000
b11101000 !
b11101000 0
b10110 5
b10110 =
b11011 6
b11011 <
b10001011 -
b10001101 F
1%
#5470000
0(
#5474000
0&
0%
#5475000
b10110 7
1(
#5480000
0(
#5481000
1%
#5485000
b11011 4
b11011 ?
b11111111111111111111111111111111 @
b10110 8
b10110 >
1(
#5488000
1&
0%
#5490000
0(
#5495000
b111001 !
b111001 0
b10010 5
b10010 =
b11100 6
b11100 <
b10001100 -
b11101000 F
1(
1%
#5500000
0(
#5502000
0&
0%
#5505000
b10010 7
1(
#5509000
1%
#5510000
0(
#5515000
b11100 4
b11100 ?
b11111111111111111111111111111111 @
b10010 8
b10010 >
1(
#5516000
0%
#5520000
0(
#5523000
1%
#5525000
1(
#5530000
0(
0%
#5535000
1(
#5537000
1%
#5540000
0(
#5544000
0%
#5545000
1(
#5550000
0(
#5551000
1%
#5555000
1(
#5558000
0%
#5560000
0(
#5565000
1(
1%
#5570000
0(
#5572000
0%
#5575000
1(
#5579000
1%
#5580000
0(
#5585000
1(
#5586000
1&
0%
#5590000
0(
#5593000
b1111 !
b1111 0
b10011 5
b10011 =
b11101 6
b11101 <
b10001101 -
b111001 F
1%
#5595000
b10011 7
1(
#5600000
0&
0(
0%
#5605000
b11101 4
b11101 ?
b11111111111111111111111111111111 @
b10011 8
b10011 >
1(
#5607000
1%
#5610000
0(
#5614000
1&
0%
#5615000
1(
#5620000
0(
#5621000
b11010 !
b11010 0
b10001 5
b10001 =
b11110 6
b11110 <
b10001110 -
b1111 F
1%
#5625000
b10001 7
1(
#5628000
0%
#5630000
0(
#5635000
b11110 4
b11110 ?
b11111111111111111111111111111111 @
b1101100 !
b1101100 0
b10000 5
b10000 =
b10001 8
b10001 >
b11111 6
b11111 <
b10001111 -
b11010 F
1(
1%
#5640000
0(
#5642000
0%
#5645000
b10000 7
1(
#5649000
b11010001 !
b11010001 0
b0 5
b0 =
b0 6
b0 <
b10010000 -
b1101100 F
1%
#5650000
0(
#5655000
b11111 4
b11111 ?
b11111111111111111111111111111111 @
b10000 8
b10000 >
b0 7
1(
#5656000
0%
#5660000
0(
#5663000
1#
b100010 !
b100010 0
b1 5
b1 =
b1 6
b1 <
b10010001 -
b11010001 F
1%
#5665000
b11111111111111111111111111111111 @
b0 4
b0 ?
b0 8
b0 >
b1 7
1(
#5670000
0(
0%
#5675000
b1 4
b1 ?
b11111111111111111111111111111111 @
b1 8
b1 >
1(
#5677000
1%
#5680000
0(
#5684000
0%
#5685000
1(
#5690000
0(
#5691000
1%
#5695000
1(
#5698000
0%
#5700000
0(
#5705000
1(
1%
#5710000
0(
#5712000
0%
#5715000
1(
#5719000
1%
#5720000
0(
#5725000
1(
#5726000
0&
0%
#5730000
0(
#5733000
1%
#5735000
1(
#5740000
0(
0%
#5745000
1(
#5747000
1%
#5750000
0(
#5754000
1&
0%
#5755000
1(
#5760000
0(
#5761000
1%
#5765000
1(
#5768000
0%
#5770000
0(
#5775000
1(
1%
#5780000
0(
#5782000
0&
0%
#5785000
1(
#5789000
1%
#5790000
0(
#5795000
1(
#5796000
0%
#5800000
0(
#5803000
1%
#5805000
1(
#5810000
1&
0(
0%
#5815000
1(
#5817000
1%
#5820000
0(
#5824000
0%
#5825000
1(
#5830000
0(
#5831000
1%
#5835000
1(
#5838000
0&
0%
#5840000
0(
#5845000
1(
1%
#5850000
0(
#5852000
1&
0%
#5855000
1(
#5859000
1%
#5860000
0(
#5865000
1(
#5866000
0&
0%
#5870000
0(
#5873000
1%
#5875000
1(
#5880000
0(
0%
#5885000
1(
#5887000
1%
#5890000
0(
#5894000
0%
#5895000
1(
#5900000
0(
#5901000
1%
#5905000
1(
#5908000
1&
0%
#5910000
0(
#5915000
1(
1%
#5920000
0(
#5922000
0%
#5925000
1(
#5929000
1%
#5930000
0(
#5935000
1(
#5936000
0&
0%
#5940000
0(
#5943000
1%
#5945000
1(
#5950000
1&
0(
0%
#5955000
1(
#5957000
1%
#5960000
0(
#5964000
0&
0%
#5965000
1(
#5970000
0(
#5971000
1%
#5975000
1(
#5978000
1&
0%
#5980000
0(
#5985000
1(
1%
#5990000
0(
#5992000
0&
0%
#5995000
1(
#5999000
1%
#6000000
0(
#6005000
1(
#6006000
0%
#6010000
0(
#6013000
1%
#6015000
1(
#6020000
0(
0%
#6025000
1(
#6027000
1%
#6030000
0(
#6034000
1&
0%
#6035000
1(
#6040000
0(
#6041000
1%
#6045000
1(
#6048000
0&
0%
#6050000
0(
#6055000
1(
1%
#6060000
0(
#6062000
1&
0%
#6065000
1(
#6069000
1%
#6070000
0(
#6075000
1(
#6076000
0%
#6080000
0(
#6083000
1%
#6085000
1(
#6090000
0(
0%
#6095000
1(
#6097000
1%
#6100000
0(
#6104000
0&
0%
#6105000
1(
#6110000
0(
#6111000
1%
#6115000
1(
#6118000
1&
0%
#6120000
0(
#6125000
1(
1%
#6130000
0(
#6132000
0&
0%
#6135000
1(
#6139000
1%
#6140000
0(
#6145000
1(
#6146000
0%
#6150000
0(
#6153000
1%
#6155000
1(
#6160000
1&
0(
0%
#6165000
1(
#6167000
1%
#6170000
0(
#6174000
0&
0%
#6175000
1(
#6180000
0(
#6181000
1%
#6185000
1(
#6188000
1&
0%
#6190000
0(
#6195000
1(
1%
#6200000
0(
#6202000
0%
#6205000
1(
#6209000
1%
#6210000
0(
#6215000
1(
#6216000
0&
0%
#6220000
0(
#6223000
1%
#6225000
1(
#6230000
0(
0%
#6235000
1(
#6237000
1%
#6240000
0(
#6244000
1&
0%
#6245000
1(
#6250000
0(
#6251000
1%
#6255000
1(
#6258000
0&
0%
#6260000
0(
#6265000
1(
1%
#6270000
0(
#6272000
0%
#6275000
1(
#6279000
1%
#6280000
0(
#6285000
1(
#6286000
0%
#6290000
0(
#6293000
1%
#6295000
1(
#6300000
0(
0%
#6305000
1(
#6307000
1%
#6310000
0(
#6314000
0%
#6315000
1(
#6320000
0(
#6321000
1%
#6325000
1(
#6328000
0%
#6330000
0(
#6335000
1(
1%
#6340000
0(
#6342000
0%
#6345000
1(
#6349000
1%
#6350000
0(
#6355000
1(
#6356000
0%
#6360000
0(
#6363000
1%
#6365000
1(
#6370000
0(
0%
#6375000
1(
#6377000
1%
#6380000
0(
#6384000
0%
#6385000
1(
#6390000
0(
#6391000
1%
#6395000
1(
#6398000
0%
#6400000
0(
#6405000
1(
1%
#6410000
0(
#6412000
1&
0%
#6415000
1(
#6419000
1%
#6420000
0(
#6425000
1(
#6426000
0&
0%
#6430000
0(
#6433000
1%
#6435000
1(
#6440000
0(
0%
#6445000
1(
#6447000
1%
#6450000
0(
#6454000
1&
0%
#6455000
1(
#6460000
0(
#6461000
1%
#6465000
1(
#6468000
0&
0%
#6470000
0(
#6475000
1(
1%
#6480000
0(
#6482000
0%
#6485000
1(
#6489000
1%
#6490000
0(
#6495000
1(
#6496000
0%
#6500000
0(
#6503000
1%
#6505000
1(
#6510000
0(
0%
#6515000
1(
#6517000
1%
#6520000
0(
#6524000
1&
0%
#6525000
1(
#6530000
0(
#6531000
1%
#6535000
1(
#6538000
0&
0%
#6540000
0(
#6545000
1(
1%
#6550000
0(
#6552000
1&
0%
#6555000
1(
#6559000
1%
#6560000
0(
#6565000
1(
#6566000
0%
#6570000
0(
#6573000
1%
#6575000
1(
#6580000
0(
0%
#6585000
1(
#6587000
1%
#6590000
0(
#6594000
0&
0%
#6595000
1(
#6600000
0(
#6601000
1%
#6605000
1(
#6608000
1&
0%
#6610000
0(
#6615000
1(
1%
#6620000
0(
#6622000
0%
#6625000
1(
#6629000
1%
#6630000
0(
#6635000
1(
#6636000
0%
#6640000
0(
#6643000
1%
#6645000
1(
#6650000
0(
0%
#6655000
1(
#6657000
1%
#6660000
0(
#6664000
0&
0%
#6665000
1(
#6670000
0(
#6671000
1%
#6675000
1(
#6678000
0%
#6680000
0(
#6685000
1(
1%
#6690000
0(
#6692000
0%
#6695000
1(
#6699000
1%
#6700000
0(
#6705000
1(
#6706000
1&
0%
#6710000
0(
#6713000
1%
#6715000
1(
#6720000
0&
0(
0%
#6725000
1(
#6727000
1%
#6730000
0(
#6734000
0%
#6735000
1(
#6740000
0(
#6741000
1%
#6745000
1(
#6748000
0%
#6750000
0(
#6755000
1(
1%
#6760000
0(
#6762000
1&
0%
#6765000
1(
#6769000
1%
#6770000
0(
#6775000
1(
#6776000
0&
0%
#6780000
0(
#6783000
1%
#6785000
1(
#6790000
0(
0%
#6795000
1(
#6797000
1%
#6800000
0(
#6804000
0%
#6805000
1(
#6810000
0(
#6811000
1%
#6815000
1(
#6818000
0%
#6820000
0(
#6825000
1(
1%
#6830000
0(
#6832000
1&
0%
#6835000
1(
#6839000
1%
#6840000
0(
#6845000
1(
#6846000
0%
#6850000
0(
#6853000
1%
#6855000
1(
#6860000
0(
0%
#6865000
1(
#6867000
1%
#6870000
0(
#6874000
0%
#6875000
1(
#6880000
0(
#6881000
1%
#6885000
1(
#6888000
0%
#6890000
0(
#6895000
1(
1%
#6900000
0(
#6902000
0%
#6905000
1(
#6909000
1%
#6910000
0(
#6915000
1(
#6916000
0%
#6920000
0(
#6923000
1%
#6925000
1(
#6930000
0(
0%
#6935000
1(
#6937000
1%
#6940000
0(
#6944000
0%
#6945000
1(
#6950000
0(
#6951000
1%
#6955000
1(
#6958000
0%
#6960000
0(
#6965000
1(
1%
#6970000
0(
#6972000
0%
#6975000
1(
#6979000
1%
#6980000
0(
#6985000
1(
#6986000
0%
#6990000
0(
#6993000
1%
#6995000
1(
#7000000
0(
0%
#7005000
1(
#7007000
1%
#7010000
0(
#7014000
0%
#7015000
1(
#7020000
0(
#7021000
1%
#7025000
1(
#7028000
0%
#7030000
0(
#7035000
1(
1%
#7040000
0(
#7042000
0%
#7045000
1(
#7049000
1%
#7050000
0(
#7055000
1(
#7056000
0%
#7060000
0(
#7063000
1%
#7065000
1(
#7070000
0(
0%
#7075000
1(
#7077000
1%
#7080000
0(
#7084000
0%
#7085000
1(
#7090000
0(
#7091000
1%
#7095000
1(
#7098000
0%
#7100000
0(
#7105000
1(
1%
#7110000
0(
#7112000
0%
#7115000
1(
#7119000
1%
#7120000
0(
#7125000
1(
#7126000
0%
#7130000
0(
#7133000
1%
#7135000
1(
#7140000
0(
0%
#7145000
1(
#7147000
1%
#7150000
0(
#7154000
0%
#7155000
1(
#7160000
0(
#7161000
1%
#7165000
1(
#7168000
0%
#7170000
0(
#7175000
1(
1%
#7180000
0(
#7182000
0%
#7185000
1(
#7189000
1%
#7190000
0(
#7195000
1(
#7196000
0%
#7200000
0(
#7203000
1%
#7205000
1(
#7210000
0(
0%
#7215000
1(
#7217000
1%
#7220000
0(
#7224000
0%
#7225000
1(
#7230000
0(
#7231000
1%
#7235000
1(
#7238000
0%
#7240000
0(
#7245000
1(
1%
#7250000
0(
#7252000
0%
#7255000
1(
#7259000
1%
#7260000
0(
#7265000
1(
#7266000
0%
#7270000
0(
#7273000
1%
#7275000
1(
#7280000
0(
0%
#7285000
1(
#7287000
1%
#7290000
0(
#7294000
0%
#7295000
1(
#7300000
0(
#7301000
1%
#7305000
1(
#7308000
0%
#7310000
0(
#7315000
1(
1%
#7320000
0(
#7322000
0%
#7325000
1(
#7329000
1%
#7330000
0(
#7335000
1(
#7336000
0%
#7340000
0(
#7343000
1%
#7345000
1(
#7350000
0(
0%
#7355000
1(
#7357000
1%
#7360000
0(
#7364000
0%
#7365000
1(
#7370000
0(
#7371000
1%
#7375000
1(
#7378000
0%
#7380000
0(
#7385000
1(
1%
#7390000
0(
#7392000
0%
#7395000
1(
#7399000
1%
#7400000
0(
#7405000
1(
#7406000
0%
#7410000
0(
#7413000
1%
#7415000
1(
#7420000
0(
0%
#7425000
1(
#7427000
1%
#7430000
0(
#7434000
0%
#7435000
1(
#7440000
0(
#7441000
1%
#7445000
1(
#7448000
0%
#7450000
0(
#7455000
1(
1%
#7460000
0(
#7462000
0%
#7465000
1(
#7469000
1%
#7470000
0(
#7475000
1(
#7476000
0%
#7480000
0(
#7483000
1%
#7485000
1(
#7490000
0(
0%
#7495000
1(
#7497000
1%
#7500000
0(
#7504000
0%
#7505000
1(
#7510000
0(
#7511000
1%
#7515000
1(
#7518000
0%
#7520000
0(
#7525000
1(
1%
#7530000
0(
#7532000
0%
#7535000
1(
#7539000
1%
#7540000
0(
#7545000
1(
#7546000
0%
#7550000
0(
#7553000
1%
#7555000
1(
#7560000
0(
0%
#7565000
1(
#7567000
1%
#7570000
0(
#7574000
0%
#7575000
1(
#7580000
0(
#7581000
1%
#7585000
1(
#7588000
0%
#7590000
0(
#7595000
1(
1%
#7600000
0(
#7602000
0%
#7605000
1(
#7609000
1%
#7610000
0(
#7615000
1(
#7616000
0%
#7620000
0(
#7623000
1%
#7625000
1(
#7630000
0(
0%
#7635000
1(
#7637000
1%
#7640000
0(
#7644000
0%
#7645000
1(
#7650000
0(
#7651000
1%
#7655000
1(
#7658000
0%
#7660000
0(
#7665000
1(
1%
#7670000
0(
#7672000
0%
#7675000
1(
#7679000
1%
#7680000
0(
#7685000
1(
#7686000
0%
#7690000
0(
#7693000
1%
#7695000
1(
#7700000
0(
0%
#7705000
1(
#7707000
1%
#7710000
0(
#7714000
0%
#7715000
1(
#7720000
0(
#7721000
1%
#7725000
1(
#7728000
0%
#7730000
0(
#7735000
1(
1%
#7740000
0(
#7742000
0%
#7745000
1(
#7749000
1%
#7750000
0(
#7755000
1(
#7756000
0%
#7760000
0(
#7763000
1%
#7765000
1(
#7770000
0(
0%
#7775000
1(
#7777000
1%
#7780000
0(
#7784000
0%
#7785000
1(
#7790000
0(
#7791000
1%
#7795000
1(
#7798000
0%
#7800000
0(
#7805000
1(
1%
#7810000
0(
#7812000
0%
#7815000
1(
#7819000
1%
#7820000
0(
#7825000
1(
#7826000
0%
#7830000
0(
#7833000
1%
#7835000
1(
#7840000
0(
0%
#7845000
1(
#7847000
1%
#7850000
0(
#7854000
0%
#7855000
1(
#7860000
0(
#7861000
1%
#7865000
1(
#7868000
0%
#7870000
0(
#7875000
1(
1%
#7880000
0(
#7882000
0%
#7885000
1(
#7889000
1%
#7890000
0(
#7895000
1(
#7896000
0%
#7900000
0(
#7903000
1%
#7905000
1(
#7910000
0(
0%
#7915000
1(
#7917000
1%
#7920000
0(
#7924000
0%
#7925000
1(
#7930000
0(
#7931000
1%
#7935000
1(
#7938000
0%
#7940000
0(
#7945000
1(
1%
#7950000
0(
#7952000
0%
#7955000
1(
#7959000
1%
#7960000
0(
#7965000
1(
#7966000
0%
#7970000
0(
#7973000
1%
#7975000
1(
#7980000
0(
0%
#7985000
1(
#7987000
1%
#7990000
0(
#7994000
0%
#7995000
1(
#8000000
0(
#8001000
1%
#8005000
1(
#8008000
0%
#8010000
0(
#8015000
1(
1%
#8020000
0(
#8022000
0%
#8025000
1(
#8029000
1%
#8030000
0(
#8035000
1(
#8036000
0%
#8040000
0(
#8043000
1%
#8045000
1(
#8050000
0(
0%
#8055000
1(
#8057000
1%
#8060000
0(
#8064000
0%
#8065000
1(
#8070000
0(
#8071000
1%
#8075000
1(
#8078000
0%
#8080000
0(
#8085000
1(
1%
#8090000
0(
#8092000
0%
#8095000
1(
#8099000
1%
#8100000
0(
#8105000
1(
#8106000
0%
#8110000
0(
#8113000
1%
#8115000
1(
#8120000
0(
0%
#8125000
1(
#8127000
1%
#8130000
0(
#8134000
0%
#8135000
1(
#8140000
0(
#8141000
1%
#8145000
1(
#8148000
0%
#8150000
0(
#8155000
1(
1%
#8160000
0(
#8162000
0%
#8165000
1(
#8169000
1%
#8170000
0(
#8175000
1(
#8176000
0%
#8180000
0(
#8183000
1%
#8185000
1(
#8190000
0(
0%
#8195000
1(
#8197000
1%
#8200000
0(
#8204000
0%
#8205000
1(
#8210000
0(
#8211000
1%
#8215000
1(
#8218000
0%
#8220000
0(
#8225000
1(
1%
#8230000
0(
#8232000
0%
#8235000
1(
#8239000
1%
#8240000
0(
#8245000
1(
#8246000
0%
#8250000
0(
#8253000
1%
#8255000
1(
#8260000
0(
0%
#8265000
1(
#8267000
1%
#8270000
0(
#8274000
0%
#8275000
1(
#8280000
0(
#8281000
1%
#8285000
1(
#8288000
0%
#8290000
0(
#8295000
1(
1%
#8300000
0(
#8302000
0%
#8305000
1(
#8309000
1%
#8310000
0(
#8315000
1(
#8316000
0%
#8320000
0(
#8323000
1%
#8325000
1(
#8330000
0(
0%
#8335000
1(
#8337000
1%
#8340000
0(
#8344000
0%
#8345000
1(
#8350000
0(
#8351000
1%
#8355000
1(
#8358000
0%
#8360000
0(
#8365000
1(
1%
#8370000
0(
#8372000
0%
#8375000
1(
#8379000
1%
#8380000
0(
#8385000
1(
#8386000
0%
#8390000
0(
#8393000
1%
#8395000
1(
#8400000
0(
0%
#8405000
1(
#8407000
1%
#8410000
0(
#8414000
0%
#8415000
1(
#8420000
0(
#8421000
1%
#8425000
1(
#8428000
0%
#8430000
0(
#8435000
1(
1%
#8440000
0(
#8442000
0%
#8445000
1(
#8449000
1%
#8450000
0(
#8455000
1(
#8456000
0%
#8460000
0(
#8463000
1%
#8465000
1(
#8470000
0(
0%
#8475000
1(
#8477000
1%
#8480000
0(
#8484000
0%
#8485000
1(
#8490000
0(
#8491000
1%
#8495000
1(
#8498000
0%
#8500000
0(
#8505000
1(
1%
#8510000
0(
#8512000
0%
#8515000
1(
#8519000
1%
#8520000
0(
#8525000
1(
#8526000
0%
#8530000
0(
#8533000
1%
#8535000
1(
#8540000
0(
0%
#8545000
1(
#8547000
1%
#8550000
0(
#8554000
0%
#8555000
1(
#8560000
0(
#8561000
1%
#8565000
1(
#8568000
0%
#8570000
0(
#8575000
1(
1%
#8580000
0(
#8582000
0%
#8585000
1(
#8589000
1%
#8590000
0(
#8595000
1(
#8596000
0%
#8600000
0(
#8603000
1%
#8605000
1(
#8610000
0(
0%
#8615000
1(
#8617000
1%
#8620000
0(
#8624000
0%
#8625000
1(
#8630000
0(
#8631000
1%
#8635000
1(
#8638000
0%
#8640000
0(
#8645000
1(
1%
#8650000
0(
#8652000
0%
#8655000
1(
#8659000
1%
#8660000
0(
#8665000
1(
#8666000
0%
#8670000
0(
#8673000
1%
#8675000
1(
#8680000
0(
0%
#8685000
1(
#8687000
1%
#8690000
0(
#8694000
0%
#8695000
1(
#8700000
0(
#8701000
1%
#8705000
1(
#8708000
0%
#8710000
0(
#8715000
1(
1%
#8720000
0(
#8722000
0%
#8725000
1(
#8729000
1%
#8730000
0(
#8735000
1(
#8736000
0%
#8740000
0(
#8743000
1%
#8745000
1(
#8750000
0(
0%
#8755000
1(
#8757000
1%
#8760000
0(
#8764000
0%
#8765000
1(
#8770000
0(
#8771000
1%
#8775000
1(
#8778000
0%
#8780000
0(
#8785000
1(
1%
#8790000
0(
#8792000
0%
#8795000
1(
#8799000
1%
#8800000
0(
#8805000
1(
#8806000
0%
#8810000
0(
#8813000
1%
#8815000
1(
#8820000
0(
0%
#8825000
1(
#8827000
1%
#8830000
0(
#8834000
0%
#8835000
1(
#8840000
0(
#8841000
1%
#8845000
1(
#8848000
0%
#8850000
0(
#8855000
1(
1%
#8860000
0(
#8862000
0%
#8865000
1(
#8869000
1%
#8870000
0(
#8875000
1(
#8876000
0%
#8880000
0(
#8883000
1%
#8885000
1(
#8890000
0(
0%
#8895000
1(
#8897000
1%
#8900000
0(
#8904000
0%
#8905000
1(
#8910000
0(
#8911000
1%
#8915000
1(
#8918000
0%
#8920000
0(
#8925000
1(
1%
#8930000
0(
#8932000
0%
#8935000
1(
#8939000
1%
#8940000
0(
#8945000
1(
#8946000
0%
#8950000
0(
#8953000
1%
#8955000
1(
#8960000
0(
0%
#8965000
1(
#8967000
1%
#8970000
0(
#8974000
0%
#8975000
1(
#8980000
0(
#8981000
1%
#8985000
1(
#8988000
0%
#8990000
0(
#8995000
1(
1%
#9000000
0(
#9002000
0%
#9005000
1(
#9009000
1%
#9010000
0(
#9015000
1(
#9016000
0%
#9020000
0(
#9023000
1%
#9025000
1(
#9030000
0(
0%
#9035000
1(
#9037000
1%
#9040000
0(
#9044000
0%
#9045000
1(
#9050000
0(
#9051000
1%
#9055000
1(
#9058000
0%
#9060000
0(
#9065000
1(
1%
#9070000
0(
#9072000
0%
#9075000
1(
#9079000
1%
#9080000
0(
#9085000
1(
#9086000
0%
#9090000
0(
#9093000
1%
#9095000
1(
#9100000
0(
0%
#9105000
1(
#9107000
1%
#9110000
0(
#9114000
0%
#9115000
1(
#9120000
0(
#9121000
1%
#9125000
1(
#9128000
0%
#9130000
0(
#9135000
1(
1%
#9140000
0(
#9142000
0%
#9145000
1(
#9149000
1%
#9150000
0(
#9155000
1(
#9156000
0%
#9160000
0(
#9163000
1%
#9165000
1(
#9170000
0(
0%
#9175000
1(
#9177000
1%
#9180000
0(
#9184000
0%
#9185000
1(
#9190000
0(
#9191000
1%
#9195000
1(
#9198000
0%
#9200000
0(
#9205000
1(
1%
#9210000
0(
#9212000
0%
#9215000
1(
#9219000
1%
#9220000
0(
#9225000
1(
#9226000
0%
#9230000
0(
#9233000
1%
#9235000
1(
#9240000
0(
0%
#9245000
1(
#9247000
1%
#9250000
0(
#9254000
0%
#9255000
1(
#9260000
0(
#9261000
1%
#9265000
1(
#9268000
0%
#9270000
0(
#9275000
1(
1%
#9280000
0(
#9282000
0%
#9285000
1(
#9289000
1%
#9290000
0(
#9295000
1(
#9296000
0%
#9300000
0(
#9303000
1%
#9305000
1(
#9310000
0(
0%
#9315000
1(
#9317000
1%
#9320000
0(
#9324000
0%
#9325000
1(
#9330000
0(
#9331000
1%
#9335000
1(
#9338000
0%
#9340000
0(
#9345000
1(
1%
#9350000
0(
#9352000
0%
#9355000
1(
#9359000
1%
#9360000
0(
#9365000
1(
#9366000
0%
#9370000
0(
#9373000
1%
#9375000
1(
#9380000
0(
0%
#9385000
1(
#9387000
1%
#9390000
0(
#9394000
0%
#9395000
1(
#9400000
0(
#9401000
1%
#9405000
1(
#9408000
0%
#9410000
0(
#9415000
1(
1%
#9420000
0(
#9422000
0%
#9425000
1(
#9429000
1%
#9430000
0(
#9435000
1(
#9436000
0%
#9440000
0(
#9443000
1%
#9445000
1(
#9450000
0(
0%
#9455000
1(
#9457000
1%
#9460000
0(
#9464000
0%
#9465000
1(
#9470000
0(
#9471000
1%
#9475000
1(
#9478000
0%
#9480000
0(
#9485000
1(
1%
#9490000
0(
#9492000
0%
#9495000
1(
#9499000
1%
#9500000
0(
#9505000
1(
#9506000
0%
#9510000
0(
#9513000
1%
#9515000
1(
#9520000
0(
0%
#9525000
1(
#9527000
1%
#9530000
0(
#9534000
0%
#9535000
1(
#9540000
0(
#9541000
1%
#9545000
1(
#9548000
0%
#9550000
0(
#9555000
1(
1%
#9560000
0(
#9562000
0%
#9565000
1(
#9569000
1%
#9570000
0(
#9575000
1(
#9576000
0%
#9580000
0(
#9583000
1%
#9585000
1(
#9590000
0(
0%
#9595000
1(
#9597000
1%
#9600000
0(
#9604000
0%
#9605000
1(
#9610000
0(
#9611000
1%
#9615000
1(
#9618000
0%
#9620000
0(
#9625000
1(
1%
#9630000
0(
#9632000
0%
#9635000
1(
#9639000
1%
#9640000
0(
#9645000
1(
#9646000
0%
#9650000
0(
#9653000
1%
#9655000
1(
#9660000
0(
0%
#9665000
1(
#9667000
1%
#9670000
0(
#9674000
0%
#9675000
1(
#9680000
0(
#9681000
1%
#9685000
1(
#9688000
0%
#9690000
0(
#9695000
1(
1%
#9700000
0(
#9702000
0%
#9705000
1(
#9709000
1%
#9710000
0(
#9715000
1(
#9716000
0%
#9720000
0(
#9723000
1%
#9725000
1(
#9730000
0(
0%
#9735000
1(
#9737000
1%
#9740000
0(
#9744000
0%
#9745000
1(
#9750000
0(
#9751000
1%
#9755000
1(
#9758000
0%
#9760000
0(
#9765000
1(
1%
#9770000
0(
#9772000
0%
#9775000
1(
#9779000
1%
#9780000
0(
#9785000
1(
#9786000
0%
#9790000
0(
#9793000
1%
#9795000
1(
#9800000
0(
0%
#9805000
1(
#9807000
1%
#9810000
0(
#9814000
0%
#9815000
1(
#9820000
0(
#9821000
1%
#9825000
1(
#9828000
0%
#9830000
0(
#9835000
1(
1%
#9840000
0(
#9842000
0%
#9845000
1(
#9849000
1%
#9850000
0(
#9855000
1(
#9856000
0%
#9860000
0(
#9863000
1%
#9865000
1(
#9870000
0(
0%
#9875000
1(
#9877000
1%
#9880000
0(
#9884000
0%
#9885000
1(
#9890000
0(
#9891000
1%
#9895000
1(
#9898000
0%
#9900000
0(
#9905000
1(
1%
#9910000
0(
#9912000
0%
#9915000
1(
#9919000
1%
#9920000
0(
#9925000
1(
#9926000
0%
#9930000
0(
#9933000
1%
#9935000
1(
#9940000
0(
0%
#9945000
1(
#9947000
1%
#9950000
0(
#9954000
0%
#9955000
1(
#9960000
0(
#9961000
1%
#9965000
1(
#9968000
0%
#9970000
0(
#9975000
1(
1%
#9980000
0(
#9982000
0%
#9985000
1(
#9989000
1%
#9990000
0(
#9995000
1(
#9996000
0%
#10000000
0(
#10003000
1%
#10005000
1(
#10010000
0(
0%
#10015000
1(
#10017000
1%
#10020000
0(
#10024000
0%
#10025000
1(
#10030000
0(
#10031000
1%
#10035000
1(
#10038000
0%
#10040000
0(
#10045000
1(
1%
#10050000
0(
#10052000
0%
#10055000
1(
#10059000
1%
#10060000
0(
#10065000
1(
#10066000
0%
#10070000
0(
#10073000
1%
#10075000
1(
#10080000
0(
0%
#10085000
1(
#10087000
1%
#10090000
0(
#10094000
0%
#10095000
1(
#10100000
0(
#10101000
1%
#10105000
1(
#10108000
0%
#10110000
0(
#10115000
1(
1%
#10120000
0(
#10122000
0%
#10125000
1(
#10129000
1%
#10130000
0(
#10135000
1(
#10136000
0%
#10140000
0(
#10143000
1%
#10145000
1(
#10150000
0(
0%
#10155000
1(
#10157000
1%
#10160000
0(
#10164000
0%
#10165000
1(
#10170000
0(
#10171000
1%
#10175000
1(
#10178000
0%
#10180000
0(
#10185000
1(
1%
#10190000
0(
#10192000
0%
#10195000
1(
#10199000
1%
#10200000
0(
#10205000
1(
#10206000
0%
#10210000
0(
#10213000
1%
#10215000
1(
#10220000
0(
0%
#10225000
1(
#10227000
1%
#10230000
0(
#10234000
0%
#10235000
1(
#10240000
0(
#10241000
1%
#10245000
1(
#10248000
0%
#10250000
0(
#10255000
1(
1%
#10260000
0(
#10262000
0%
#10265000
1(
#10269000
1%
#10270000
0(
#10275000
1(
#10276000
0%
#10280000
0(
#10283000
1%
#10285000
1(
#10290000
0(
0%
#10295000
1(
#10297000
1%
#10300000
0(
#10304000
0%
#10305000
1(
#10310000
0(
#10311000
1%
#10315000
1(
#10318000
0%
#10320000
0(
#10325000
1(
1%
#10330000
0(
#10332000
0%
#10335000
1(
#10339000
1%
#10340000
0(
#10345000
1(
#10346000
0%
#10350000
0(
#10353000
1%
#10355000
1(
#10360000
0(
0%
#10365000
1(
#10367000
1%
#10370000
0(
#10374000
0%
#10375000
1(
#10380000
0(
#10381000
1%
#10385000
1(
#10388000
0%
#10390000
0(
#10395000
1(
1%
#10400000
0(
#10402000
0%
#10405000
1(
#10409000
1%
#10410000
0(
#10415000
1(
#10416000
0%
#10420000
0(
#10423000
1%
#10425000
1(
#10430000
0(
0%
#10435000
1(
#10437000
1%
#10440000
0(
#10444000
0%
#10445000
1(
#10450000
0(
#10451000
1%
#10455000
1(
#10458000
0%
#10460000
0(
#10465000
1(
1%
#10470000
0(
#10472000
0%
#10475000
1(
#10479000
1%
#10480000
0(
#10485000
1(
#10486000
0%
#10490000
0(
#10493000
1%
#10495000
1(
#10500000
0(
0%
#10505000
1(
#10507000
1%
#10510000
0(
#10514000
0%
#10515000
1(
#10520000
0(
#10521000
1%
#10525000
1(
#10528000
0%
#10530000
0(
#10535000
1(
1%
#10540000
0(
#10542000
0%
#10545000
1(
#10549000
1%
#10550000
0(
#10555000
1(
#10556000
0%
#10560000
0(
#10563000
1%
#10565000
1(
#10570000
0(
0%
#10575000
1(
#10577000
1%
#10580000
0(
#10584000
0%
#10585000
1(
#10590000
0(
#10591000
1%
#10595000
1(
#10598000
0%
#10600000
0(
#10605000
1(
1%
#10610000
0(
#10612000
0%
#10615000
1(
#10619000
1%
#10620000
0(
#10625000
1(
#10626000
0%
#10630000
0(
#10633000
1%
#10635000
1(
#10640000
0(
0%
#10645000
1(
#10647000
1%
#10650000
0(
#10654000
0%
#10655000
1(
#10660000
0(
#10661000
1%
#10665000
1(
#10668000
0%
#10670000
0(
#10675000
1(
1%
#10680000
0(
#10682000
0%
#10685000
1(
#10689000
1%
#10690000
0(
#10695000
1(
#10696000
0%
#10700000
0(
#10703000
1%
#10705000
1(
#10710000
0(
0%
#10715000
1(
#10717000
1%
#10720000
0(
#10724000
0%
#10725000
1(
#10730000
0(
#10731000
1%
#10735000
1(
#10738000
0%
#10740000
0(
#10745000
1(
1%
#10750000
0(
#10752000
0%
#10755000
1(
#10759000
1%
#10760000
0(
#10765000
1(
#10766000
0%
#10770000
0(
#10773000
1%
#10775000
1(
#10780000
0(
0%
#10785000
1(
#10787000
1%
#10790000
0(
#10794000
0%
#10795000
1(
#10800000
0(
#10801000
1%
#10805000
1(
#10808000
0%
#10810000
0(
#10815000
1(
1%
#10820000
0(
#10822000
0%
#10825000
1(
#10829000
1%
#10830000
0(
#10835000
1(
#10836000
0%
#10840000
0(
#10843000
1%
#10845000
1(
#10850000
0(
0%
#10855000
1(
#10857000
1%
#10860000
0(
#10864000
0%
#10865000
1(
#10870000
0(
#10871000
1%
#10875000
1(
#10878000
0%
#10880000
0(
#10885000
1(
1%
#10890000
0(
#10892000
0%
#10895000
1(
#10899000
1%
#10900000
0(
#10905000
1(
#10906000
0%
#10910000
0(
#10913000
1%
#10915000
1(
#10920000
0(
0%
#10925000
1(
#10927000
1%
#10930000
0(
#10934000
0%
#10935000
1(
#10940000
0(
#10941000
1%
#10945000
1(
#10948000
0%
#10950000
0(
#10955000
1(
1%
#10960000
0(
#10962000
0%
#10965000
1(
#10969000
1%
#10970000
0(
#10975000
1(
#10976000
0%
#10980000
0(
#10983000
1%
#10985000
1(
#10990000
0(
0%
#10995000
1(
#10997000
1%
#11000000
0(
#11004000
0%
#11005000
1(
#11010000
0(
#11011000
1%
#11015000
1(
#11018000
0%
#11020000
0(
#11025000
1(
1%
#11030000
0(
#11032000
0%
#11035000
1(
#11039000
1%
#11040000
0(
#11045000
1(
#11046000
0%
#11050000
0(
#11053000
1%
#11055000
1(
#11060000
0(
0%
#11065000
1(
#11067000
1%
#11070000
0(
#11074000
0%
#11075000
1(
#11080000
0(
#11081000
1%
#11085000
1(
#11088000
0%
#11090000
0(
#11095000
1(
1%
#11100000
0(
#11102000
0%
#11105000
1(
#11109000
1%
#11110000
0(
#11115000
1(
#11116000
0%
#11120000
0(
#11123000
1%
#11125000
1(
#11130000
0(
0%
#11135000
1(
#11137000
1%
#11140000
0(
#11144000
0%
#11145000
1(
#11150000
0(
#11151000
1%
#11155000
1(
#11158000
0%
#11160000
0(
#11165000
1(
1%
#11170000
0(
#11172000
0%
#11175000
1(
#11179000
1%
#11180000
0(
#11185000
1(
#11186000
0%
#11190000
0(
#11193000
1%
#11195000
1(
#11200000
0(
0%
#11205000
1(
#11207000
1%
#11210000
0(
#11214000
0%
#11215000
1(
#11220000
0(
#11221000
1%
#11225000
1(
#11228000
0%
#11230000
0(
#11235000
1(
1%
#11240000
0(
#11242000
0%
#11245000
1(
#11249000
1%
#11250000
0(
#11255000
1(
#11256000
0%
#11260000
0(
#11263000
1%
#11265000
1(
#11270000
0(
0%
#11275000
1(
#11277000
1%
#11280000
0(
#11284000
0%
#11285000
1(
#11290000
0(
#11291000
1%
#11295000
1(
#11298000
0%
#11300000
0(
#11305000
1(
1%
#11310000
0(
#11312000
0%
#11315000
1(
#11319000
1%
#11320000
0(
#11325000
1(
#11326000
0%
#11330000
0(
#11333000
1%
#11335000
1(
#11340000
0(
0%
#11345000
1(
#11347000
1%
#11350000
0(
#11354000
0%
#11355000
1(
#11360000
0(
#11361000
1%
#11365000
1(
#11368000
0%
#11370000
0(
#11375000
1(
1%
#11380000
0(
#11382000
0%
#11385000
1(
#11389000
1%
#11390000
0(
#11395000
1(
#11396000
0%
#11400000
0(
#11403000
1%
#11405000
1(
#11410000
0(
0%
#11415000
1(
#11417000
1%
#11420000
0(
#11424000
0%
#11425000
1(
#11430000
0(
#11431000
1%
#11435000
1(
#11438000
0%
#11440000
0(
#11445000
1(
1%
#11450000
0(
#11452000
0%
#11455000
1(
#11459000
1%
#11460000
0(
#11465000
1(
#11466000
0%
#11470000
0(
#11473000
1%
#11475000
1(
#11480000
0(
0%
#11485000
1(
#11487000
1%
#11490000
0(
#11494000
0%
#11495000
1(
#11500000
0(
#11501000
1%
#11505000
1(
#11508000
0%
#11510000
0(
#11515000
1(
1%
#11520000
0(
#11522000
0%
#11525000
1(
#11529000
1%
#11530000
0(
#11535000
1(
#11536000
0%
#11540000
0(
#11543000
1%
#11545000
1(
#11550000
0(
0%
#11555000
1(
#11557000
1%
#11560000
0(
#11564000
0%
#11565000
1(
#11570000
0(
#11571000
1%
#11575000
1(
#11578000
0%
#11580000
0(
#11585000
1(
1%
#11590000
0(
#11592000
0%
#11595000
1(
#11599000
1%
#11600000
0(
#11605000
1(
#11606000
0%
#11610000
0(
#11613000
1%
#11615000
1(
#11620000
0(
0%
#11625000
1(
#11627000
1%
#11630000
0(
#11634000
0%
#11635000
1(
#11640000
0(
#11641000
1%
#11645000
1(
#11648000
0%
#11650000
0(
#11655000
1(
1%
#11660000
0(
#11662000
0%
#11665000
1(
#11669000
1%
#11670000
0(
#11675000
1(
#11676000
0%
#11680000
0(
#11683000
1%
#11685000
1(
#11690000
0(
0%
#11695000
1(
#11697000
1%
#11700000
0(
#11704000
0%
#11705000
1(
#11710000
0(
#11711000
1%
#11715000
1(
#11718000
0%
#11720000
0(
#11725000
1(
1%
#11730000
0(
#11732000
0%
#11735000
1(
#11739000
1%
#11740000
0(
#11745000
1(
#11746000
0%
#11750000
0(
#11753000
1%
#11755000
1(
#11760000
0(
0%
#11765000
1(
#11767000
1%
#11770000
0(
#11774000
0%
#11775000
1(
#11780000
0(
#11781000
1%
#11785000
1(
#11788000
0%
#11790000
0(
#11795000
1(
1%
#11800000
0(
#11802000
0%
#11805000
1(
#11809000
1%
#11810000
0(
#11815000
1(
#11816000
0%
#11820000
0(
#11823000
1%
#11825000
1(
#11830000
0(
0%
#11835000
1(
#11837000
1%
#11840000
0(
#11844000
0%
#11845000
1(
#11850000
0(
#11851000
1%
#11855000
1(
#11858000
0%
#11860000
0(
#11865000
1(
1%
#11870000
0(
#11872000
0%
#11875000
1(
#11879000
1%
#11880000
0(
#11885000
1(
#11886000
0%
#11890000
0(
#11893000
1%
#11895000
1(
#11900000
0(
0%
#11905000
1(
#11907000
1%
#11910000
0(
#11914000
0%
#11915000
1(
#11920000
0(
#11921000
1%
#11925000
1(
#11928000
0%
#11930000
0(
#11935000
1(
1%
#11940000
0(
#11942000
0%
#11945000
1(
#11949000
1%
#11950000
0(
#11955000
1(
#11956000
0%
#11960000
0(
#11963000
1%
#11965000
1(
#11970000
0(
0%
#11975000
1(
#11977000
1%
#11980000
0(
#11984000
0%
#11985000
1(
#11990000
0(
#11991000
1%
#11995000
1(
#11998000
0%
#12000000
0(
#12005000
1(
1%
#12010000
0(
#12012000
0%
#12015000
1(
#12019000
1%
#12020000
0(
#12025000
1(
#12026000
0%
#12030000
0(
#12033000
1%
#12035000
1(
#12040000
0(
0%
#12045000
1(
#12047000
1%
#12050000
0(
#12054000
0%
#12055000
1(
#12060000
0(
#12061000
1%
#12065000
1(
#12068000
0%
#12070000
0(
#12075000
1(
1%
#12080000
0(
#12082000
0%
#12085000
1(
#12089000
1%
#12090000
0(
#12095000
1(
#12096000
0%
#12100000
0(
#12103000
1%
#12105000
1(
#12110000
0(
0%
#12115000
1(
#12117000
1%
#12120000
0(
#12124000
0%
#12125000
1(
#12130000
0(
#12131000
1%
#12135000
1(
#12138000
0%
#12140000
0(
#12145000
1(
1%
#12150000
0(
#12152000
0%
#12155000
1(
#12159000
1%
#12160000
0(
#12165000
1(
#12166000
0%
#12170000
0(
#12173000
1%
#12175000
1(
#12180000
0(
0%
#12185000
1(
#12187000
1%
#12190000
0(
#12194000
0%
#12195000
1(
#12200000
0(
#12201000
1%
#12205000
1(
#12208000
0%
#12210000
0(
#12215000
1(
1%
#12220000
0(
#12222000
0%
#12225000
1(
#12229000
1%
#12230000
0(
#12235000
1(
#12236000
0%
#12240000
0(
#12243000
1%
#12245000
1(
#12250000
0(
0%
#12255000
1(
#12257000
1%
#12260000
0(
#12264000
0%
#12265000
1(
#12270000
0(
#12271000
1%
#12275000
1(
#12278000
0%
#12280000
0(
#12285000
1(
1%
#12290000
0(
#12292000
0%
#12295000
1(
#12299000
1%
#12300000
0(
#12305000
1(
#12306000
0%
#12310000
0(
#12313000
1%
#12315000
1(
#12320000
0(
0%
#12325000
1(
#12327000
1%
#12330000
0(
#12334000
0%
#12335000
1(
#12340000
0(
#12341000
1%
#12345000
1(
#12348000
0%
#12350000
0(
#12355000
1(
1%
#12360000
0(
#12362000
0%
#12365000
1(
#12369000
1%
#12370000
0(
#12375000
1(
#12376000
0%
#12380000
0(
#12383000
1%
#12385000
1(
#12390000
0(
0%
#12395000
1(
#12397000
1%
#12400000
0(
#12404000
0%
#12405000
1(
#12410000
0(
#12411000
1%
#12415000
1(
#12418000
0%
#12420000
0(
#12425000
1(
1%
#12430000
0(
#12432000
0%
#12435000
1(
#12439000
1%
#12440000
0(
#12445000
1(
#12446000
0%
#12450000
0(
#12453000
1%
#12455000
1(
#12460000
0(
0%
#12465000
1(
#12467000
1%
#12470000
0(
#12474000
0%
#12475000
1(
#12480000
0(
#12481000
1%
#12485000
1(
#12488000
0%
#12490000
0(
#12495000
1(
1%
#12500000
0(
#12502000
0%
#12505000
1(
#12509000
1%
#12510000
0(
#12515000
1(
#12516000
0%
#12520000
0(
#12523000
1%
#12525000
1(
#12530000
0(
0%
#12535000
1(
#12537000
1%
#12540000
0(
#12544000
0%
#12545000
1(
#12550000
0(
#12551000
1%
#12555000
1(
#12558000
0%
#12560000
0(
#12565000
1(
1%
#12570000
0(
#12572000
0%
#12575000
1(
#12579000
1%
#12580000
0(
#12585000
1(
#12586000
0%
#12590000
0(
#12593000
1%
#12595000
1(
#12600000
0(
0%
#12605000
1(
#12607000
1%
#12610000
0(
#12614000
0%
#12615000
1(
#12620000
0(
#12621000
1%
#12625000
1(
#12628000
0%
#12630000
0(
#12635000
1(
1%
#12640000
0(
#12642000
0%
#12645000
1(
#12649000
1%
#12650000
0(
#12655000
1(
#12656000
0%
#12660000
0(
#12663000
1%
#12665000
1(
#12670000
0(
0%
#12675000
1(
#12677000
1%
#12680000
0(
#12684000
0%
#12685000
1(
#12690000
0(
#12691000
1%
#12695000
1(
#12698000
0%
#12700000
0(
#12705000
1(
1%
#12710000
0(
#12712000
0%
#12715000
1(
#12719000
1%
#12720000
0(
#12725000
1(
#12726000
0%
#12730000
0(
#12733000
1%
#12735000
1(
#12740000
0(
0%
#12745000
1(
#12747000
1%
#12750000
0(
#12754000
0%
#12755000
1(
#12760000
0(
#12761000
1%
#12765000
1(
#12768000
0%
#12770000
0(
#12775000
1(
1%
#12780000
0(
#12782000
0%
#12785000
1(
#12789000
1%
#12790000
0(
#12795000
1(
#12796000
0%
#12800000
0(
#12803000
1%
#12805000
1(
#12810000
0(
0%
#12815000
1(
#12817000
1%
#12820000
0(
#12824000
0%
#12825000
1(
#12830000
0(
#12831000
1%
#12835000
1(
#12838000
0%
#12840000
0(
#12845000
1(
1%
#12850000
0(
#12852000
0%
#12855000
1(
#12859000
1%
#12860000
0(
#12865000
1(
#12866000
0%
#12870000
0(
#12873000
1%
#12875000
1(
#12880000
0(
0%
#12885000
1(
#12887000
1%
#12890000
0(
#12894000
0%
#12895000
1(
#12900000
0(
#12901000
1%
#12905000
1(
#12908000
0%
#12910000
0(
#12915000
1(
1%
#12920000
0(
#12922000
0%
#12925000
1(
#12929000
1%
#12930000
0(
#12935000
1(
#12936000
0%
#12940000
0(
#12943000
1%
#12945000
1(
#12950000
0(
0%
#12955000
1(
#12957000
1%
#12960000
0(
#12964000
0%
#12965000
1(
#12970000
0(
#12971000
1%
#12975000
1(
#12978000
0%
#12980000
0(
#12985000
1(
1%
#12990000
0(
#12992000
0%
#12995000
1(
#12999000
1%
#13000000
0(
#13005000
1(
#13006000
0%
#13010000
0(
#13013000
1%
#13015000
1(
#13020000
0(
0%
#13025000
1(
#13027000
1%
#13030000
0(
#13034000
0%
#13035000
1(
#13040000
0(
#13041000
1%
#13045000
1(
#13048000
0%
#13050000
0(
#13055000
1(
1%
#13060000
0(
#13062000
0%
#13065000
1(
#13069000
1%
#13070000
0(
#13075000
1(
#13076000
0%
#13080000
0(
#13083000
1%
#13085000
1(
#13090000
0(
0%
#13095000
1(
#13097000
1%
#13100000
0(
#13104000
0%
#13105000
1(
#13110000
0(
#13111000
1%
#13115000
1(
#13118000
0%
#13120000
0(
#13125000
1(
1%
#13130000
0(
#13132000
0%
#13135000
1(
#13139000
1%
#13140000
0(
#13145000
1(
#13146000
0%
#13150000
0(
#13153000
1%
#13155000
1(
#13160000
0(
0%
#13165000
1(
#13167000
1%
#13170000
0(
#13174000
0%
#13175000
1(
#13180000
0(
#13181000
1%
#13185000
1(
#13188000
0%
#13190000
0(
#13195000
1(
1%
#13200000
0(
#13202000
0%
#13205000
1(
#13209000
1%
#13210000
0(
#13215000
1(
#13216000
0%
#13220000
0(
#13223000
1%
#13225000
1(
#13230000
0(
0%
#13235000
1(
#13237000
1%
#13240000
0(
#13244000
0%
#13245000
1(
#13250000
0(
#13251000
1%
#13255000
1(
#13258000
0%
#13260000
0(
#13265000
1(
1%
#13270000
0(
#13272000
0%
#13275000
1(
#13279000
1%
#13280000
0(
#13285000
1(
#13286000
0%
#13290000
0(
#13293000
1%
#13295000
1(
#13300000
0(
0%
#13305000
1(
#13307000
1%
#13310000
0(
#13314000
0%
#13315000
1(
#13320000
0(
#13321000
1%
#13325000
1(
#13328000
0%
#13330000
0(
#13335000
1(
1%
#13340000
0(
#13342000
0%
#13345000
1(
#13349000
1%
#13350000
0(
#13355000
1(
#13356000
0%
#13360000
0(
#13363000
1%
#13365000
1(
#13370000
0(
0%
#13375000
1(
#13377000
1%
#13380000
0(
#13384000
0%
#13385000
1(
#13390000
0(
#13391000
1%
#13395000
1(
#13398000
0%
#13400000
0(
#13405000
1(
1%
#13410000
0(
#13412000
0%
#13415000
1(
#13419000
1%
#13420000
0(
#13425000
1(
#13426000
0%
#13430000
0(
#13433000
1%
#13435000
1(
#13440000
0(
0%
#13445000
1(
#13447000
1%
#13450000
0(
#13454000
0%
#13455000
1(
#13460000
0(
#13461000
1%
#13465000
1(
#13468000
0%
#13470000
0(
#13475000
1(
1%
#13480000
0(
#13482000
0%
#13485000
1(
#13489000
1%
#13490000
0(
#13495000
1(
#13496000
0%
#13500000
0(
#13503000
1%
#13505000
1(
#13510000
0(
0%
#13515000
1(
#13517000
1%
#13520000
0(
#13524000
0%
#13525000
1(
#13530000
0(
#13531000
1%
#13535000
1(
#13538000
0%
#13540000
0(
#13545000
1(
1%
#13550000
0(
#13552000
0%
#13555000
1(
#13559000
1%
#13560000
0(
#13565000
1(
#13566000
0%
#13570000
0(
#13573000
1%
#13575000
1(
#13580000
0(
0%
#13585000
1(
#13587000
1%
#13590000
0(
#13594000
0%
#13595000
1(
#13600000
0(
#13601000
1%
#13605000
1(
#13608000
0%
#13610000
0(
#13615000
1(
1%
#13620000
0(
#13622000
0%
#13625000
1(
#13629000
1%
#13630000
0(
#13635000
1(
#13636000
0%
#13640000
0(
#13643000
1%
#13645000
1(
#13650000
0(
0%
#13655000
1(
#13657000
1%
#13660000
0(
#13664000
0%
#13665000
1(
#13670000
0(
#13671000
1%
#13675000
1(
#13678000
0%
#13680000
0(
#13685000
1(
1%
#13690000
0(
#13692000
0%
#13695000
1(
#13699000
1%
#13700000
0(
#13705000
1(
#13706000
0%
#13710000
0(
#13713000
1%
#13715000
1(
#13720000
0(
0%
#13725000
1(
#13727000
1%
#13730000
0(
#13734000
0%
#13735000
1(
#13740000
0(
#13741000
1%
#13745000
1(
#13748000
0%
#13750000
0(
#13755000
1(
1%
#13760000
0(
#13762000
0%
#13765000
1(
#13769000
1%
#13770000
0(
#13775000
1(
#13776000
0%
#13780000
0(
#13783000
1%
#13785000
1(
#13790000
0(
0%
#13795000
1(
#13797000
1%
#13800000
0(
#13804000
0%
#13805000
1(
#13810000
0(
#13811000
1%
#13815000
1(
#13818000
0%
#13820000
0(
#13825000
1(
1%
#13830000
0(
#13832000
0%
#13835000
1(
#13839000
1%
#13840000
0(
#13845000
1(
#13846000
0%
#13850000
0(
#13853000
1%
#13855000
1(
#13860000
0(
0%
#13865000
1(
#13867000
1%
#13870000
0(
#13874000
0%
#13875000
1(
#13880000
0(
#13881000
1%
#13885000
1(
#13888000
0%
#13890000
0(
#13895000
1(
1%
#13900000
0(
#13902000
0%
#13905000
1(
#13909000
1%
#13910000
0(
#13915000
1(
#13916000
0%
#13920000
0(
#13923000
1%
#13925000
1(
#13930000
0(
0%
#13935000
1(
#13937000
1%
#13940000
0(
#13944000
0%
#13945000
1(
#13950000
0(
#13951000
1%
#13955000
1(
#13958000
0%
#13960000
0(
#13965000
1(
1%
#13970000
0(
#13972000
0%
#13975000
1(
#13979000
1%
#13980000
0(
#13985000
1(
#13986000
0%
#13990000
0(
#13993000
1%
#13995000
1(
#14000000
0(
0%
#14005000
1(
#14007000
1%
#14010000
0(
#14014000
0%
#14015000
1(
#14020000
0(
#14021000
1%
#14025000
1(
#14028000
0%
#14030000
0(
#14035000
1(
1%
#14040000
0(
#14042000
0%
#14045000
1(
#14049000
1%
#14050000
0(
#14055000
1(
#14056000
0%
#14060000
0(
#14063000
1%
#14065000
1(
#14070000
0(
0%
#14075000
1(
#14077000
1%
#14080000
0(
#14084000
0%
#14085000
1(
#14090000
0(
#14091000
1%
#14095000
1(
#14098000
0%
#14100000
0(
#14105000
1(
1%
#14110000
0(
#14112000
0%
#14115000
1(
#14119000
1%
#14120000
0(
#14125000
1(
#14126000
0%
#14130000
0(
#14133000
1%
#14135000
1(
#14140000
0(
0%
#14145000
1(
#14147000
1%
#14150000
0(
#14154000
0%
#14155000
1(
#14160000
0(
#14161000
1%
#14165000
1(
#14168000
0%
#14170000
0(
#14175000
1(
1%
#14180000
0(
#14182000
0%
#14185000
1(
#14189000
1%
#14190000
0(
#14195000
1(
#14196000
0%
#14200000
0(
#14203000
1%
#14205000
1(
#14210000
0(
0%
#14215000
1(
#14217000
1%
#14220000
0(
#14224000
0%
#14225000
1(
#14230000
0(
#14231000
1%
#14235000
1(
#14238000
0%
#14240000
0(
#14245000
1(
1%
#14250000
0(
#14252000
0%
#14255000
1(
#14259000
1%
#14260000
0(
#14265000
1(
#14266000
0%
#14270000
0(
#14273000
1%
#14275000
1(
#14280000
0(
0%
#14285000
1(
#14287000
1%
#14290000
0(
#14294000
0%
#14295000
1(
#14300000
0(
#14301000
1%
#14305000
1(
#14308000
0%
#14310000
0(
#14315000
1(
1%
#14320000
0(
#14322000
0%
#14325000
1(
#14329000
1%
#14330000
0(
#14335000
1(
#14336000
0%
#14340000
0(
#14343000
1%
#14345000
1(
#14350000
0(
0%
#14355000
1(
#14357000
1%
#14360000
0(
#14364000
0%
#14365000
1(
#14370000
0(
#14371000
1%
#14375000
1(
#14378000
0%
#14380000
0(
#14385000
1(
1%
#14390000
0(
#14392000
0%
#14395000
1(
#14399000
1%
#14400000
0(
#14405000
1(
#14406000
0%
#14410000
0(
#14413000
1%
#14415000
1(
#14420000
0(
0%
#14425000
1(
#14427000
1%
#14430000
0(
#14434000
0%
#14435000
1(
#14440000
0(
#14441000
1%
#14445000
1(
#14448000
0%
#14450000
0(
#14455000
1(
1%
#14460000
0(
#14462000
0%
#14465000
1(
#14469000
1%
#14470000
0(
#14475000
1(
#14476000
0%
#14480000
0(
#14483000
1%
#14485000
1(
#14490000
0(
0%
#14495000
1(
#14497000
1%
#14500000
0(
#14504000
0%
#14505000
1(
#14510000
0(
#14511000
1%
#14515000
1(
#14518000
0%
#14520000
0(
#14525000
1(
1%
#14530000
0(
#14532000
0%
#14535000
1(
#14539000
1%
#14540000
0(
#14545000
1(
#14546000
0%
#14550000
0(
#14553000
1%
#14555000
1(
#14560000
0(
0%
#14565000
1(
#14567000
1%
#14570000
0(
#14574000
0%
#14575000
1(
#14580000
0(
#14581000
1%
#14585000
1(
#14588000
0%
#14590000
0(
#14595000
1(
1%
#14600000
0(
#14602000
0%
#14605000
1(
#14609000
1%
#14610000
0(
#14615000
1(
#14616000
0%
#14620000
0(
#14623000
1%
#14625000
1(
#14630000
0(
0%
#14635000
1(
#14637000
1%
#14640000
0(
#14644000
0%
#14645000
1(
#14650000
0(
#14651000
1%
#14655000
1(
#14658000
0%
#14660000
0(
#14665000
1(
1%
#14670000
0(
#14672000
0%
#14675000
1(
#14679000
1%
#14680000
0(
#14685000
1(
#14686000
0%
#14690000
0(
#14693000
1%
#14695000
1(
#14700000
0(
0%
#14705000
1(
#14707000
1%
#14710000
0(
#14714000
0%
#14715000
1(
#14720000
0(
#14721000
1%
#14725000
1(
#14728000
0%
#14730000
0(
#14735000
1(
1%
#14740000
0(
#14742000
0%
#14745000
1(
#14749000
1%
#14750000
0(
#14755000
1(
#14756000
0%
#14760000
0(
#14763000
1%
#14765000
1(
#14770000
0(
0%
#14775000
1(
#14777000
1%
#14780000
0(
#14784000
0%
#14785000
1(
#14790000
0(
#14791000
1%
#14795000
1(
#14798000
0%
#14800000
0(
#14805000
1(
1%
#14810000
0(
#14812000
0%
#14815000
1(
#14819000
1%
#14820000
0(
#14825000
1(
#14826000
0%
#14830000
0(
#14833000
1%
#14835000
1(
#14840000
0(
0%
#14845000
1(
#14847000
1%
#14850000
0(
#14854000
0%
#14855000
1(
#14860000
0(
#14861000
1%
#14865000
1(
#14868000
0%
#14870000
0(
#14875000
1(
1%
#14880000
0(
#14882000
0%
#14885000
1(
#14889000
1%
#14890000
0(
#14895000
1(
#14896000
0%
#14900000
0(
#14903000
1%
#14905000
1(
#14910000
0(
0%
#14915000
1(
#14917000
1%
#14920000
0(
#14924000
0%
#14925000
1(
#14930000
0(
#14931000
1%
#14935000
1(
#14938000
0%
#14940000
0(
#14945000
1(
1%
#14950000
0(
#14952000
0%
#14955000
1(
#14959000
1%
#14960000
0(
#14965000
1(
#14966000
0%
#14970000
0(
#14973000
1%
#14975000
1(
#14980000
0(
0%
#14985000
1(
#14987000
1%
#14990000
0(
#14994000
0%
#14995000
1(
#15000000
0(
#15001000
1%
#15005000
1(
#15008000
0%
#15010000
0(
#15015000
1(
1%
#15020000
0(
#15022000
0%
#15025000
1(
#15029000
1%
#15030000
0(
#15035000
1(
#15036000
0%
#15040000
0(
#15043000
1%
#15045000
1(
#15050000
0(
0%
#15055000
1(
#15057000
1%
#15060000
0(
#15064000
0%
#15065000
1(
#15070000
0(
#15071000
1%
#15075000
1(
#15078000
0%
#15080000
0(
#15085000
1(
1%
#15090000
0(
#15092000
0%
#15095000
1(
#15099000
1%
#15100000
0(
#15105000
1(
#15106000
0%
#15110000
0(
#15113000
1%
#15115000
1(
#15120000
0(
0%
#15125000
1(
#15127000
1%
#15130000
0(
#15134000
0%
#15135000
1(
#15140000
0(
#15141000
1%
#15145000
1(
#15148000
0%
#15150000
0(
#15155000
1(
1%
#15160000
0(
#15162000
0%
#15165000
1(
#15169000
1%
#15170000
0(
#15175000
1(
#15176000
0%
#15180000
0(
#15183000
1%
#15185000
1(
#15190000
0(
0%
#15195000
1(
#15197000
1%
#15200000
0(
#15204000
0%
#15205000
1(
#15210000
0(
#15211000
1%
#15215000
1(
#15218000
0%
#15220000
0(
#15225000
1(
1%
#15230000
0(
#15232000
0&
0%
#15235000
1(
#15239000
1%
#15240000
0(
#15245000
1(
#15246000
0%
#15250000
0(
#15253000
1%
#15255000
1(
#15260000
0(
0%
#15265000
1(
#15267000
1%
#15270000
0(
#15274000
0%
#15275000
1(
#15280000
0(
#15281000
1%
#15285000
1(
#15288000
0%
#15290000
0(
#15295000
1(
1%
#15300000
0(
#15302000
0%
#15305000
1(
#15309000
1%
#15310000
0(
#15315000
1(
#15316000
0%
#15320000
0(
#15323000
1%
#15325000
1(
#15330000
0(
0%
#15335000
1(
#15337000
1%
#15340000
0(
#15344000
0%
#15345000
1(
#15350000
0(
#15351000
1%
#15355000
1(
#15358000
0%
#15360000
0(
#15365000
1#
b0 4
b0 ?
b11111111111111111111111111111111 @
b0 3
b0 B
b0 2
b0 D
b11111111111111111111111111111111 E
b11010001 !
b11010001 0
b0 5
b0 =
b0 8
b0 >
b0 7
b0 9
b0 A
b0 ;
b0 C
b0 :
b0 6
b0 <
0'
b0 )
b0 1
1(
1%
#15370000
0(
#15372000
0%
#15375000
1(
#15379000
1%
#15380000
0(
#15385000
1(
#15386000
0%
#15390000
0(
#15393000
1%
#15395000
1(
#15400000
0(
0%
#15405000
1(
#15407000
1%
#15410000
0(
#15414000
0%
#15415000
1(
#15420000
0(
#15421000
1%
#15425000
1(
#15428000
0%
#15430000
0(
#15435000
1(
1%
#15440000
0(
#15442000
0%
#15445000
1(
#15449000
1%
#15450000
1'
0(
#15455000
1(
#15456000
0%
#15460000
0(
#15463000
1%
#15465000
1(
#15470000
1&
0(
0%
#15475000
1(
#15477000
1%
#15480000
0(
#15484000
0%
#15485000
1(
#15490000
b11100010 )
b11100010 1
1*
0(
#15491000
1%
#15495000
b1 3
b1 B
b11100010 !
b11100010 0
b1 9
b1 A
b10010010 /
1(
#15498000
0%
#15500000
0*
0(
#15505000
b1 :
1(
1%
#15510000
0(
#15512000
0%
#15515000
1(
#15519000
0#
b1 2
b1 D
b11111111111111111111111111111111 E
b1 ;
b1 C
1%
#15520000
b100100 )
b100100 1
1*
0(
#15525000
b11 3
b11 B
b10 9
b10 A
b10010011 /
1(
#15526000
0%
#15530000
0*
0(
#15533000
1#
b100100 !
b100100 0
b1 5
b1 =
b1 6
b1 <
b11 :
b10010010 -
b11100010 F
1%
#15535000
b1 7
1(
#15540000
0(
0%
#15545000
b1 4
b1 ?
b11111111111111111111111111111111 @
b1 8
b1 >
1(
#15547000
0#
b10 2
b10 D
b11111111111111111111111111111111 E
b11 ;
b11 C
1%
#15550000
b10000110 )
b10000110 1
1*
0(
#15554000
0%
#15555000
b10 3
b10 B
b11 9
b11 A
b10010100 /
1(
#15560000
0*
0(
#15561000
1#
b10000110 !
b10000110 0
b11 5
b11 =
b10 6
b10 <
b10 :
b10010011 -
b100100 F
1%
#15565000
b11 7
1(
#15568000
0%
#15570000
b11000100 )
b11000100 1
1*
0(
#15575000
0#
b110 3
b110 B
b10 4
b10 ?
b11111111111111111111111111111111 @
b11 2
b11 D
b11111111111111111111111111111111 E
b100 9
b100 A
b11 8
b11 >
b10 ;
b10 C
b10010101 /
1(
1%
#15580000
b11000110 )
b11000110 1
0(
#15582000
0%
#15585000
b111 3
b111 B
b101 9
b101 A
b10010110 /
1(
#15589000
1#
b11000100 !
b11000100 0
b10 5
b10 =
b11 6
b11 <
b111 :
b10010100 -
b10000110 F
1%
#15590000
b11001111 )
b11001111 1
0(
#15595000
b101 3
b101 B
b110 9
b110 A
b10 7
b10010111 /
1(
#15596000
0%
#15600000
b10000110 )
b10000110 1
0(
#15603000
0#
b101 2
b101 D
b11111111111111111111111111111111 E
b111 ;
b111 C
b101 :
1%
#15605000
b100 3
b100 B
b11 4
b11 ?
b11111111111111111111111111111111 @
b111 9
b111 A
b10 8
b10 >
b10011000 /
1(
#15610000
0*
0(
0%
#15615000
1(
#15617000
b11000110 !
b11000110 0
b110 5
b110 =
b110 2
b110 D
b11111111111111111111111111111111 E
b100 6
b100 <
b101 ;
b101 C
b100 :
b10010101 -
b11000100 F
1%
#15620000
0(
#15624000
0%
#15625000
b110 7
1(
#15630000
0(
#15631000
b11001111 !
b11001111 0
b111 5
b111 =
b111 2
b111 D
b11111111111111111111111111111111 E
b101 6
b101 <
b100 ;
b100 C
b10010110 -
b11000110 F
1%
#15635000
b100 4
b100 ?
b11111111111111111111111111111111 @
b110 8
b110 >
b111 7
1(
#15638000
0%
#15640000
0(
#15645000
b101 4
b101 ?
b11111111111111111111111111111111 @
b10000110 !
b10000110 0
b101 5
b101 =
b111 8
b111 >
b110 6
b110 <
b10010111 -
b11001111 F
1(
1%
#15650000
0(
#15652000
0%
#15655000
b101 7
1(
#15659000
1#
b110 !
b110 0
b100 5
b100 =
b111 6
b111 <
b10011000 -
b10000110 F
1%
#15660000
0(
#15665000
b110 4
b110 ?
b11111111111111111111111111111111 @
b101 8
b101 >
b100 7
1(
#15666000
0&
0%
#15670000
b11101010 )
b11101010 1
1*
0(
#15673000
1%
#15675000
b1100 3
b1100 B
b111 4
b111 ?
b11111111111111111111111111111111 @
b11101010 !
b11101010 0
b1000 9
b1000 A
b100 8
b100 >
b10011001 /
1(
#15680000
0*
1&
0(
0%
#15685000
1(
#15687000
b1100 :
1%
#15690000
0(
#15694000
0%
#15695000
1(
#15700000
0(
#15701000
0#
b1000 2
b1000 D
b11111111111111111111111111111111 E
b1100 ;
b1100 C
1%
#15705000
1(
#15708000
0%
#15710000
b11101100 )
b11101100 1
1*
0(
#15715000
1#
b1101 3
b1101 B
b11101100 !
b11101100 0
b1100 5
b1100 =
b1001 9
b1001 A
b1000 6
b1000 <
b10011010 /
b10011001 -
b11101010 F
1(
1%
#15720000
0*
0(
#15722000
0%
#15725000
b1100 7
1(
#15729000
b1101 :
1%
#15730000
b1100111 )
b1100111 1
1*
0(
#15735000
b1111 3
b1111 B
b1000 4
b1000 ?
b11111111111111111111111111111111 @
b1010 9
b1010 A
b1100 8
b1100 >
b10011011 /
1(
#15736000
0%
#15740000
0*
0(
#15743000
0#
b1001 2
b1001 D
b11111111111111111111111111111111 E
b1101 ;
b1101 C
b1111 :
1%
#15745000
1(
#15750000
0(
0%
#15755000
1(
#15757000
b1100111 !
b1100111 0
b1101 5
b1101 =
b1010 2
b1010 D
b11111111111111111111111111111111 E
b1001 6
b1001 <
b1111 ;
b1111 C
b10011010 -
b11101100 F
1%
#15760000
0(
#15764000
0%
#15765000
b1101 7
1(
#15770000
b1000001 )
b1000001 1
1*
0(
#15771000
1#
b10001101 !
b10001101 0
b1111 5
b1111 =
b1010 6
b1010 <
b10011011 -
b1100111 F
1%
#15775000
b1110 3
b1110 B
b1001 4
b1001 ?
b11111111111111111111111111111111 @
b1000001 !
b1000001 0
b1011 9
b1011 A
b1101 8
b1101 >
b1111 7
b10011100 /
1(
#15778000
0%
#15780000
0*
0(
#15785000
b1010 4
b1010 ?
b11111111111111111111111111111111 @
b1111 8
b1111 >
b1110 :
1(
1%
#15790000
b11000000 )
b11000000 1
1*
0(
#15792000
0%
#15795000
b1010 3
b1010 B
b1100 9
b1100 A
b10011101 /
1(
#15799000
0#
b1011 2
b1011 D
b11111111111111111111111111111111 E
b1110 ;
b1110 C
b1010 :
1%
#15800000
0*
0(
#15805000
1(
#15806000
0%
#15810000
b11010010 )
b11010010 1
1*
0(
#15813000
b11000000 !
b11000000 0
b1110 5
b1110 =
b1100 2
b1100 D
b11111111111111111111111111111111 E
b1011 6
b1011 <
b1010 ;
b1010 C
b10011100 -
b1000001 F
1%
#15815000
b1011 3
b1011 B
b1101 9
b1101 A
b1110 7
b10011110 /
1(
#15820000
0*
0(
0%
#15825000
b1011 4
b1011 ?
b11111111111111111111111111111111 @
b1110 8
b1110 >
1(
#15827000
1#
b11010010 !
b11010010 0
b1010 5
b1010 =
b1100 6
b1100 <
b1011 :
b10011101 -
b11000000 F
1%
#15830000
0(
#15834000
0%
#15835000
b1010 7
1(
#15840000
0(
#15841000
0#
b1101 2
b1101 D
b11111111111111111111111111111111 E
b1011 ;
b1011 C
1%
#15845000
b1100 4
b1100 ?
b11111111111111111111111111111111 @
b1010 8
b1010 >
1(
#15848000
0&
0%
#15850000
b11101111 )
b11101111 1
1*
0(
#15855000
b1001 3
b1001 B
b1110 9
b1110 A
b10011111 /
1(
1%
#15860000
b1000 )
b1000 1
0(
#15862000
1&
0%
#15865000
b1000 3
b1000 B
b1111 9
b1111 A
b10100000 /
1(
#15869000
1#
b11101111 !
b11101111 0
b1011 5
b1011 =
b1101 6
b1101 <
b1000 :
b10011110 -
b11010010 F
1%
#15870000
0*
0(
#15875000
b1011 7
1(
#15876000
0&
0%
#15880000
0(
#15883000
0#
b1111 2
b1111 D
b11111111111111111111111111111111 E
b1000 ;
b1000 C
1%
#15885000
b1101 4
b1101 ?
b11111111111111111111111111111111 @
b1011 8
b1011 >
1(
#15890000
b11110100 )
b11110100 1
1*
0(
0%
#15895000
b11000 3
b11000 B
b10000 9
b10000 A
b10100001 /
1(
#15897000
b11000 :
1%
#15900000
0*
0(
#15904000
1&
0%
#15905000
1(
#15910000
b11100 )
b11100 1
1*
0(
#15911000
b1000 !
b1000 0
b1001 5
b1001 =
b11111111111111111111111111111111 E
b10000 2
b10000 D
b1110 6
b1110 <
b11000 ;
b11000 C
b10011111 -
b11101111 F
1%
#15915000
b11001 3
b11001 B
b10001 9
b10001 A
b1001 7
b10100010 /
1(
#15918000
0%
#15920000
0*
0(
#15925000
b1110 4
b1110 ?
b11111111111111111111111111111111 @
b11110100 !
b11110100 0
b1000 5
b1000 =
b1001 8
b1001 >
b1111 6
b1111 <
b11001 :
b10100000 -
b1000 F
1(
1%
#15930000
0(
#15932000
0%
#15935000
b1000 7
1(
#15939000
b11100 !
b11100 0
b11000 5
b11000 =
b10001 2
b10001 D
b11111111111111111111111111111111 E
b10000 6
b10000 <
b11001 ;
b11001 C
b10100001 -
b11110100 F
1%
#15940000
0(
#15945000
b1111 4
b1111 ?
b11111111111111111111111111111111 @
b1000 8
b1000 >
b11000 7
1(
#15946000
0%
#15950000
0(
#15953000
1#
b100100 !
b100100 0
b11001 5
b11001 =
b10001 6
b10001 <
b10100010 -
b11100 F
1%
#15955000
b11111111111111111111111111111111 @
b10000 4
b10000 ?
b11000 8
b11000 >
b11001 7
1(
#15960000
0(
0%
#15965000
b10001 4
b10001 ?
b11111111111111111111111111111111 @
b11001 8
b11001 >
1(
#15967000
1%
#15970000
b11000 )
b11000 1
1*
0(
#15974000
0%
#15975000
b11011 3
b11011 B
b11000 !
b11000 0
b10010 9
b10010 A
b10100011 /
1(
#15980000
0*
0(
#15981000
b11011 :
1%
#15985000
1(
#15988000
0%
#15990000
b11101011 )
b11101011 1
1*
0(
#15995000
0#
b11010 3
b11010 B
b10010 2
b10010 D
b11111111111111111111111111111111 E
b10011 9
b10011 A
b11011 ;
b11011 C
b10100100 /
1(
1%
#16000000
0*
0(
#16002000
0%
#16005000
1(
#16009000
1#
b11101011 !
b11101011 0
b11011 5
b11011 =
b10010 6
b10010 <
b11010 :
b10100011 -
b11000 F
1%
#16010000
b1110100 )
b1110100 1
1*
0(
#16015000
b11110 3
b11110 B
b10100 9
b10100 A
b11011 7
b10100101 /
1(
#16016000
0%
#16020000
0*
0(
#16023000
0#
b10011 2
b10011 D
b11111111111111111111111111111111 E
b11010 ;
b11010 C
b11110 :
1%
#16025000
b10010 4
b10010 ?
b11111111111111111111111111111111 @
b11011 8
b11011 >
1(
#16030000
b1101 )
b1101 1
1*
0(
0%
#16035000
b11111 3
b11111 B
b10101 9
b10101 A
b10100110 /
1(
#16037000
b1110100 !
b1110100 0
b11010 5
b11010 =
b10100 2
b10100 D
b11111111111111111111111111111111 E
b10011 6
b10011 <
b11110 ;
b11110 C
b11111 :
b10100100 -
b11101011 F
1%
#16040000
b11101011 )
b11101011 1
0(
#16044000
0%
#16045000
b11101 3
b11101 B
b10110 9
b10110 A
b11010 7
b10100111 /
1(
#16050000
0*
0(
#16051000
b1101 !
b1101 0
b11110 5
b11110 =
b10101 2
b10101 D
b11111111111111111111111111111111 E
b10100 6
b10100 <
b11111 ;
b11111 C
b11101 :
b10100101 -
b1110100 F
1%
#16055000
b10011 4
b10011 ?
b11111111111111111111111111111111 @
b11010 8
b11010 >
b11110 7
1(
#16058000
0%
#16060000
b11001 )
b11001 1
1*
0(
#16065000
b11100 3
b11100 B
b10100 4
b10100 ?
b11111111111111111111111111111111 @
b11101011 !
b11101011 0
b11111 5
b11111 =
b10110 2
b10110 D
b11111111111111111111111111111111 E
b10111 9
b10111 A
b11110 8
b11110 >
b10101 6
b10101 <
b11101 ;
b11101 C
b10101000 /
b10100110 -
b1101 F
1(
1%
#16070000
0*
0(
#16072000
0%
#16075000
b11111 7
1(
#16079000
1#
b11001 !
b11001 0
b11101 5
b11101 =
b10110 6
b10110 <
b11100 :
b10100111 -
b11101011 F
1%
#16080000
0(
#16085000
b10101 4
b10101 ?
b11111111111111111111111111111111 @
b11111 8
b11111 >
b11101 7
1(
#16086000
0%
#16090000
0(
#16093000
0#
b10111 2
b10111 D
b11111111111111111111111111111111 E
b11100 ;
b11100 C
1%
#16095000
b10110 4
b10110 ?
b11111111111111111111111111111111 @
b11101 8
b11101 >
1(
#16100000
b1100001 )
b1100001 1
1*
0(
0%
#16105000
b10100 3
b10100 B
b11000 9
b11000 A
b10101001 /
1(
#16107000
1#
b1100001 !
b1100001 0
b11100 5
b11100 =
b10111 6
b10111 <
b10100 :
b10101000 -
b11001 F
1%
#16110000
0*
0(
#16114000
0%
#16115000
b11100 7
1(
#16120000
0(
#16121000
0#
b11000 2
b11000 D
b11111111111111111111111111111111 E
b10100 ;
b10100 C
1%
#16125000
b10111 4
b10111 ?
b11111111111111111111111111111111 @
b11100 8
b11100 >
1(
#16128000
0%
#16130000
0(
#16135000
1#
b11101100 !
b11101100 0
b10100 5
b10100 =
b11000 6
b11000 <
b10101001 -
b1100001 F
1(
1%
#16140000
b10 )
b10 1
1*
0(
#16142000
0%
#16145000
b10101 3
b10101 B
b10 !
b10 0
b11001 9
b11001 A
b10100 7
b10101010 /
1(
#16149000
b10101 :
1%
#16150000
0*
0(
#16155000
b11000 4
b11000 ?
b11111111111111111111111111111111 @
b10100 8
b10100 >
1(
#16156000
0&
0%
#16160000
b11010100 )
b11010100 1
1*
0(
#16163000
0#
b11001 2
b11001 D
b11111111111111111111111111111111 E
b10101 ;
b10101 C
1%
#16165000
b10111 3
b10111 B
b11010 9
b11010 A
b10101011 /
1(
#16170000
0*
1&
0(
0%
#16175000
1(
#16177000
1#
b11010100 !
b11010100 0
b10101 5
b10101 =
b11001 6
b11001 <
b10111 :
b10101010 -
b10 F
1%
#16180000
b1010111 )
b1010111 1
1*
0(
#16184000
0%
#16185000
b10110 3
b10110 B
b11011 9
b11011 A
b10101 7
b10101100 /
1(
#16190000
0*
0(
#16191000
0#
b11010 2
b11010 D
b11111111111111111111111111111111 E
b10111 ;
b10111 C
b10110 :
1%
#16195000
b11001 4
b11001 ?
b11111111111111111111111111111111 @
b10101 8
b10101 >
1(
#16198000
0%
#16200000
b11100000 )
b11100000 1
1*
0(
#16205000
b10010 3
b10010 B
b1010111 !
b1010111 0
b10111 5
b10111 =
b11011 2
b11011 D
b11111111111111111111111111111111 E
b11100 9
b11100 A
b11010 6
b11010 <
b10110 ;
b10110 C
b10101101 /
b10101011 -
b11010100 F
1(
1%
#16210000
0*
0(
#16212000
0%
#16215000
b10111 7
1(
#16219000
1#
b11100000 !
b11100000 0
b10110 5
b10110 =
b11011 6
b11011 <
b10010 :
b10101100 -
b1010111 F
1%
#16220000
0(
#16225000
b11010 4
b11010 ?
b11111111111111111111111111111111 @
b10111 8
b10111 >
b10110 7
1(
#16226000
0%
#16230000
0(
#16233000
0#
b11100 2
b11100 D
b11111111111111111111111111111111 E
b10010 ;
b10010 C
1%
#16235000
b11011 4
b11011 ?
b11111111111111111111111111111111 @
b10110 8
b10110 >
1(
#16240000
0(
0%
#16245000
1(
#16247000
1#
b11010010 !
b11010010 0
b10010 5
b10010 =
b11100 6
b11100 <
b10101101 -
b11100000 F
1%
#16250000
b1100101 )
b1100101 1
1*
0(
#16254000
0%
#16255000
b10011 3
b10011 B
b1100101 !
b1100101 0
b11101 9
b11101 A
b10010 7
b10101110 /
1(
#16260000
0*
0(
#16261000
b10011 :
1%
#16265000
b11100 4
b11100 ?
b11111111111111111111111111111111 @
b10010 8
b10010 >
1(
#16268000
0%
#16270000
0(
#16275000
0#
b11101 2
b11101 D
b11111111111111111111111111111111 E
b10011 ;
b10011 C
1(
1%
#16280000
0(
#16282000
0%
#16285000
1(
#16289000
1#
b11101111 !
b11101111 0
b10011 5
b10011 =
b11101 6
b11101 <
b10101110 -
b1100101 F
1%
#16290000
0(
#16295000
b10011 7
1(
#16296000
0%
#16300000
0(
#16303000
1%
#16305000
b11101 4
b11101 ?
b11111111111111111111111111111111 @
b10011 8
b10011 >
1(
#16310000
0(
0%
#16315000
1(
#16317000
1%
#16320000
0(
#16324000
0%
#16325000
1(
#16330000
b10010100 )
b10010100 1
1*
0(
#16331000
1%
#16335000
b10001 3
b10001 B
b10010100 !
b10010100 0
b11110 9
b11110 A
b10101111 /
1(
#16338000
0%
#16340000
b11110011 )
b11110011 1
0(
#16345000
b10000 3
b10000 B
b11111 9
b11111 A
b10001 :
b10110000 /
1(
1%
#16350000
0*
0(
#16352000
0%
#16355000
1(
#16359000
0#
b11110 2
b11110 D
b11111111111111111111111111111111 E
b10001 ;
b10001 C
b10000 :
1%
#16360000
b10010110 )
b10010110 1
1*
0(
#16365000
b0 3
b0 B
b0 9
b0 A
b10110001 /
1(
#16366000
0&
0%
#16370000
0*
0(
#16373000
b11111 2
b11111 D
b11111111111111111111111111111111 E
b10000 ;
b10000 C
b0 :
1%
#16375000
1(
#16380000
1&
0(
0%
#16385000
1(
#16387000
b11110011 !
b11110011 0
b10001 5
b10001 =
b11111111111111111111111111111111 E
b0 2
b0 D
b11110 6
b11110 <
b0 ;
b0 C
b10101111 -
b10010100 F
1%
#16390000
0(
#16394000
0%
#16395000
b10001 7
1(
#16400000
0(
#16401000
b10010110 !
b10010110 0
b10000 5
b10000 =
b11111 6
b11111 <
b10110000 -
b11110011 F
1%
#16405000
b11110 4
b11110 ?
b11111111111111111111111111111111 @
b10001 8
b10001 >
b10000 7
1(
#16408000
0%
#16410000
b11 )
b11 1
1*
0(
#16415000
1#
b1 3
b1 B
b11111 4
b11111 ?
b11111111111111111111111111111111 @
b11 !
b11 0
b0 5
b0 =
b1 9
b1 A
b10000 8
b10000 >
b0 6
b0 <
b10110010 /
b10110001 -
b10010110 F
1(
1%
#16420000
b11101101 )
b11101101 1
0(
#16422000
0%
#16425000
b11 3
b11 B
b10 9
b10 A
b0 7
b10110011 /
1(
#16429000
b11 :
1%
#16430000
0*
0(
#16435000
b11111111111111111111111111111111 @
b0 4
b0 ?
b0 8
b0 >
1(
#16436000
0%
#16440000
b111111 )
b111111 1
1*
0(
#16443000
0#
b10 2
b10 D
b11111111111111111111111111111111 E
b11 ;
b11 C
1%
#16445000
b10 3
b10 B
b11 9
b11 A
b10110100 /
1(
#16450000
0*
0(
0%
#16455000
1(
#16457000
b11101101 !
b11101101 0
b1 5
b1 =
b1 6
b1 <
b10 :
b10110010 -
b11 F
1%
#16460000
0(
#16464000
0%
#16465000
b1 7
1(
#16470000
0(
#16471000
b111111 !
b111111 0
b11 5
b11 =
b11 2
b11 D
b11111111111111111111111111111111 E
b10 6
b10 <
b10 ;
b10 C
b10110011 -
b11101101 F
1%
#16475000
b1 4
b1 ?
b11111111111111111111111111111111 @
b1 8
b1 >
b11 7
1(
#16478000
0%
#16480000
b10111 )
b10111 1
1*
0(
#16485000
1#
b110 3
b110 B
b10 4
b10 ?
b11111111111111111111111111111111 @
b10111 !
b10111 0
b10 5
b10 =
b100 9
b100 A
b11 8
b11 >
b11 6
b11 <
b10110101 /
b10110100 -
b111111 F
1(
1%
#16490000
0*
0(
#16492000
0%
#16495000
b10 7
1(
#16499000
b110 :
1%
#16500000
b11010111 )
b11010111 1
1*
0(
#16505000
b111 3
b111 B
b11 4
b11 ?
b11111111111111111111111111111111 @
b101 9
b101 A
b10 8
b10 >
b10110110 /
1(
#16506000
0&
0%
#16510000
b11001100 )
b11001100 1
0(
#16513000
0#
b100 2
b100 D
b11111111111111111111111111111111 E
b110 ;
b110 C
b111 :
1%
#16515000
b101 3
b101 B
b110 9
b110 A
b10110111 /
1(
#16520000
b10101011 )
b10101011 1
1&
0(
0%
#16525000
b100 3
b100 B
b111 9
b111 A
b10111000 /
1(
#16527000
b11010111 !
b11010111 0
b110 5
b110 =
b101 2
b101 D
b11111111111111111111111111111111 E
b100 6
b100 <
b111 ;
b111 C
b100 :
b10110101 -
b10111 F
1%
#16530000
0*
0(
#16534000
0%
#16535000
b110 7
1(
#16540000
0(
#16541000
b11001100 !
b11001100 0
b111 5
b111 =
b111 2
b111 D
b11111111111111111111111111111111 E
b101 6
b101 <
b100 ;
b100 C
b10110110 -
b11010111 F
1%
#16545000
b100 4
b100 ?
b11111111111111111111111111111111 @
b110 8
b110 >
b111 7
1(
#16548000
0%
#16550000
0(
#16555000
b101 4
b101 ?
b11111111111111111111111111111111 @
b10101011 !
b10101011 0
b101 5
b101 =
b111 8
b111 >
b110 6
b110 <
b10110111 -
b11001100 F
1(
1%
#16560000
0(
#16562000
0%
#16565000
b101 7
1(
#16569000
1#
b1100001 !
b1100001 0
b100 5
b100 =
b111 6
b111 <
b10111000 -
b10101011 F
1%
#16570000
0(
#16575000
b110 4
b110 ?
b11111111111111111111111111111111 @
b101 8
b101 >
b100 7
1(
#16576000
0%
#16580000
0(
#16583000
1%
#16585000
b111 4
b111 ?
b11111111111111111111111111111111 @
b100 8
b100 >
1(
#16590000
b1001110 )
b1001110 1
1*
0(
0%
#16595000
b1100 3
b1100 B
b1001110 !
b1001110 0
b1000 9
b1000 A
b10111001 /
1(
#16597000
b1100 :
1%
#16600000
b10100110 )
b10100110 1
0(
#16604000
0%
#16605000
b1101 3
b1101 B
b1001 9
b1001 A
b10111010 /
1(
#16610000
b111100 )
b111100 1
0(
#16611000
0#
b1000 2
b1000 D
b11111111111111111111111111111111 E
b1100 ;
b1100 C
b1101 :
1%
#16615000
b1111 3
b1111 B
b1010 9
b1010 A
b10111011 /
1(
#16618000
0&
0%
#16620000
b10100011 )
b10100011 1
0(
#16625000
b1110 3
b1110 B
b1001 2
b1001 D
b11111111111111111111111111111111 E
b1011 9
b1011 A
b1101 ;
b1101 C
b1111 :
b10111100 /
1(
1%
#16630000
0*
0(
#16632000
1&
0%
#16635000
1(
#16639000
b10100110 !
b10100110 0
b1100 5
b1100 =
b1010 2
b1010 D
b11111111111111111111111111111111 E
b1000 6
b1000 <
b1111 ;
b1111 C
b1110 :
b10111001 -
b1001110 F
1%
#16640000
0(
#16645000
b1100 7
1(
#16646000
0%
#16650000
0(
#16653000
b111100 !
b111100 0
b1101 5
b1101 =
b1011 2
b1011 D
b11111111111111111111111111111111 E
b1001 6
b1001 <
b1110 ;
b1110 C
b10111010 -
b10100110 F
1%
#16655000
b1000 4
b1000 ?
b11111111111111111111111111111111 @
b1100 8
b1100 >
b1101 7
1(
#16660000
b1101001 )
b1101001 1
1*
0&
0(
0%
#16665000
b1010 3
b1010 B
b1001 4
b1001 ?
b11111111111111111111111111111111 @
b1100 9
b1100 A
b1101 8
b1101 >
b10111101 /
1(
#16667000
b1010 :
1%
#16670000
0*
0(
#16674000
1&
0%
#16675000
1(
#16680000
0(
#16681000
b10100011 !
b10100011 0
b1111 5
b1111 =
b1100 2
b1100 D
b11111111111111111111111111111111 E
b1010 6
b1010 <
b1010 ;
b1010 C
b10111011 -
b111100 F
1%
#16685000
b1111 7
1(
#16688000
0%
#16690000
b111000 )
b111000 1
1*
0(
#16695000
b1011 3
b1011 B
b1010 4
b1010 ?
b11111111111111111111111111111111 @
b1101001 !
b1101001 0
b1110 5
b1110 =
b1101 9
b1101 A
b1111 8
b1111 >
b1011 6
b1011 <
b10111110 /
b10111100 -
b10100011 F
1(
1%
#16700000
0*
0(
#16702000
0%
#16705000
b1110 7
1(
#16709000
1#
b111000 !
b111000 0
b1010 5
b1010 =
b1100 6
b1100 <
b1011 :
b10111101 -
b1101001 F
1%
#16710000
0(
#16715000
b1011 4
b1011 ?
b11111111111111111111111111111111 @
b1110 8
b1110 >
b1010 7
1(
#16716000
0%
#16720000
0(
#16723000
0#
b1101 2
b1101 D
b11111111111111111111111111111111 E
b1011 ;
b1011 C
1%
#16725000
b1100 4
b1100 ?
b11111111111111111111111111111111 @
b1010 8
b1010 >
1(
#16730000
0(
0%
#16735000
1(
#16737000
1#
b10010100 !
b10010100 0
b1011 5
b1011 =
b1101 6
b1101 <
b10111110 -
b111000 F
1%
#16740000
b111010 )
b111010 1
1*
0(
#16744000
0%
#16745000
b1001 3
b1001 B
b111010 !
b111010 0
b1110 9
b1110 A
b1011 7
b10111111 /
1(
#16750000
0*
0(
#16751000
b1001 :
1%
#16755000
b1101 4
b1101 ?
b11111111111111111111111111111111 @
b1011 8
b1011 >
1(
#16758000
0&
0%
#16760000
0(
#16765000
0#
b1110 2
b1110 D
b11111111111111111111111111111111 E
b1001 ;
b1001 C
1(
1%
#16770000
0(
#16772000
1&
0%
#16775000
1(
#16779000
1#
b11110011 !
b11110011 0
b1001 5
b1001 =
b1110 6
b1110 <
b10111111 -
b111010 F
1%
#16780000
b1011 )
b1011 1
1*
0(
#16785000
b1000 3
b1000 B
b1011 !
b1011 0
b1111 9
b1111 A
b1001 7
b11000000 /
1(
#16786000
0%
#16790000
0*
0(
#16793000
b1000 :
1%
#16795000
b1110 4
b1110 ?
b11111111111111111111111111111111 @
b1001 8
b1001 >
1(
#16800000
0(
0%
#16805000
1(
#16807000
0#
b1111 2
b1111 D
b11111111111111111111111111111111 E
b1000 ;
b1000 C
1%
#16810000
0(
#16814000
0%
#16815000
1(
#16820000
0(
#16821000
1#
b10010110 !
b10010110 0
b1000 5
b1000 =
b1111 6
b1111 <
b11000000 -
b1011 F
1%
#16825000
b1000 7
1(
#16828000
0%
#16830000
0(
#16835000
b1111 4
b1111 ?
b11111111111111111111111111111111 @
b1000 8
b1000 >
1(
1%
#16840000
b10101 )
b10101 1
1*
0(
#16842000
0%
#16845000
b11000 3
b11000 B
b10101 !
b10101 0
b10000 9
b10000 A
b11000001 /
1(
#16849000
b11000 :
1%
#16850000
b11010010 )
b11010010 1
0(
#16855000
b11001 3
b11001 B
b10001 9
b10001 A
b11000010 /
1(
#16856000
0%
#16860000
0*
0(
#16863000
0#
b11111111111111111111111111111111 E
b10000 2
b10000 D
b11000 ;
b11000 C
b11001 :
1%
#16865000
1(
#16870000
0(
0%
#16875000
1(
#16877000
b11010010 !
b11010010 0
b11000 5
b11000 =
b10001 2
b10001 D
b11111111111111111111111111111111 E
b10000 6
b10000 <
b11001 ;
b11001 C
b11000001 -
b10101 F
1%
#16880000
b10011110 )
b10011110 1
1*
0(
#16884000
0%
#16885000
b11011 3
b11011 B
b10010 9
b10010 A
b11000 7
b11000011 /
1(
#16890000
0*
0(
#16891000
1#
b10011110 !
b10011110 0
b11001 5
b11001 =
b10001 6
b10001 <
b11011 :
b11000010 -
b11010010 F
1%
#16895000
b11111111111111111111111111111111 @
b10000 4
b10000 ?
b11000 8
b11000 >
b11001 7
1(
#16898000
0%
#16900000
b110000 )
b110000 1
1*
0(
#16905000
0#
b11010 3
b11010 B
b10001 4
b10001 ?
b11111111111111111111111111111111 @
b10010 2
b10010 D
b11111111111111111111111111111111 E
b10011 9
b10011 A
b11001 8
b11001 >
b11011 ;
b11011 C
b11000100 /
1(
1%
#16910000
0*
0(
#16912000
0%
#16915000
1(
#16919000
1#
b110000 !
b110000 0
b11011 5
b11011 =
b10010 6
b10010 <
b11010 :
b11000011 -
b10011110 F
1%
#16920000
0(
#16925000
b11011 7
1(
#16926000
0%
#16930000
b1011101 )
b1011101 1
1*
0(
#16933000
0#
b10011 2
b10011 D
b11111111111111111111111111111111 E
b11010 ;
b11010 C
1%
#16935000
b11110 3
b11110 B
b10010 4
b10010 ?
b11111111111111111111111111111111 @
b10100 9
b10100 A
b11011 8
b11011 >
b11000101 /
1(
#16940000
b1110110 )
b1110110 1
0(
0%
#16945000
b11111 3
b11111 B
b10101 9
b10101 A
b11000110 /
1(
#16947000
1#
b1011101 !
b1011101 0
b11010 5
b11010 =
b10011 6
b10011 <
b11111 :
b11000100 -
b110000 F
1%
#16950000
b10101100 )
b10101100 1
0(
#16954000
0%
#16955000
b11101 3
b11101 B
b10110 9
b10110 A
b11010 7
b11000111 /
1(
#16960000
0*
0(
#16961000
0#
b10101 2
b10101 D
b11111111111111111111111111111111 E
b11111 ;
b11111 C
b11101 :
1%
#16965000
b10011 4
b10011 ?
b11111111111111111111111111111111 @
b11010 8
b11010 >
1(
#16968000
0%
#16970000
0(
#16975000
b1110110 !
b1110110 0
b11110 5
b11110 =
b10110 2
b10110 D
b11111111111111111111111111111111 E
b10100 6
b10100 <
b11101 ;
b11101 C
b11000101 -
b1011101 F
1(
1%
#16980000
b10101110 )
b10101110 1
1*
0(
#16982000
0%
#16985000
b11100 3
b11100 B
b10111 9
b10111 A
b11110 7
b11001000 /
1(
#16989000
b10101100 !
b10101100 0
b11111 5
b11111 =
b10101 6
b10101 <
b11100 :
b11000110 -
b1110110 F
1%
#16990000
b10101101 )
b10101101 1
0(
#16995000
b10100 3
b10100 B
b10100 4
b10100 ?
b11111111111111111111111111111111 @
b11000 9
b11000 A
b11110 8
b11110 >
b11111 7
b11001001 /
1(
#16996000
0%
#17000000
0*
0(
#17003000
b10101110 !
b10101110 0
b11101 5
b11101 =
b10111 2
b10111 D
b11111111111111111111111111111111 E
b10110 6
b10110 <
b11100 ;
b11100 C
b10100 :
b11000111 -
b10101100 F
1%
#17005000
b10101 4
b10101 ?
b11111111111111111111111111111111 @
b11111 8
b11111 >
b11101 7
1(
#17010000
b1111 )
b1111 1
1*
0(
0%
#17015000
b10101 3
b10101 B
b10110 4
b10110 ?
b11111111111111111111111111111111 @
b11001 9
b11001 A
b11101 8
b11101 >
b11001010 /
1(
#17017000
b10101101 !
b10101101 0
b11100 5
b11100 =
b11000 2
b11000 D
b11111111111111111111111111111111 E
b10111 6
b10111 <
b10100 ;
b10100 C
b10101 :
b11001000 -
b10101110 F
1%
#17020000
0*
0(
#17024000
0%
#17025000
b11100 7
1(
#17030000
b10010010 )
b10010010 1
1*
0(
#17031000
b1111 !
b1111 0
b10100 5
b10100 =
b11001 2
b11001 D
b11111111111111111111111111111111 E
b11000 6
b11000 <
b10101 ;
b10101 C
b11001001 -
b10101101 F
1%
#17035000
b10111 3
b10111 B
b10111 4
b10111 ?
b11111111111111111111111111111111 @
b11010 9
b11010 A
b11100 8
b11100 >
b10100 7
b11001011 /
1(
#17038000
0%
#17040000
b10110 )
b10110 1
0(
#17045000
1#
b10110 3
b10110 B
b11000 4
b11000 ?
b11111111111111111111111111111111 @
b10010010 !
b10010010 0
b10101 5
b10101 =
b11011 9
b11011 A
b10100 8
b10100 >
b11001 6
b11001 <
b10111 :
b11001100 /
b11001010 -
b1111 F
1(
1%
#17050000
0*
0(
#17052000
0%
#17055000
b10101 7
1(
#17059000
0#
b11010 2
b11010 D
b11111111111111111111111111111111 E
b10111 ;
b10111 C
b10110 :
1%
#17060000
0(
#17065000
b11001 4
b11001 ?
b11111111111111111111111111111111 @
b10101 8
b10101 >
1(
#17066000
0%
#17070000
b111001 )
b111001 1
1*
0(
#17073000
b10110 !
b10110 0
b10111 5
b10111 =
b11011 2
b11011 D
b11111111111111111111111111111111 E
b11010 6
b11010 <
b10110 ;
b10110 C
b11001011 -
b10010010 F
1%
#17075000
b10010 3
b10010 B
b11100 9
b11100 A
b10111 7
b11001101 /
1(
#17080000
0*
0(
0%
#17085000
b11010 4
b11010 ?
b11111111111111111111111111111111 @
b10111 8
b10111 >
1(
#17087000
1#
b111001 !
b111001 0
b10110 5
b10110 =
b11011 6
b11011 <
b10010 :
b11001100 -
b10110 F
1%
#17090000
0(
#17094000
0%
#17095000
b10110 7
1(
#17100000
0(
#17101000
0#
b11100 2
b11100 D
b11111111111111111111111111111111 E
b10010 ;
b10010 C
1%
#17105000
b11011 4
b11011 ?
b11111111111111111111111111111111 @
b10110 8
b10110 >
1(
#17108000
0%
#17110000
b111101 )
b111101 1
1*
0(
#17115000
1#
b10011 3
b10011 B
b111101 !
b111101 0
b10010 5
b10010 =
b11101 9
b11101 A
b11100 6
b11100 <
b11001110 /
b11001101 -
b111001 F
1(
1%
#17120000
0*
0(
#17122000
0&
0%
#17125000
b10010 7
1(
#17129000
b10011 :
1%
#17130000
b10101001 )
b10101001 1
1*
0(
#17135000
b10001 3
b10001 B
b11100 4
b11100 ?
b11111111111111111111111111111111 @
b11110 9
b11110 A
b10010 8
b10010 >
b11001111 /
1(
#17136000
1&
0%
#17140000
b11000011 )
b11000011 1
0(
#17143000
0#
b11101 2
b11101 D
b11111111111111111111111111111111 E
b10011 ;
b10011 C
b10001 :
1%
#17145000
b10000 3
b10000 B
b11111 9
b11111 A
b11010000 /
1(
#17150000
0*
0(
0%
#17155000
1(
#17157000
b10101001 !
b10101001 0
b10011 5
b10011 =
b11110 2
b11110 D
b11111111111111111111111111111111 E
b11101 6
b11101 <
b10001 ;
b10001 C
b10000 :
b11001110 -
b111101 F
1%
#17160000
0(
#17164000
0%
#17165000
b10011 7
1(
#17170000
0(
#17171000
b11000011 !
b11000011 0
b10001 5
b10001 =
b11111 2
b11111 D
b11111111111111111111111111111111 E
b11110 6
b11110 <
b10000 ;
b10000 C
b11001111 -
b10101001 F
1%
#17175000
b11101 4
b11101 ?
b11111111111111111111111111111111 @
b10011 8
b10011 >
b10001 7
1(
#17178000
0%
#17180000
0(
#17185000
1#
b11110 4
b11110 ?
b11111111111111111111111111111111 @
b10101 !
b10101 0
b10000 5
b10000 =
b10001 8
b10001 >
b11111 6
b11111 <
b11010000 -
b11000011 F
1(
1%
#17190000
b11111111 )
b11111111 1
1*
0(
#17192000
0%
#17195000
b0 3
b0 B
b11111111 !
b11111111 0
b0 9
b0 A
b10000 7
b11010001 /
1(
#17199000
b0 :
1%
#17200000
0*
0(
#17205000
b11111 4
b11111 ?
b11111111111111111111111111111111 @
b10000 8
b10000 >
1(
#17206000
0%
#17210000
0(
#17213000
0#
b11111111111111111111111111111111 E
b0 2
b0 D
b0 ;
b0 C
1%
#17215000
1(
#17220000
0(
0%
#17225000
1(
#17227000
1#
b11010010 !
b11010010 0
b0 5
b0 =
b0 6
b0 <
b11010001 -
b11111111 F
1%
#17230000
b10110010 )
b10110010 1
1*
0(
#17234000
0%
#17235000
b1 3
b1 B
b10110010 !
b10110010 0
b1 9
b1 A
b0 7
b11010010 /
1(
#17240000
0*
0(
#17241000
b1 :
1%
#17245000
b11111111111111111111111111111111 @
b0 4
b0 ?
b0 8
b0 >
1(
#17248000
0%
#17250000
0(
#17255000
0#
b1 2
b1 D
b11111111111111111111111111111111 E
b1 ;
b1 C
1(
1%
#17260000
0(
#17262000
0%
#17265000
1(
#17269000
1#
b10011110 !
b10011110 0
b1 5
b1 =
b1 6
b1 <
b11010010 -
b10110010 F
1%
#17270000
0(
#17275000
b1 7
1(
#17276000
0%
#17280000
0(
#17283000
1%
#17285000
b1 4
b1 ?
b11111111111111111111111111111111 @
b1 8
b1 >
1(
#17290000
b10101101 )
b10101101 1
1*
0(
0%
#17295000
b11 3
b11 B
b10101101 !
b10101101 0
b10 9
b10 A
b11010011 /
1(
#17297000
b11 :
1%
#17300000
b11011000 )
b11011000 1
0(
#17304000
0%
#17305000
b10 3
b10 B
b11 9
b11 A
b11010100 /
1(
#17310000
0*
0(
#17311000
0#
b10 2
b10 D
b11111111111111111111111111111111 E
b11 ;
b11 C
b10 :
1%
#17315000
1(
#17318000
0%
#17320000
b1000011 )
b1000011 1
1*
0(
#17325000
b110 3
b110 B
b11011000 !
b11011000 0
b11 5
b11 =
b11 2
b11 D
b11111111111111111111111111111111 E
b100 9
b100 A
b10 6
b10 <
b10 ;
b10 C
b11010101 /
b11010011 -
b10101101 F
1(
1%
#17330000
0*
0(
#17332000
0%
#17335000
b11 7
1(
#17339000
1#
b1000011 !
b1000011 0
b10 5
b10 =
b11 6
b11 <
b110 :
b11010100 -
b11011000 F
1%
#17340000
0(
#17345000
b10 4
b10 ?
b11111111111111111111111111111111 @
b11 8
b11 >
b10 7
1(
#17346000
0&
0%
#17350000
b1011111 )
b1011111 1
1*
0(
#17353000
0#
b100 2
b100 D
b11111111111111111111111111111111 E
b110 ;
b110 C
1%
#17355000
b111 3
b111 B
b11 4
b11 ?
b11111111111111111111111111111111 @
b101 9
b101 A
b10 8
b10 >
b11010110 /
1(
#17360000
0*
1&
0(
0%
#17365000
1(
#17367000
1#
b1011111 !
b1011111 0
b110 5
b110 =
b100 6
b100 <
b111 :
b11010101 -
b1000011 F
1%
#17370000
0(
#17374000
0%
#17375000
b110 7
1(
#17380000
0(
#17381000
0#
b101 2
b101 D
b11111111111111111111111111111111 E
b111 ;
b111 C
1%
#17385000
b100 4
b100 ?
b11111111111111111111111111111111 @
b110 8
b110 >
1(
#17388000
0%
#17390000
b10011001 )
b10011001 1
1*
0(
#17395000
1#
b101 3
b101 B
b10011001 !
b10011001 0
b111 5
b111 =
b110 9
b110 A
b101 6
b101 <
b11010111 /
b11010110 -
b1011111 F
1(
1%
#17400000
b10101 )
b10101 1
0(
#17402000
0%
#17405000
b100 3
b100 B
b111 9
b111 A
b111 7
b11011000 /
1(
#17409000
b100 :
1%
#17410000
b101010 )
b101010 1
0(
#17415000
b1100 3
b1100 B
b101 4
b101 ?
b11111111111111111111111111111111 @
b1000 9
b1000 A
b111 8
b111 >
b11011001 /
1(
#17416000
0%
#17420000
b10010 )
b10010 1
0(
#17423000
0#
b111 2
b111 D
b11111111111111111111111111111111 E
b100 ;
b100 C
b1100 :
1%
#17425000
b1101 3
b1101 B
b1001 9
b1001 A
b11011010 /
1(
#17430000
0*
0(
0%
#17435000
1(
#17437000
b10101 !
b10101 0
b101 5
b101 =
b1000 2
b1000 D
b11111111111111111111111111111111 E
b110 6
b110 <
b1100 ;
b1100 C
b1101 :
b11010111 -
b10011001 F
1%
#17440000
0(
#17444000
0%
#17445000
b101 7
1(
#17450000
b11010011 )
b11010011 1
1*
0(
#17451000
b101010 !
b101010 0
b100 5
b100 =
b1001 2
b1001 D
b11111111111111111111111111111111 E
b111 6
b111 <
b1101 ;
b1101 C
b11011000 -
b10101 F
1%
#17455000
b1111 3
b1111 B
b110 4
b110 ?
b11111111111111111111111111111111 @
b1010 9
b1010 A
b101 8
b101 >
b100 7
b11011011 /
1(
#17458000
0%
#17460000
b10101000 )
b10101000 1
0(
#17465000
b1110 3
b1110 B
b111 4
b111 ?
b11111111111111111111111111111111 @
b10010 !
b10010 0
b1100 5
b1100 =
b1011 9
b1011 A
b100 8
b100 >
b1000 6
b1000 <
b1111 :
b11011100 /
b11011001 -
b101010 F
1(
1%
#17470000
b10 )
b10 1
0(
#17472000
0%
#17475000
b1010 3
b1010 B
b1100 9
b1100 A
b1100 7
b11011101 /
1(
#17479000
b11010011 !
b11010011 0
b1101 5
b1101 =
b1010 2
b1010 D
b11111111111111111111111111111111 E
b1001 6
b1001 <
b1111 ;
b1111 C
b1010 :
b11011010 -
b10010 F
1%
#17480000
0*
0(
#17485000
b1000 4
b1000 ?
b11111111111111111111111111111111 @
b1100 8
b1100 >
b1101 7
1(
#17486000
0%
#17490000
b11011011 )
b11011011 1
1*
0(
#17493000
b10101000 !
b10101000 0
b1111 5
b1111 =
b1100 2
b1100 D
b11111111111111111111111111111111 E
b1010 6
b1010 <
b1010 ;
b1010 C
b11011011 -
b11010011 F
1%
#17495000
b1011 3
b1011 B
b1001 4
b1001 ?
b11111111111111111111111111111111 @
b1101 9
b1101 A
b1101 8
b1101 >
b1111 7
b11011110 /
1(
#17500000
b10110000 )
b10110000 1
0&
0(
0%
#17505000
b1001 3
b1001 B
b1010 4
b1010 ?
b11111111111111111111111111111111 @
b1110 9
b1110 A
b1111 8
b1111 >
b11011111 /
1(
#17507000
b1001 :
1%
#17510000
b1111001 )
b1111001 1
0(
#17514000
1&
0%
#17515000
b1000 3
b1000 B
b1111 9
b1111 A
b11100000 /
1(
#17520000
0*
0(
#17521000
b10 !
b10 0
b1110 5
b1110 =
b1110 2
b1110 D
b11111111111111111111111111111111 E
b1011 6
b1011 <
b1001 ;
b1001 C
b1000 :
b11011100 -
b10101000 F
1%
#17525000
b1110 7
1(
#17528000
0%
#17530000
0(
#17535000
b1011 4
b1011 ?
b11111111111111111111111111111111 @
b11011011 !
b11011011 0
b1010 5
b1010 =
b1111 2
b1111 D
b11111111111111111111111111111111 E
b1110 8
b1110 >
b1100 6
b1100 <
b1000 ;
b1000 C
b11011101 -
b10 F
1(
1%
#17540000
0(
#17542000
0&
0%
#17545000
b1010 7
1(
#17549000
1%
#17550000
b1110010 )
b1110010 1
1*
0(
#17555000
b11000 3
b11000 B
b1100 4
b1100 ?
b11111111111111111111111111111111 @
b10000 9
b10000 A
b1010 8
b1010 >
b11100001 /
1(
#17556000
1&
0%
#17560000
0*
0(
#17563000
b10110000 !
b10110000 0
b1011 5
b1011 =
b1101 6
b1101 <
b11000 :
b11011110 -
b11011011 F
1%
#17565000
b1011 7
1(
#17570000
0(
0%
#17575000
b1101 4
b1101 ?
b11111111111111111111111111111111 @
b1011 8
b1011 >
1(
#17577000
b1111001 !
b1111001 0
b1001 5
b1001 =
b11111111111111111111111111111111 E
b10000 2
b10000 D
b1110 6
b1110 <
b11000 ;
b11000 C
b11011111 -
b10110000 F
1%
#17580000
0(
#17584000
0%
#17585000
b1001 7
1(
#17590000
0(
#17591000
b1110010 !
b1110010 0
b1000 5
b1000 =
b1111 6
b1111 <
b11100000 -
b1111001 F
1%
#17595000
b1110 4
b1110 ?
b11111111111111111111111111111111 @
b1001 8
b1001 >
b1000 7
1(
#17598000
0&
0%
#17600000
0(
#17605000
b1111 4
b1111 ?
b11111111111111111111111111111111 @
b1000 8
b1000 >
1(
1%
#17610000
0(
#17612000
1&
0%
#17615000
1(
#17619000
1#
b10110010 !
b10110010 0
b11000 5
b11000 =
b10000 6
b10000 <
b11100001 -
b1110010 F
1%
#17620000
0(
#17625000
b11000 7
1(
#17626000
0&
0%
#17630000
b10110 )
b10110 1
1*
0(
#17633000
1%
#17635000
b11001 3
b11001 B
b11111111111111111111111111111111 @
b10000 4
b10000 ?
b10110 !
b10110 0
b10001 9
b10001 A
b11000 8
b11000 >
b11100010 /
1(
#17640000
0*
1&
0(
0%
#17645000
1(
#17647000
b11001 :
1%
#17650000
0(
#17654000
0%
#17655000
1(
#17660000
b111 )
b111 1
1*
0(
#17661000
0#
b10001 2
b10001 D
b11111111111111111111111111111111 E
b11001 ;
b11001 C
1%
#17665000
b11011 3
b11011 B
b10010 9
b10010 A
b11100011 /
1(
#17668000
0%
#17670000
b10111101 )
b10111101 1
0(
#17675000
1#
b11010 3
b11010 B
b111 !
b111 0
b11001 5
b11001 =
b10011 9
b10011 A
b10001 6
b10001 <
b11011 :
b11100100 /
b11100010 -
b10110 F
1(
1%
#17680000
b1111011 )
b1111011 1
0(
#17682000
0%
#17685000
b11110 3
b11110 B
b10100 9
b10100 A
b11001 7
b11100101 /
1(
#17689000
0#
b10010 2
b10010 D
b11111111111111111111111111111111 E
b11011 ;
b11011 C
b11110 :
1%
#17690000
0*
0(
#17695000
b10001 4
b10001 ?
b11111111111111111111111111111111 @
b11001 8
b11001 >
1(
#17696000
0%
#17700000
0(
#17703000
b10111101 !
b10111101 0
b11011 5
b11011 =
b10100 2
b10100 D
b11111111111111111111111111111111 E
b10010 6
b10010 <
b11110 ;
b11110 C
b11100011 -
b111 F
1%
#17705000
b11011 7
1(
#17710000
0(
0%
#17715000
b10010 4
b10010 ?
b11111111111111111111111111111111 @
b11011 8
b11011 >
1(
#17717000
b1111011 !
b1111011 0
b11010 5
b11010 =
b10011 6
b10011 <
b11100100 -
b10111101 F
1%
#17720000
0(
#17724000
0%
#17725000
b11010 7
1(
#17730000
0(
#17731000
1#
b1011111 !
b1011111 0
b11110 5
b11110 =
b10100 6
b10100 <
b11100101 -
b1111011 F
1%
#17735000
b10011 4
b10011 ?
b11111111111111111111111111111111 @
b11010 8
b11010 >
b11110 7
1(
#17738000
0%
#17740000
b1101111 )
b1101111 1
1*
0(
#17745000
b11111 3
b11111 B
b10100 4
b10100 ?
b11111111111111111111111111111111 @
b1101111 !
b1101111 0
b10101 9
b10101 A
b11110 8
b11110 >
b11100110 /
1(
1%
#17750000
b110011 )
b110011 1
0(
#17752000
0%
#17755000
b11101 3
b11101 B
b10110 9
b10110 A
b11100111 /
1(
#17759000
b11101 :
1%
#17760000
0*
0(
#17765000
1(
#17766000
0%
#17770000
b1101001 )
b1101001 1
1*
0(
#17773000
0#
b10110 2
b10110 D
b11111111111111111111111111111111 E
b11101 ;
b11101 C
1%
#17775000
b11100 3
b11100 B
b10111 9
b10111 A
b11101000 /
1(
#17780000
0*
0(
0%
#17785000
1(
#17787000
b110011 !
b110011 0
b11111 5
b11111 =
b10101 6
b10101 <
b11100 :
b11100110 -
b1101111 F
1%
#17790000
0(
#17794000
0%
#17795000
b11111 7
1(
#17800000
0(
#17801000
b1101001 !
b1101001 0
b11101 5
b11101 =
b10111 2
b10111 D
b11111111111111111111111111111111 E
b10110 6
b10110 <
b11100 ;
b11100 C
b11100111 -
b110011 F
1%
#17805000
b10101 4
b10101 ?
b11111111111111111111111111111111 @
b11111 8
b11111 >
b11101 7
1(
#17808000
0%
#17810000
b10010011 )
b10010011 1
1*
0(
#17815000
1#
b10100 3
b10100 B
b10110 4
b10110 ?
b11111111111111111111111111111111 @
b10010011 !
b10010011 0
b11100 5
b11100 =
b11000 9
b11000 A
b11101 8
b11101 >
b10111 6
b10111 <
b11101001 /
b11101000 -
b1101001 F
1(
1%
#17820000
b1000000 )
b1000000 1
0(
#17822000
0%
#17825000
b10101 3
b10101 B
b11001 9
b11001 A
b11100 7
b11101010 /
1(
#17829000
b10101 :
1%
#17830000
0*
0(
#17835000
b10111 4
b10111 ?
b11111111111111111111111111111111 @
b11100 8
b11100 >
1(
#17836000
0%
#17840000
b1011000 )
b1011000 1
1*
0(
#17843000
0#
b11001 2
b11001 D
b11111111111111111111111111111111 E
b10101 ;
b10101 C
1%
#17845000
b10111 3
b10111 B
b11010 9
b11010 A
b11101011 /
1(
#17850000
b100 )
b100 1
0(
0%
#17855000
b10110 3
b10110 B
b11011 9
b11011 A
b11101100 /
1(
#17857000
b1000000 !
b1000000 0
b10100 5
b10100 =
b11000 6
b11000 <
b10110 :
b11101001 -
b10010011 F
1%
#17860000
0*
0(
#17864000
0&
0%
#17865000
b10100 7
1(
#17870000
0(
#17871000
b11011 2
b11011 D
b11111111111111111111111111111111 E
b10110 ;
b10110 C
1%
#17875000
b11000 4
b11000 ?
b11111111111111111111111111111111 @
b10100 8
b10100 >
1(
#17878000
1&
0%
#17880000
0(
#17885000
b1011000 !
b1011000 0
b10101 5
b10101 =
b11001 6
b11001 <
b11101010 -
b1000000 F
1(
1%
#17890000
0(
#17892000
0&
0%
#17895000
b10101 7
1(
#17899000
1%
#17900000
b1001100 )
b1001100 1
1*
0(
#17905000
b10010 3
b10010 B
b11001 4
b11001 ?
b11111111111111111111111111111111 @
b11100 9
b11100 A
b10101 8
b10101 >
b11101101 /
1(
#17906000
1&
0%
#17910000
0*
0(
#17913000
b100 !
b100 0
b10111 5
b10111 =
b11010 6
b11010 <
b10010 :
b11101011 -
b1011000 F
1%
#17915000
b10111 7
1(
#17920000
b10110100 )
b10110100 1
1*
0(
0%
#17925000
b10011 3
b10011 B
b11010 4
b11010 ?
b11111111111111111111111111111111 @
b11101 9
b11101 A
b10111 8
b10111 >
b11101110 /
1(
#17927000
b1001100 !
b1001100 0
b10110 5
b10110 =
b11100 2
b11100 D
b11111111111111111111111111111111 E
b11011 6
b11011 <
b10010 ;
b10010 C
b10011 :
b11101100 -
b100 F
1%
#17930000
0*
0(
#17934000
0%
#17935000
b10110 7
1(
#17940000
0(
#17941000
b10110100 !
b10110100 0
b10010 5
b10010 =
b11101 2
b11101 D
b11111111111111111111111111111111 E
b11100 6
b11100 <
b10011 ;
b10011 C
b11101101 -
b1001100 F
1%
#17945000
b11011 4
b11011 ?
b11111111111111111111111111111111 @
b10110 8
b10110 >
b10010 7
1(
#17948000
0%
#17950000
0(
#17955000
1#
b11100 4
b11100 ?
b11111111111111111111111111111111 @
b10110000 !
b10110000 0
b10011 5
b10011 =
b10010 8
b10010 >
b11101 6
b11101 <
b11101110 -
b10110100 F
1(
1%
#17960000
0(
#17962000
0%
#17965000
b10011 7
1(
#17969000
1%
#17970000
0(
#17975000
b11101 4
b11101 ?
b11111111111111111111111111111111 @
b10011 8
b10011 >
1(
#17976000
0%
#17980000
0(
#17983000
1%
#17985000
1(
#17990000
0(
0%
#17995000
1(
#17997000
1%
#18000000
b10110101 )
b10110101 1
1*
0(
#18004000
0%
#18005000
b10001 3
b10001 B
b10110101 !
b10110101 0
b11110 9
b11110 A
b11101111 /
1(
#18010000
b10011011 )
b10011011 1
0(
#18011000
b10001 :
1%
#18015000
b10000 3
b10000 B
b11111 9
b11111 A
b11110000 /
1(
#18018000
0%
#18020000
b1001001 )
b1001001 1
0(
#18025000
0#
b0 3
b0 B
b11110 2
b11110 D
b11111111111111111111111111111111 E
b0 9
b0 A
b10001 ;
b10001 C
b10000 :
b11110001 /
1(
1%
#18030000
0*
0(
#18032000
0%
#18035000
1(
#18039000
b10011011 !
b10011011 0
b10001 5
b10001 =
b11111 2
b11111 D
b11111111111111111111111111111111 E
b11110 6
b11110 <
b10000 ;
b10000 C
b0 :
b11101111 -
b10110101 F
1%
#18040000
0(
#18045000
b10001 7
1(
#18046000
0%
#18050000
0(
#18053000
b1001001 !
b1001001 0
b10000 5
b10000 =
b11111111111111111111111111111111 E
b0 2
b0 D
b11111 6
b11111 <
b0 ;
b0 C
b11110000 -
b10011011 F
1%
#18055000
b11110 4
b11110 ?
b11111111111111111111111111111111 @
b10001 8
b10001 >
b10000 7
1(
#18060000
0(
0%
#18065000
b11111 4
b11111 ?
b11111111111111111111111111111111 @
b10000 8
b10000 >
1(
#18067000
1#
b10110 !
b10110 0
b0 5
b0 =
b0 6
b0 <
b11110001 -
b1001001 F
1%
#18070000
0(
#18074000
0%
#18075000
b0 7
1(
#18080000
b1111 )
b1111 1
1*
0(
#18081000
1%
#18085000
b1 3
b1 B
b11111111111111111111111111111111 @
b0 4
b0 ?
b1111 !
b1111 0
b1 9
b1 A
b0 8
b0 >
b11110010 /
1(
#18088000
0%
#18090000
0*
0(
#18095000
b1 :
1(
1%
#18100000
0(
#18102000
0%
#18105000
1(
#18109000
0#
b1 2
b1 D
b11111111111111111111111111111111 E
b1 ;
b1 C
1%
#18110000
b1110 )
b1110 1
1*
0(
#18115000
b11 3
b11 B
b10 9
b10 A
b11110011 /
1(
#18116000
0%
#18120000
0*
0(
#18123000
1#
b1110 !
b1110 0
b1 5
b1 =
b1 6
b1 <
b11 :
b11110010 -
b1111 F
1%
#18125000
b1 7
1(
#18130000
0(
0%
#18135000
b1 4
b1 ?
b11111111111111111111111111111111 @
b1 8
b1 >
1(
#18137000
0#
b10 2
b10 D
b11111111111111111111111111111111 E
b11 ;
b11 C
1%
#18140000
0(
#18144000
0%
#18145000
1(
#18150000
0(
#18151000
1#
b10111101 !
b10111101 0
b11 5
b11 =
b10 6
b10 <
b11110011 -
b1110 F
1%
#18155000
b11 7
1(
#18158000
0%
#18160000
0(
#18165000
b10 4
b10 ?
b11111111111111111111111111111111 @
b11 8
b11 >
1(
1%
#18170000
0(
#18172000
0&
0%
#18175000
1(
#18179000
1%
#18180000
0(
#18185000
1(
#18186000
1&
0%
#18190000
0(
#18193000
1%
#18195000
1(
#18200000
0&
0(
0%
#18205000
1(
#18207000
1%
#18210000
b1100100 )
b1100100 1
1*
0(
#18214000
0%
#18215000
b10 3
b10 B
b1100100 !
b1100100 0
b11 9
b11 A
b11110100 /
1(
#18220000
0*
0(
#18221000
b10 :
1%
#18225000
1(
#18228000
1&
0%
#18230000
0(
#18235000
0#
b11 2
b11 D
b11111111111111111111111111111111 E
b10 ;
b10 C
1(
1%
#18240000
0(
#18242000
0%
#18245000
1(
#18249000
1#
b1111011 !
b1111011 0
b10 5
b10 =
b11 6
b11 <
b11110100 -
b1100100 F
1%
#18250000
b10110000 )
b10110000 1
1*
0(
#18255000
b110 3
b110 B
b10110000 !
b10110000 0
b100 9
b100 A
b10 7
b11110101 /
1(
#18256000
0%
#18260000
0*
0(
#18263000
b110 :
1%
#18265000
b11 4
b11 ?
b11111111111111111111111111111111 @
b10 8
b10 >
1(
#18270000
0(
0%
#18275000
1(
#18277000
0#
b100 2
b100 D
b11111111111111111111111111111111 E
b110 ;
b110 C
1%
#18280000
b10111110 )
b10111110 1
1*
0(
#18284000
0%
#18285000
b111 3
b111 B
b101 9
b101 A
b11110110 /
1(
#18290000
b10100100 )
b10100100 1
0(
#18291000
1#
b10111110 !
b10111110 0
b110 5
b110 =
b100 6
b100 <
b111 :
b11110101 -
b10110000 F
1%
#18295000
b101 3
b101 B
b110 9
b110 A
b110 7
b11110111 /
1(
#18298000
0%
#18300000
b11011000 )
b11011000 1
0(
#18305000
0#
b100 3
b100 B
b100 4
b100 ?
b11111111111111111111111111111111 @
b101 2
b101 D
b11111111111111111111111111111111 E
b111 9
b111 A
b110 8
b110 >
b111 ;
b111 C
b101 :
b11111000 /
1(
1%
#18310000
0*
0(
#18312000
0%
#18315000
1(
#18319000
b10100100 !
b10100100 0
b111 5
b111 =
b110 2
b110 D
b11111111111111111111111111111111 E
b101 6
b101 <
b101 ;
b101 C
b100 :
b11110110 -
b10111110 F
1%
#18320000
0(
#18325000
b111 7
1(
#18326000
0%
#18330000
0(
#18333000
b11011000 !
b11011000 0
b101 5
b101 =
b111 2
b111 D
b11111111111111111111111111111111 E
b110 6
b110 <
b100 ;
b100 C
b11110111 -
b10100100 F
1%
#18335000
b101 4
b101 ?
b11111111111111111111111111111111 @
b111 8
b111 >
b101 7
1(
#18340000
b1011 )
b1011 1
1*
0(
0%
#18345000
b1100 3
b1100 B
b110 4
b110 ?
b11111111111111111111111111111111 @
b1000 9
b1000 A
b101 8
b101 >
b11111001 /
1(
#18347000
1#
b1011 !
b1011 0
b100 5
b100 =
b111 6
b111 <
b1100 :
b11111000 -
b11011000 F
1%
#18350000
0*
0(
#18354000
0%
#18355000
b100 7
1(
#18360000
b1001101 )
b1001101 1
1*
0(
#18361000
0#
b1000 2
b1000 D
b11111111111111111111111111111111 E
b1100 ;
b1100 C
1%
#18365000
b1101 3
b1101 B
b111 4
b111 ?
b11111111111111111111111111111111 @
b1001 9
b1001 A
b100 8
b100 >
b11111010 /
1(
#18368000
0%
#18370000
0*
0(
#18375000
1#
b1001101 !
b1001101 0
b1100 5
b1100 =
b1000 6
b1000 <
b1101 :
b11111001 -
b1011 F
1(
1%
#18380000
b10100000 )
b10100000 1
1*
0(
#18382000
0%
#18385000
b1111 3
b1111 B
b1010 9
b1010 A
b1100 7
b11111011 /
1(
#18389000
0#
b1001 2
b1001 D
b11111111111111111111111111111111 E
b1101 ;
b1101 C
b1111 :
1%
#18390000
0*
0(
#18395000
b1000 4
b1000 ?
b11111111111111111111111111111111 @
b1100 8
b1100 >
1(
#18396000
0%
#18400000
0(
#18403000
b10100000 !
b10100000 0
b1101 5
b1101 =
b1010 2
b1010 D
b11111111111111111111111111111111 E
b1001 6
b1001 <
b1111 ;
b1111 C
b11111010 -
b1001101 F
1%
#18405000
b1101 7
1(
#18410000
0(
0%
#18415000
b1001 4
b1001 ?
b11111111111111111111111111111111 @
b1101 8
b1101 >
1(
#18417000
1#
b100 !
b100 0
b1111 5
b1111 =
b1010 6
b1010 <
b11111011 -
b10100000 F
1%
#18420000
b11001001 )
b11001001 1
1*
0(
#18424000
0%
#18425000
b1110 3
b1110 B
b11001001 !
b11001001 0
b1011 9
b1011 A
b1111 7
b11111100 /
1(
#18430000
0*
0(
#18431000
b1110 :
1%
#18435000
b1010 4
b1010 ?
b11111111111111111111111111111111 @
b1111 8
b1111 >
1(
#18438000
0%
#18440000
b1011000 )
b1011000 1
1*
0(
#18445000
0#
b1010 3
b1010 B
b1011 2
b1011 D
b11111111111111111111111111111111 E
b1100 9
b1100 A
b1110 ;
b1110 C
b11111101 /
1(
1%
#18450000
b10111111 )
b10111111 1
0(
#18452000
0&
0%
#18455000
b1011 3
b1011 B
b1101 9
b1101 A
b11111110 /
1(
#18459000
b1011 :
1%
#18460000
0*
0(
#18465000
1(
#18466000
1&
0%
#18470000
b1110110 )
b1110110 1
1*
0(
#18473000
b1011000 !
b1011000 0
b1110 5
b1110 =
b1101 2
b1101 D
b11111111111111111111111111111111 E
b1011 6
b1011 <
b1011 ;
b1011 C
b11111100 -
b11001001 F
1%
#18475000
b1001 3
b1001 B
b1110 9
b1110 A
b1110 7
b11111111 /
1(
#18480000
0*
0(
0%
#18485000
b1011 4
b1011 ?
b11111111111111111111111111111111 @
b1110 8
b1110 >
1(
#18487000
b10111111 !
b10111111 0
b1010 5
b1010 =
b1100 6
b1100 <
b1001 :
b11111101 -
b1011000 F
1%
#18490000
0(
#18494000
0%
#18495000
b1010 7
1(
#18500000
0(
#18501000
b1110110 !
b1110110 0
b1011 5
b1011 =
b1110 2
b1110 D
b11111111111111111111111111111111 E
b1101 6
b1101 <
b1001 ;
b1001 C
b11111110 -
b10111111 F
1%
#18505000
b1100 4
b1100 ?
b11111111111111111111111111111111 @
b1010 8
b1010 >
b1011 7
1(
#18508000
0%
#18510000
0(
#18515000
1#
b1101 4
b1101 ?
b11111111111111111111111111111111 @
b10011011 !
b10011011 0
b1001 5
b1001 =
b1011 8
b1011 >
b1110 6
b1110 <
b11111111 -
b1110110 F
1(
1%
#18520000
b11011010 )
b11011010 1
1*
0(
#18522000
0%
#18525000
b1000 3
b1000 B
b11011010 !
b11011010 0
b1111 9
b1111 A
b1001 7
b100000000 /
1(
#18529000
b1000 :
1%
#18530000
b10001001 )
b10001001 1
0(
#18535000
b11000 3
b11000 B
b1110 4
b1110 ?
b11111111111111111111111111111111 @
b10000 9
b10000 A
b1001 8
b1001 >
b100000001 /
1(
#18536000
0%
#18540000
0*
0(
#18543000
0#
b1111 2
b1111 D
b11111111111111111111111111111111 E
b1000 ;
b1000 C
b11000 :
1%
#18545000
1(
#18550000
0(
0%
#18555000
1(
#18557000
b10001001 !
b10001001 0
b1000 5
b1000 =
b11111111111111111111111111111111 E
b10000 2
b10000 D
b1111 6
b1111 <
b11000 ;
b11000 C
b100000000 -
b11011010 F
1%
#18560000
b10101101 )
b10101101 1
1*
0(
#18564000
0%
#18565000
b11001 3
b11001 B
b10001 9
b10001 A
b1000 7
b100000010 /
1(
#18570000
0*
0(
#18571000
1#
b10101101 !
b10101101 0
b11000 5
b11000 =
b10000 6
b10000 <
b11001 :
b100000001 -
b10001001 F
1%
#18575000
b1111 4
b1111 ?
b11111111111111111111111111111111 @
b1000 8
b1000 >
b11000 7
1(
#18578000
0%
#18580000
0(
#18585000
0#
b11111111111111111111111111111111 @
b10000 4
b10000 ?
b10001 2
b10001 D
b11111111111111111111111111111111 E
b11000 8
b11000 >
b11001 ;
b11001 C
1(
1%
#18590000
b111001 )
b111001 1
1*
0(
#18592000
0%
#18595000
b11011 3
b11011 B
b10010 9
b10010 A
b100000011 /
1(
#18599000
1#
b111001 !
b111001 0
b11001 5
b11001 =
b10001 6
b10001 <
b11011 :
b100000010 -
b10101101 F
1%
#18600000
0*
0(
#18605000
b11001 7
1(
#18606000
0%
#18610000
0(
#18613000
0#
b10010 2
b10010 D
b11111111111111111111111111111111 E
b11011 ;
b11011 C
1%
#18615000
b10001 4
b10001 ?
b11111111111111111111111111111111 @
b11001 8
b11001 >
1(
#18620000
b11011001 )
b11011001 1
1*
0(
0%
#18625000
b11010 3
b11010 B
b10011 9
b10011 A
b100000100 /
1(
#18627000
1#
b11011001 !
b11011001 0
b11011 5
b11011 =
b10010 6
b10010 <
b11010 :
b100000011 -
b111001 F
1%
#18630000
b1001010 )
b1001010 1
0(
#18634000
0%
#18635000
b11110 3
b11110 B
b10100 9
b10100 A
b11011 7
b100000101 /
1(
#18640000
0*
0(
#18641000
0#
b10011 2
b10011 D
b11111111111111111111111111111111 E
b11010 ;
b11010 C
b11110 :
1%
#18645000
b10010 4
b10010 ?
b11111111111111111111111111111111 @
b11011 8
b11011 >
1(
#18648000
0%
#18650000
0(
#18655000
b1001010 !
b1001010 0
b11010 5
b11010 =
b10100 2
b10100 D
b11111111111111111111111111111111 E
b10011 6
b10011 <
b11110 ;
b11110 C
b100000100 -
b11011001 F
1(
1%
#18660000
0(
#18662000
0%
#18665000
b11010 7
1(
#18669000
1#
b10111110 !
b10111110 0
b11110 5
b11110 =
b10100 6
b10100 <
b100000101 -
b1001010 F
1%
#18670000
0(
#18675000
b10011 4
b10011 ?
b11111111111111111111111111111111 @
b11010 8
b11010 >
b11110 7
1(
#18676000
0%
#18680000
0(
#18683000
1%
#18685000
b10100 4
b10100 ?
b11111111111111111111111111111111 @
b11110 8
b11110 >
1(
#18690000
0(
0%
#18695000
1(
#18697000
1%
#18700000
0(
#18704000
0%
#18705000
1(
#18710000
b10001010 )
b10001010 1
1*
0(
#18711000
1%
#18715000
b11111 3
b11111 B
b10001010 !
b10001010 0
b10101 9
b10101 A
b100000110 /
1(
#18718000
0%
#18720000
0*
0(
#18725000
b11111 :
1(
1%
#18730000
0(
#18732000
0%
#18735000
1(
#18739000
0#
b10101 2
b10101 D
b11111111111111111111111111111111 E
b11111 ;
b11111 C
1%
#18740000
0(
#18745000
1(
#18746000
0%
#18750000
b10111110 )
b10111110 1
1*
0(
#18753000
1#
b10100100 !
b10100100 0
b11111 5
b11111 =
b10101 6
b10101 <
b100000110 -
b10001010 F
1%
#18755000
b11101 3
b11101 B
b10111110 !
b10111110 0
b10110 9
b10110 A
b11111 7
b100000111 /
1(
#18760000
0*
0(
0%
#18765000
b10101 4
b10101 ?
b11111111111111111111111111111111 @
b11111 8
b11111 >
1(
#18767000
b11101 :
1%
#18770000
0(
#18774000
0%
#18775000
1(
#18780000
0(
#18781000
0#
b10110 2
b10110 D
b11111111111111111111111111111111 E
b11101 ;
b11101 C
1%
#18785000
1(
#18788000
0%
#18790000
0(
#18795000
1#
b11011000 !
b11011000 0
b11101 5
b11101 =
b10110 6
b10110 <
b100000111 -
b10111110 F
1(
1%
#18800000
b100001 )
b100001 1
1*
0(
#18802000
0%
#18805000
b11100 3
b11100 B
b100001 !
b100001 0
b10111 9
b10111 A
b11101 7
b100001000 /
1(
#18809000
b11100 :
1%
#18810000
0*
0(
#18815000
b10110 4
b10110 ?
b11111111111111111111111111111111 @
b11101 8
b11101 >
1(
#18816000
0%
#18820000
b11000011 )
b11000011 1
1*
0(
#18823000
0#
b10111 2
b10111 D
b11111111111111111111111111111111 E
b11100 ;
b11100 C
1%
#18825000
b10100 3
b10100 B
b11000 9
b11000 A
b100001001 /
1(
#18830000
0*
0(
0%
#18835000
1(
#18837000
1#
b11000011 !
b11000011 0
b11100 5
b11100 =
b10111 6
b10111 <
b10100 :
b100001000 -
b100001 F
1%
#18840000
0(
#18844000
0%
#18845000
b11100 7
1(
#18850000
b10001110 )
b10001110 1
1*
0(
#18851000
0#
b11000 2
b11000 D
b11111111111111111111111111111111 E
b10100 ;
b10100 C
1%
#18855000
b10101 3
b10101 B
b10111 4
b10111 ?
b11111111111111111111111111111111 @
b11001 9
b11001 A
b11100 8
b11100 >
b100001010 /
1(
#18858000
0%
#18860000
0*
0(
#18865000
1#
b10001110 !
b10001110 0
b10100 5
b10100 =
b11000 6
b11000 <
b10101 :
b100001001 -
b11000011 F
1(
1%
#18870000
0(
#18872000
0%
#18875000
b10100 7
1(
#18879000
0#
b11001 2
b11001 D
b11111111111111111111111111111111 E
b10101 ;
b10101 C
1%
#18880000
0(
#18885000
b11000 4
b11000 ?
b11111111111111111111111111111111 @
b10100 8
b10100 >
1(
#18886000
0%
#18890000
b1000111 )
b1000111 1
1*
0(
#18893000
1#
b10100000 !
b10100000 0
b10101 5
b10101 =
b11001 6
b11001 <
b100001010 -
b10001110 F
1%
#18895000
b10111 3
b10111 B
b1000111 !
b1000111 0
b11010 9
b11010 A
b10101 7
b100001011 /
1(
#18900000
0*
0(
0%
#18905000
b11001 4
b11001 ?
b11111111111111111111111111111111 @
b10101 8
b10101 >
1(
#18907000
b10111 :
1%
#18910000
0(
#18914000
0%
#18915000
1(
#18920000
0(
#18921000
0#
b11010 2
b11010 D
b11111111111111111111111111111111 E
b10111 ;
b10111 C
1%
#18925000
1(
#18928000
0%
#18930000
0(
#18935000
1#
b11001001 !
b11001001 0
b10111 5
b10111 =
b11010 6
b11010 <
b100001011 -
b1000111 F
1(
1%
#18940000
0(
#18942000
0%
#18945000
b10111 7
1(
#18949000
1%
#18950000
0(
#18955000
b11010 4
b11010 ?
b11111111111111111111111111111111 @
b10111 8
b10111 >
1(
#18956000
0%
#18960000
0(
#18963000
1%
#18965000
1(
#18970000
b10000010 )
b10000010 1
1*
0(
0%
#18975000
b10110 3
b10110 B
b10000010 !
b10000010 0
b11011 9
b11011 A
b100001100 /
1(
#18977000
b10110 :
1%
#18980000
b11001 )
b11001 1
0(
#18984000
0%
#18985000
b10010 3
b10010 B
b11100 9
b11100 A
b100001101 /
1(
#18990000
b11110 )
b11110 1
0(
#18991000
0#
b11011 2
b11011 D
b11111111111111111111111111111111 E
b10110 ;
b10110 C
b10010 :
1%
#18995000
b10011 3
b10011 B
b11101 9
b11101 A
b100001110 /
1(
#18998000
0%
#19000000
0*
0(
#19005000
b11001 !
b11001 0
b10110 5
b10110 =
b11100 2
b11100 D
b11111111111111111111111111111111 E
b11011 6
b11011 <
b10010 ;
b10010 C
b10011 :
b100001100 -
b10000010 F
1(
1%
#19010000
0(
#19012000
0%
#19015000
b10110 7
1(
#19019000
b11110 !
b11110 0
b10010 5
b10010 =
b11101 2
b11101 D
b11111111111111111111111111111111 E
b11100 6
b11100 <
b10011 ;
b10011 C
b100001101 -
b11001 F
1%
#19020000
0(
#19025000
b11011 4
b11011 ?
b11111111111111111111111111111111 @
b10110 8
b10110 >
b10010 7
1(
#19026000
0&
0%
#19030000
b10000101 )
b10000101 1
1*
0(
#19033000
1%
#19035000
b10001 3
b10001 B
b11100 4
b11100 ?
b11111111111111111111111111111111 @
b11110 9
b11110 A
b10010 8
b10010 >
b100001111 /
1(
#19040000
b1001100 )
b1001100 1
1&
0(
0%
#19045000
b10000 3
b10000 B
b11111 9
b11111 A
b100010000 /
1(
#19047000
1#
b10000101 !
b10000101 0
b10011 5
b10011 =
b11101 6
b11101 <
b10000 :
b100001110 -
b11110 F
1%
#19050000
b11001001 )
b11001001 1
0(
#19054000
0%
#19055000
b0 3
b0 B
b0 9
b0 A
b10011 7
b100010001 /
1(
#19060000
0*
0(
#19061000
0#
b11111 2
b11111 D
b11111111111111111111111111111111 E
b10000 ;
b10000 C
b0 :
1%
#19065000
b11101 4
b11101 ?
b11111111111111111111111111111111 @
b10011 8
b10011 >
1(
#19068000
0&
0%
#19070000
b1011110 )
b1011110 1
1*
0(
#19075000
b1 3
b1 B
b11111111111111111111111111111111 E
b0 2
b0 D
b1 9
b1 A
b0 ;
b0 C
b100010010 /
1(
1%
#19080000
0*
0(
#19082000
1&
0%
#19085000
1(
#19089000
b1001100 !
b1001100 0
b10001 5
b10001 =
b11110 6
b11110 <
b1 :
b100001111 -
b10000101 F
1%
#19090000
0(
#19095000
b10001 7
1(
#19096000
0%
#19100000
b100111 )
b100111 1
1*
0(
#19103000
b11001001 !
b11001001 0
b10000 5
b10000 =
b1 2
b1 D
b11111111111111111111111111111111 E
b11111 6
b11111 <
b1 ;
b1 C
b100010000 -
b1001100 F
1%
#19105000
b11 3
b11 B
b11110 4
b11110 ?
b11111111111111111111111111111111 @
b10 9
b10 A
b10001 8
b10001 >
b10000 7
b100010011 /
1(
#19110000
0*
0(
0%
#19115000
b11111 4
b11111 ?
b11111111111111111111111111111111 @
b10000 8
b10000 >
1(
#19117000
b1011110 !
b1011110 0
b0 5
b0 =
b0 6
b0 <
b11 :
b100010001 -
b11001001 F
1%
#19120000
b11011110 )
b11011110 1
1*
0(
#19124000
0%
#19125000
b10 3
b10 B
b11 9
b11 A
b0 7
b100010100 /
1(
#19130000
0*
0(
#19131000
b100111 !
b100111 0
b1 5
b1 =
b10 2
b10 D
b11111111111111111111111111111111 E
b1 6
b1 <
b11 ;
b11 C
b10 :
b100010010 -
b1011110 F
1%
#19135000
b11111111111111111111111111111111 @
b0 4
b0 ?
b0 8
b0 >
b1 7
1(
#19138000
0%
#19140000
0(
#19145000
b1 4
b1 ?
b11111111111111111111111111111111 @
b11011110 !
b11011110 0
b11 5
b11 =
b11 2
b11 D
b11111111111111111111111111111111 E
b1 8
b1 >
b10 6
b10 <
b10 ;
b10 C
b100010011 -
b100111 F
1(
1%
#19150000
b11101001 )
b11101001 1
1*
0(
#19152000
0%
#19155000
b110 3
b110 B
b100 9
b100 A
b11 7
b100010101 /
1(
#19159000
1#
b11101001 !
b11101001 0
b10 5
b10 =
b11 6
b11 <
b110 :
b100010100 -
b11011110 F
1%
#19160000
0*
0(
#19165000
b10 4
b10 ?
b11111111111111111111111111111111 @
b11 8
b11 >
b10 7
1(
#19166000
0%
#19170000
0(
#19173000
0#
b100 2
b100 D
b11111111111111111111111111111111 E
b110 ;
b110 C
1%
#19175000
b11 4
b11 ?
b11111111111111111111111111111111 @
b10 8
b10 >
1(
#19180000
b10111111 )
b10111111 1
1*
0(
0%
#19185000
b111 3
b111 B
b101 9
b101 A
b100010110 /
1(
#19187000
1#
b10111111 !
b10111111 0
b110 5
b110 =
b100 6
b100 <
b111 :
b100010101 -
b11101001 F
1%
#19190000
0*
0(
#19194000
0%
#19195000
b110 7
1(
#19200000
0(
#19201000
0#
b101 2
b101 D
b11111111111111111111111111111111 E
b111 ;
b111 C
1%
#19205000
b100 4
b100 ?
b11111111111111111111111111111111 @
b110 8
b110 >
1(
#19208000
0%
#19210000
b10101000 )
b10101000 1
1*
0(
#19215000
1#
b101 3
b101 B
b10101000 !
b10101000 0
b111 5
b111 =
b110 9
b110 A
b101 6
b101 <
b100010111 /
b100010110 -
b10111111 F
1(
1%
#19220000
0*
0(
#19222000
0%
#19225000
b111 7
1(
#19229000
b101 :
1%
#19230000
0(
#19235000
b101 4
b101 ?
b11111111111111111111111111111111 @
b111 8
b111 >
1(
#19236000
0%
#19240000
0(
#19243000
0#
b110 2
b110 D
b11111111111111111111111111111111 E
b101 ;
b101 C
1%
#19245000
1(
#19250000
0(
0%
#19255000
1(
#19257000
1#
b100001 !
b100001 0
b101 5
b101 =
b110 6
b110 <
b100010111 -
b10101000 F
1%
#19260000
0(
#19264000
0%
#19265000
b101 7
1(
#19270000
0(
#19271000
1%
#19275000
b110 4
b110 ?
b11111111111111111111111111111111 @
b101 8
b101 >
1(
#19278000
0%
#19280000
0(
#19285000
1(
1%
#19290000
0(
#19292000
0%
#19295000
1(
#19299000
1%
#19300000
0(
#19305000
1(
#19306000
0%
#19310000
0(
#19313000
1%
#19315000
1(
#19320000
b101011 )
b101011 1
1*
0(
0%
#19325000
b100 3
b100 B
b101011 !
b101011 0
b111 9
b111 A
b100011000 /
1(
#19327000
b100 :
1%
#19330000
0*
0(
#19334000
0%
#19335000
1(
#19340000
0(
#19341000
0#
b111 2
b111 D
b11111111111111111111111111111111 E
b100 ;
b100 C
1%
#19345000
1(
#19348000
0%
#19350000
b11001110 )
b11001110 1
1*
0(
#19355000
1#
b1100 3
b1100 B
b11001110 !
b11001110 0
b100 5
b100 =
b1000 9
b1000 A
b111 6
b111 <
b100011001 /
b100011000 -
b101011 F
1(
1%
#19360000
0*
0(
#19362000
0%
#19365000
b100 7
1(
#19369000
b1100 :
1%
#19370000
0(
#19375000
b111 4
b111 ?
b11111111111111111111111111111111 @
b100 8
b100 >
1(
#19376000
0%
#19380000
0(
#19383000
0#
b1000 2
b1000 D
b11111111111111111111111111111111 E
b1100 ;
b1100 C
1%
#19385000
1(
#19390000
0(
0%
#19395000
1(
#19397000
1#
b10001110 !
b10001110 0
b1100 5
b1100 =
b1000 6
b1000 <
b100011001 -
b11001110 F
1%
#19400000
0(
#19404000
0%
#19405000
b1100 7
1(
#19410000
b111011 )
b111011 1
1*
0(
#19411000
1%
#19415000
b1101 3
b1101 B
b1000 4
b1000 ?
b11111111111111111111111111111111 @
b111011 !
b111011 0
b1001 9
b1001 A
b1100 8
b1100 >
b100011010 /
1(
#19418000
0%
#19420000
b1110111 )
b1110111 1
0(
#19425000
b1111 3
b1111 B
b1010 9
b1010 A
b1101 :
b100011011 /
1(
1%
#19430000
0*
0(
#19432000
0%
#19435000
1(
#19439000
0#
b1001 2
b1001 D
b11111111111111111111111111111111 E
b1101 ;
b1101 C
b1111 :
1%
#19440000
0(
#19445000
1(
#19446000
0%
#19450000
0(
#19453000
b1110111 !
b1110111 0
b1101 5
b1101 =
b1010 2
b1010 D
b11111111111111111111111111111111 E
b1001 6
b1001 <
b1111 ;
b1111 C
b100011010 -
b111011 F
1%
#19455000
b1101 7
1(
#19460000
b11111001 )
b11111001 1
1*
0(
0%
#19465000
b1110 3
b1110 B
b1001 4
b1001 ?
b11111111111111111111111111111111 @
b1011 9
b1011 A
b1101 8
b1101 >
b100011100 /
1(
#19467000
1#
b11111001 !
b11111001 0
b1111 5
b1111 =
b1010 6
b1010 <
b1110 :
b100011011 -
b1110111 F
1%
#19470000
0*
0(
#19474000
0%
#19475000
b1111 7
1(
#19480000
0(
#19481000
0#
b1011 2
b1011 D
b11111111111111111111111111111111 E
b1110 ;
b1110 C
1%
#19485000
b1010 4
b1010 ?
b11111111111111111111111111111111 @
b1111 8
b1111 >
1(
#19488000
0%
#19490000
0(
#19495000
1#
b11001 !
b11001 0
b1110 5
b1110 =
b1011 6
b1011 <
b100011100 -
b11111001 F
1(
1%
#19500000
0(
#19502000
0%
#19505000
b1110 7
1(
#19509000
1%
#19510000
0(
#19515000
b1011 4
b1011 ?
b11111111111111111111111111111111 @
b1110 8
b1110 >
1(
#19516000
0&
0%
#19520000
0(
#19523000
1%
#19525000
1(
#19530000
0(
0%
#19535000
1(
#19537000
1%
#19540000
0(
#19544000
1&
0%
#19545000
1(
#19550000
0(
#19551000
1%
#19555000
1(
#19558000
0%
#19560000
0(
#19565000
1(
1%
#19570000
0(
#19572000
0%
#19575000
1(
#19579000
1%
#19580000
0(
#19585000
1(
#19586000
0&
0%
#19590000
0(
#19593000
1%
#19595000
1(
#19600000
1&
0(
0%
#19605000
1(
#19607000
1%
#19610000
0(
#19614000
0%
#19615000
1(
#19620000
0(
#19621000
1%
#19625000
1(
#19628000
0%
#19630000
0(
#19635000
1(
1%
#19640000
0(
#19642000
0&
0%
#19645000
1(
#19649000
1%
#19650000
0(
#19655000
1(
#19656000
1&
0%
#19660000
0(
#19663000
1%
#19665000
1(
#19670000
0(
0%
#19675000
1(
#19677000
1%
#19680000
0(
#19684000
0%
#19685000
1(
#19690000
0(
#19691000
1%
#19695000
1(
#19698000
0&
0%
#19700000
0(
#19705000
1(
1%
#19710000
0(
#19712000
1&
0%
#19715000
1(
#19719000
1%
#19720000
0(
#19725000
1(
#19726000
0%
#19730000
0(
#19733000
1%
#19735000
1(
#19740000
0(
0%
#19745000
1(
#19747000
1%
#19750000
0(
#19754000
0%
#19755000
1(
#19760000
0(
#19761000
1%
#19765000
1(
#19768000
0&
0%
#19770000
0(
#19775000
1(
1%
#19780000
0(
#19782000
0%
#19785000
1(
#19789000
1%
#19790000
0(
#19795000
1(
#19796000
1&
0%
#19800000
0(
#19803000
1%
#19805000
1(
#19810000
0(
0%
#19815000
1(
#19817000
1%
#19820000
0(
#19824000
0%
#19825000
1(
#19830000
0(
#19831000
1%
#19835000
1(
#19838000
0%
#19840000
0(
#19845000
1(
1%
#19850000
0(
#19852000
0%
#19855000
1(
#19859000
1%
#19860000
0(
#19865000
1(
#19866000
0%
#19870000
0(
#19873000
1%
#19875000
1(
#19880000
0(
0%
#19885000
1(
#19887000
1%
#19890000
0(
#19894000
0%
#19895000
1(
#19900000
0(
#19901000
1%
#19905000
1(
#19908000
0%
#19910000
0(
#19915000
1(
1%
#19920000
0(
#19922000
0%
#19925000
1(
#19929000
1%
#19930000
0(
#19935000
1(
#19936000
0%
#19940000
0(
#19943000
1%
#19945000
1(
#19950000
0(
0%
#19955000
1(
#19957000
1%
#19960000
0(
#19964000
0%
#19965000
1(
#19970000
0(
#19971000
1%
#19975000
1(
#19978000
0%
#19980000
0(
#19985000
1(
1%
#19990000
0(
#19992000
0%
#19995000
1(
#19999000
1%
#20000000
0(
#20005000
1(
#20006000
0%
#20010000
0(
#20013000
1%
#20015000
1(
#20020000
0(
0%
#20025000
1(
#20027000
1%
#20030000
0(
#20034000
0%
#20035000
1(
#20040000
0(
#20041000
1%
#20045000
1(
#20048000
0%
#20050000
0(
#20055000
1(
1%
#20060000
0(
#20062000
0%
#20065000
1(
#20069000
1%
#20070000
0(
#20075000
1(
#20076000
0%
#20080000
0(
#20083000
1%
#20085000
1(
#20090000
0(
0%
#20095000
1(
#20097000
1%
#20100000
0(
#20104000
0%
#20105000
1(
#20110000
0(
#20111000
1%
#20115000
1(
#20118000
0&
0%
#20120000
0(
#20125000
1(
1%
#20130000
0(
#20132000
1&
0%
#20135000
1(
#20139000
1%
#20140000
0(
#20145000
1(
#20146000
0%
#20150000
0(
#20153000
1%
#20155000
1(
#20160000
0&
0(
0%
#20165000
1(
#20167000
1%
#20170000
0(
#20174000
1&
0%
#20175000
1(
#20180000
0(
#20181000
1%
#20185000
1(
#20188000
0%
#20190000
0(
#20195000
1(
1%
#20200000
0(
#20202000
0&
0%
#20205000
1(
#20209000
1%
#20210000
0(
#20215000
1(
#20216000
1&
0%
#20220000
0(
#20223000
1%
#20225000
1(
#20230000
0(
0%
#20235000
1(
#20237000
1%
#20240000
0(
#20244000
0%
#20245000
1(
#20250000
0(
#20251000
1%
#20255000
1(
#20258000
0%
#20260000
0(
#20265000
1(
1%
#20270000
0(
#20272000
0%
#20275000
1(
#20279000
1%
#20280000
0(
#20285000
1(
#20286000
0%
#20290000
0(
#20293000
1%
#20295000
1(
#20300000
0(
0%
#20305000
1(
#20307000
1%
#20310000
0(
#20314000
0%
#20315000
1(
#20320000
0(
#20321000
1%
#20325000
1(
#20328000
0%
#20330000
0(
#20335000
1(
1%
#20340000
0(
#20342000
0%
#20345000
1(
#20349000
1%
#20350000
0(
#20355000
1(
#20356000
0%
#20360000
0(
#20363000
1%
#20365000
1(
#20370000
0(
0%
#20375000
1(
#20377000
1%
#20380000
0(
#20384000
0%
#20385000
1(
#20390000
0(
#20391000
1%
#20395000
1(
#20398000
0%
#20400000
0(
#20405000
1(
1%
#20410000
0(
#20412000
0%
#20415000
1(
#20419000
1%
#20420000
0(
#20425000
1(
#20426000
0%
#20430000
0(
#20433000
1%
#20435000
1(
#20440000
0(
0%
#20445000
1(
#20447000
1%
#20450000
0(
#20454000
0%
#20455000
1(
#20460000
0(
#20461000
1%
#20465000
1(
#20468000
0%
#20470000
0(
#20475000
1(
1%
#20480000
0(
#20482000
0&
0%
#20485000
1(
#20489000
1%
#20490000
0(
#20495000
1(
#20496000
1&
0%
#20500000
0(
#20503000
1%
#20505000
1(
#20510000
0(
0%
#20515000
1(
#20517000
1%
#20520000
0(
#20524000
0%
#20525000
1(
#20530000
0(
#20531000
1%
#20535000
1(
#20538000
0%
#20540000
0(
#20545000
1(
1%
#20550000
0(
#20552000
0&
0%
#20555000
1(
#20559000
1%
#20560000
0(
#20565000
1(
#20566000
1&
0%
#20570000
0(
#20573000
1%
#20575000
1(
#20580000
0&
0(
0%
#20585000
1(
#20587000
1%
#20590000
0(
#20594000
1&
0%
#20595000
1(
#20600000
0(
#20601000
1%
#20605000
1(
#20608000
0%
#20610000
0(
#20615000
1(
1%
#20620000
0(
#20622000
0%
#20625000
1(
#20629000
1%
#20630000
0(
#20635000
1(
#20636000
0%
#20640000
0(
#20643000
1%
#20645000
1(
#20650000
0(
0%
#20655000
1(
#20657000
1%
#20660000
0(
#20664000
0%
#20665000
1(
#20670000
0(
#20671000
1%
#20675000
1(
#20678000
0%
#20680000
0(
#20685000
1(
1%
#20690000
0(
#20692000
0%
#20695000
1(
#20699000
1%
#20700000
0(
#20705000
1(
#20706000
0%
#20710000
0(
#20713000
1%
#20715000
1(
#20720000
0(
0%
#20725000
1(
#20727000
1%
#20730000
0(
#20734000
0%
#20735000
1(
#20740000
0(
#20741000
1%
#20745000
1(
#20748000
0%
#20750000
0(
#20755000
1(
1%
#20760000
0(
#20762000
0%
#20765000
1(
#20769000
1%
#20770000
0(
#20775000
1(
#20776000
0%
#20780000
0(
#20783000
1%
#20785000
1(
#20790000
0(
0%
#20795000
1(
#20797000
1%
#20800000
0(
#20804000
0%
#20805000
1(
#20810000
0(
#20811000
1%
#20815000
1(
#20818000
0%
#20820000
0(
#20825000
1(
1%
#20830000
0(
#20832000
0&
0%
#20835000
1(
#20839000
1%
#20840000
0(
#20845000
1(
#20846000
1&
0%
#20850000
0(
#20853000
1%
#20855000
1(
#20860000
0(
0%
#20865000
1(
#20867000
1%
#20870000
0(
#20874000
0%
#20875000
1(
#20880000
0(
#20881000
1%
#20885000
1(
#20888000
0%
#20890000
0(
#20895000
1(
1%
#20900000
0(
#20902000
0%
#20905000
1(
#20909000
1%
#20910000
0(
#20915000
1(
#20916000
0%
#20920000
0(
#20923000
1%
#20925000
1(
#20930000
0(
0%
#20935000
1(
#20937000
1%
#20940000
0(
#20944000
0%
#20945000
1(
#20950000
0(
#20951000
1%
#20955000
1(
#20958000
0%
#20960000
0(
#20965000
1(
1%
#20970000
0(
#20972000
0%
#20975000
1(
#20979000
1%
#20980000
0(
#20985000
1(
#20986000
0%
#20990000
0(
#20993000
1%
#20995000
1(
#21000000
0(
0%
#21005000
1(
#21007000
1%
#21010000
0(
#21014000
0%
#21015000
1(
#21020000
0(
#21021000
1%
#21025000
1(
#21028000
0%
#21030000
0(
#21035000
1(
1%
#21040000
0(
#21042000
0%
#21045000
1(
#21049000
1%
#21050000
0(
#21055000
1(
#21056000
0%
#21060000
0(
#21063000
1%
#21065000
1(
#21070000
0&
0(
0%
#21075000
1(
#21077000
1%
#21080000
0(
#21084000
1&
0%
#21085000
1(
#21090000
0(
#21091000
1%
#21095000
1(
#21098000
0%
#21100000
0(
#21105000
1(
1%
#21110000
0(
#21112000
0%
#21115000
1(
#21119000
1%
#21120000
0(
#21125000
1(
#21126000
0%
#21130000
0(
#21133000
1%
#21135000
1(
#21140000
0(
0%
#21145000
1(
#21147000
1%
#21150000
0(
#21154000
0%
#21155000
1(
#21160000
0(
#21161000
1%
#21165000
1(
#21168000
0%
#21170000
0(
#21175000
1(
1%
#21180000
0(
#21182000
0%
#21185000
1(
#21189000
1%
#21190000
0(
#21195000
1(
#21196000
0%
#21200000
0(
#21203000
1%
#21205000
1(
#21210000
0(
0%
#21215000
1(
#21217000
1%
#21220000
0(
#21224000
0%
#21225000
1(
#21230000
0(
#21231000
1%
#21235000
1(
#21238000
0%
#21240000
0(
#21245000
1(
1%
#21250000
0(
#21252000
0%
#21255000
1(
#21259000
1%
#21260000
0(
#21265000
1(
#21266000
0%
#21270000
0(
#21273000
1%
#21275000
1(
#21280000
0(
0%
#21285000
1(
#21287000
1%
#21290000
0(
#21294000
0%
#21295000
1(
#21300000
0(
#21301000
1%
#21305000
1(
#21308000
0%
#21310000
0(
#21315000
1(
1%
#21320000
0(
#21322000
0%
#21325000
1(
#21329000
1%
#21330000
0(
#21335000
1(
#21336000
0%
#21340000
0(
#21343000
1%
#21345000
1(
#21350000
0(
0%
#21355000
1(
#21357000
1%
#21360000
0(
#21364000
0%
#21365000
1(
#21370000
0(
#21371000
1%
#21375000
1(
#21378000
0%
#21380000
0(
#21385000
1(
1%
#21390000
0(
#21392000
0%
#21395000
1(
#21399000
1%
#21400000
0(
#21405000
1(
#21406000
0%
#21410000
0(
#21413000
1%
#21415000
1(
#21420000
0(
0%
#21425000
1(
#21427000
1%
#21430000
0(
#21434000
0%
#21435000
1(
#21440000
0(
#21441000
1%
#21445000
1(
#21448000
0%
#21450000
0(
#21455000
1(
1%
#21460000
0(
#21462000
0%
#21465000
1(
#21469000
1%
#21470000
0(
#21475000
1(
#21476000
0%
#21480000
0(
#21483000
1%
#21485000
1(
#21490000
0(
0%
#21495000
1(
#21497000
1%
#21500000
0(
#21504000
0%
#21505000
1(
#21510000
0(
#21511000
1%
#21515000
1(
#21518000
0%
#21520000
0(
#21525000
1(
1%
#21530000
0(
#21532000
0%
#21535000
1(
#21539000
1%
#21540000
0(
#21545000
1(
#21546000
0%
#21550000
0(
#21553000
1%
#21555000
1(
#21560000
0(
0%
#21565000
1(
#21567000
1%
#21570000
0(
#21574000
0%
#21575000
1(
#21580000
0(
#21581000
1%
#21585000
1(
#21588000
0%
#21590000
0(
#21595000
1(
1%
#21600000
0(
#21602000
0%
#21605000
1(
#21609000
1%
#21610000
0(
#21615000
1(
#21616000
0%
#21620000
0(
#21623000
1%
#21625000
1(
#21630000
0(
0%
#21635000
1(
#21637000
1%
#21640000
0(
#21644000
0%
#21645000
1(
#21650000
0(
#21651000
1%
#21655000
1(
#21658000
0%
#21660000
0(
#21665000
1(
1%
#21670000
0(
#21672000
0%
#21675000
1(
#21679000
1%
#21680000
0(
#21685000
1(
#21686000
0%
#21690000
0(
#21693000
1%
#21695000
1(
#21700000
0(
0%
#21705000
1(
#21707000
1%
#21710000
0(
#21714000
0%
#21715000
1(
#21720000
0(
#21721000
1%
#21725000
1(
#21728000
0%
#21730000
0(
#21735000
1(
1%
#21740000
0(
#21742000
0%
#21745000
1(
#21749000
1%
#21750000
0(
#21755000
1(
#21756000
0%
#21760000
0(
#21763000
1%
#21765000
1(
#21770000
0(
0%
#21775000
1(
#21777000
1%
#21780000
0(
#21784000
0%
#21785000
1(
#21790000
0(
#21791000
1%
#21795000
1(
#21798000
0%
#21800000
0(
#21805000
1(
1%
#21810000
0(
#21812000
0%
#21815000
1(
#21819000
1%
#21820000
0(
#21825000
1(
#21826000
0%
#21830000
0(
#21833000
1%
#21835000
1(
#21840000
0(
0%
#21845000
1(
#21847000
1%
#21850000
0(
#21854000
0%
#21855000
1(
#21860000
0(
#21861000
1%
#21865000
1(
#21868000
0%
#21870000
0(
#21875000
1(
1%
#21880000
0(
#21882000
0%
#21885000
1(
#21889000
1%
#21890000
0(
#21895000
1(
#21896000
0%
#21900000
0(
#21903000
1%
#21905000
1(
#21910000
0(
0%
#21915000
1(
#21917000
1%
#21920000
0(
#21924000
0%
#21925000
1(
#21930000
0(
#21931000
1%
#21935000
1(
#21938000
0%
#21940000
0(
#21945000
1(
1%
#21950000
0(
#21952000
0%
#21955000
1(
#21959000
1%
#21960000
0(
#21965000
1(
#21966000
0%
#21970000
0(
#21973000
1%
#21975000
1(
#21980000
0(
0%
#21985000
1(
#21987000
1%
#21990000
0(
#21994000
0%
#21995000
1(
#22000000
0(
#22001000
1%
#22005000
1(
#22008000
0%
#22010000
0(
#22015000
1(
1%
#22020000
0(
#22022000
0%
#22025000
1(
#22029000
1%
#22030000
0(
#22035000
1(
#22036000
0%
#22040000
0(
#22043000
1%
#22045000
1(
#22050000
0(
0%
#22055000
1(
#22057000
1%
#22060000
0(
#22064000
0%
#22065000
1(
#22070000
0(
#22071000
1%
#22075000
1(
#22078000
0%
#22080000
0(
#22085000
1(
1%
#22090000
0(
#22092000
0%
#22095000
1(
#22099000
1%
#22100000
0(
#22105000
1(
#22106000
0%
#22110000
0(
#22113000
1%
#22115000
1(
#22120000
0(
0%
#22125000
1(
#22127000
1%
#22130000
0(
#22134000
0%
#22135000
1(
#22140000
0(
#22141000
1%
#22145000
1(
#22148000
0%
#22150000
0(
#22155000
1(
1%
#22160000
0(
#22162000
0%
#22165000
1(
#22169000
1%
#22170000
0(
#22175000
1(
#22176000
0%
#22180000
0(
#22183000
1%
#22185000
1(
#22190000
0(
0%
#22195000
1(
#22197000
1%
#22200000
0(
#22204000
0%
#22205000
1(
#22210000
0(
#22211000
1%
#22215000
1(
#22218000
0%
#22220000
0(
#22225000
1(
1%
#22230000
0(
#22232000
0%
#22235000
1(
#22239000
1%
#22240000
0(
#22245000
1(
#22246000
0%
#22250000
0(
#22253000
1%
#22255000
1(
#22260000
0(
0%
#22265000
1(
#22267000
1%
#22270000
0(
#22274000
0%
#22275000
1(
#22280000
0(
#22281000
1%
#22285000
1(
#22288000
0%
#22290000
0(
#22295000
1(
1%
#22300000
0(
#22302000
0%
#22305000
1(
#22309000
1%
#22310000
0(
#22315000
1(
#22316000
0%
#22320000
0(
#22323000
1%
#22325000
1(
#22330000
0(
0%
#22335000
1(
#22337000
1%
#22340000
0(
#22344000
0%
#22345000
1(
#22350000
0(
#22351000
1%
#22355000
1(
#22358000
0%
#22360000
0(
#22365000
1(
1%
#22370000
0(
#22372000
0%
#22375000
1(
#22379000
1%
#22380000
0(
#22385000
1(
#22386000
0%
#22390000
0(
#22393000
1%
#22395000
1(
#22400000
0(
0%
#22405000
1(
#22407000
1%
#22410000
0(
#22414000
0%
#22415000
1(
#22420000
0(
#22421000
1%
#22425000
1(
#22428000
0%
#22430000
0(
#22435000
1(
1%
#22440000
0(
#22442000
0%
#22445000
1(
#22449000
1%
#22450000
0(
#22455000
1(
#22456000
0%
#22460000
0(
#22463000
1%
#22465000
1(
#22470000
0(
0%
#22475000
1(
#22477000
1%
#22480000
0(
#22484000
0%
#22485000
1(
#22490000
0(
#22491000
1%
#22495000
1(
#22498000
0%
#22500000
0(
#22505000
1(
1%
#22510000
0(
#22512000
0%
#22515000
1(
#22519000
1%
#22520000
0(
#22525000
1(
#22526000
0%
#22530000
0(
#22533000
1%
#22535000
1(
#22540000
0(
0%
#22545000
1(
#22547000
1%
#22550000
0(
#22554000
0%
#22555000
1(
#22560000
0(
#22561000
1%
#22565000
1(
#22568000
0%
#22570000
0(
#22575000
1(
1%
#22580000
0(
#22582000
0%
#22585000
1(
#22589000
1%
#22590000
0(
#22595000
1(
#22596000
0%
#22600000
0(
#22603000
1%
#22605000
1(
#22610000
0(
0%
#22615000
1(
#22617000
1%
#22620000
0(
#22624000
0%
#22625000
1(
#22630000
0(
#22631000
1%
#22635000
1(
#22638000
0%
#22640000
0(
#22645000
1(
1%
#22650000
0(
#22652000
0%
#22655000
1(
#22659000
1%
#22660000
0(
#22665000
1(
#22666000
0%
#22670000
0(
#22673000
1%
#22675000
1(
#22680000
0(
0%
#22685000
1(
#22687000
1%
#22690000
0(
#22694000
0%
#22695000
1(
#22700000
0(
#22701000
1%
#22705000
1(
#22708000
0%
#22710000
0(
#22715000
1(
1%
#22720000
0(
#22722000
0%
#22725000
1(
#22729000
1%
#22730000
0(
#22735000
1(
#22736000
0%
#22740000
0(
#22743000
1%
#22745000
1(
#22750000
0(
0%
#22755000
1(
#22757000
1%
#22760000
0(
#22764000
0%
#22765000
1(
#22770000
0(
#22771000
1%
#22775000
1(
#22778000
0%
#22780000
0(
#22785000
1(
1%
#22790000
0(
#22792000
0%
#22795000
1(
#22799000
1%
#22800000
0(
#22805000
1(
#22806000
0%
#22810000
0(
#22813000
1%
#22815000
1(
#22820000
0(
0%
#22825000
1(
#22827000
1%
#22830000
0(
#22834000
0%
#22835000
1(
#22840000
0(
#22841000
1%
#22845000
1(
#22848000
0%
#22850000
0(
#22855000
1(
1%
#22860000
0(
#22862000
0%
#22865000
1(
#22869000
1%
#22870000
0(
#22875000
1(
#22876000
0%
#22880000
0(
#22883000
1%
#22885000
1(
#22890000
0(
0%
#22895000
1(
#22897000
1%
#22900000
0(
#22904000
0%
#22905000
1(
#22910000
0(
#22911000
1%
#22915000
1(
#22918000
0%
#22920000
0(
#22925000
1(
1%
#22930000
0(
#22932000
0%
#22935000
1(
#22939000
1%
#22940000
0(
#22945000
1(
#22946000
0%
#22950000
0(
#22953000
1%
#22955000
1(
#22960000
0(
0%
#22965000
1(
#22967000
1%
#22970000
0(
#22974000
0%
#22975000
1(
#22980000
0(
#22981000
1%
#22985000
1(
#22988000
0%
#22990000
0(
#22995000
1(
1%
#23000000
0(
#23002000
0%
#23005000
1(
#23009000
1%
#23010000
0(
#23015000
1(
#23016000
0%
#23020000
0(
#23023000
1%
#23025000
1(
#23030000
0(
0%
#23035000
1(
#23037000
1%
#23040000
0(
#23044000
0%
#23045000
1(
#23050000
0(
#23051000
1%
#23055000
1(
#23058000
0%
#23060000
0(
#23065000
1(
1%
#23070000
0(
#23072000
0%
#23075000
1(
#23079000
1%
#23080000
0(
#23085000
1(
#23086000
0%
#23090000
0(
#23093000
1%
#23095000
1(
#23100000
0(
0%
#23105000
1(
#23107000
1%
#23110000
0(
#23114000
0%
#23115000
1(
#23120000
0(
#23121000
1%
#23125000
1(
#23128000
0%
#23130000
0(
#23135000
1(
1%
#23140000
0(
#23142000
0%
#23145000
1(
#23149000
1%
#23150000
0(
#23155000
1(
#23156000
0%
#23160000
0(
#23163000
1%
#23165000
1(
#23170000
0(
0%
#23175000
1(
#23177000
1%
#23180000
0(
#23184000
0%
#23185000
1(
#23190000
0(
#23191000
1%
#23195000
1(
#23198000
0%
#23200000
0(
#23205000
1(
1%
#23210000
0(
#23212000
0%
#23215000
1(
#23219000
1%
#23220000
0(
#23225000
1(
#23226000
0%
#23230000
0(
#23233000
1%
#23235000
1(
#23240000
0(
0%
#23245000
1(
#23247000
1%
#23250000
0(
#23254000
0%
#23255000
1(
#23260000
0(
#23261000
1%
#23265000
1(
#23268000
0%
#23270000
0(
#23275000
1(
1%
#23280000
0(
#23282000
0%
#23285000
1(
#23289000
1%
#23290000
0(
#23295000
1(
#23296000
0%
#23300000
0(
#23303000
1%
#23305000
1(
#23310000
0(
0%
#23315000
1(
#23317000
1%
#23320000
0(
#23324000
0%
#23325000
1(
#23330000
0(
#23331000
1%
#23335000
1(
#23338000
0%
#23340000
0(
#23345000
1(
1%
#23350000
0(
#23352000
0%
#23355000
1(
#23359000
1%
#23360000
0(
#23365000
1(
#23366000
0%
#23370000
0(
#23373000
1%
#23375000
1(
#23380000
0(
0%
#23385000
1(
#23387000
1%
#23390000
0(
#23394000
0%
#23395000
1(
#23400000
0(
#23401000
1%
#23405000
1(
#23408000
0%
#23410000
0(
#23415000
1(
1%
#23420000
0(
#23422000
0%
#23425000
1(
#23429000
1%
#23430000
0(
#23435000
1(
#23436000
0%
#23440000
0(
#23443000
1%
#23445000
1(
#23450000
0(
0%
#23455000
1(
#23457000
1%
#23460000
0(
#23464000
0%
#23465000
1(
#23470000
0(
#23471000
1%
#23475000
1(
#23478000
0%
#23480000
0(
#23485000
1(
1%
#23490000
0(
#23492000
0%
#23495000
1(
#23499000
1%
#23500000
0(
#23505000
1(
#23506000
0%
#23510000
0(
#23513000
1%
#23515000
1(
#23520000
0(
0%
#23525000
1(
#23527000
1%
#23530000
0(
#23534000
0%
#23535000
1(
#23540000
0(
#23541000
1%
#23545000
1(
#23548000
0%
#23550000
0(
#23555000
1(
1%
#23560000
0(
#23562000
0%
#23565000
1(
#23569000
1%
#23570000
0(
#23575000
1(
#23576000
0%
#23580000
0(
#23583000
1%
#23585000
1(
#23590000
0(
0%
#23595000
1(
#23597000
1%
#23600000
0(
#23604000
0%
#23605000
1(
#23610000
0(
#23611000
1%
#23615000
1(
#23618000
0%
#23620000
0(
#23625000
1(
1%
#23630000
0(
#23632000
0%
#23635000
1(
#23639000
1%
#23640000
0(
#23645000
1(
#23646000
0%
#23650000
0(
#23653000
1%
#23655000
1(
#23660000
0(
0%
#23665000
1(
#23667000
1%
#23670000
0(
#23674000
0%
#23675000
1(
#23680000
0(
#23681000
1%
#23685000
1(
#23688000
0%
#23690000
0(
#23695000
1(
1%
#23700000
0(
#23702000
0%
#23705000
1(
#23709000
1%
#23710000
0(
#23715000
1(
#23716000
0%
#23720000
0(
#23723000
1%
#23725000
1(
#23730000
0(
0%
#23735000
1(
#23737000
1%
#23740000
0(
#23744000
0%
#23745000
1(
#23750000
0(
#23751000
1%
#23755000
1(
#23758000
0%
#23760000
0(
#23765000
1(
1%
#23770000
0(
#23772000
0%
#23775000
1(
#23779000
1%
#23780000
0(
#23785000
1(
#23786000
0%
#23790000
0(
#23793000
1%
#23795000
1(
#23800000
0(
0%
#23805000
1(
#23807000
1%
#23810000
0(
#23814000
0%
#23815000
1(
#23820000
0(
#23821000
1%
#23825000
1(
#23828000
0%
#23830000
0(
#23835000
1(
1%
#23840000
0(
#23842000
0%
#23845000
1(
#23849000
1%
#23850000
0(
#23855000
1(
#23856000
0%
#23860000
0(
#23863000
1%
#23865000
1(
#23870000
0(
0%
#23875000
1(
#23877000
1%
#23880000
0(
#23884000
0%
#23885000
1(
#23890000
0(
#23891000
1%
#23895000
1(
#23898000
0%
#23900000
0(
#23905000
1(
1%
#23910000
0(
#23912000
0%
#23915000
1(
#23919000
1%
#23920000
0(
#23925000
1(
#23926000
0%
#23930000
0(
#23933000
1%
#23935000
1(
#23940000
0(
0%
#23945000
1(
#23947000
1%
#23950000
0(
#23954000
0%
#23955000
1(
#23960000
0(
#23961000
1%
#23965000
1(
#23968000
0%
#23970000
0(
#23975000
1(
1%
#23980000
0(
#23982000
0%
#23985000
1(
#23989000
1%
#23990000
0(
#23995000
1(
#23996000
0%
#24000000
0(
#24003000
1%
#24005000
1(
#24010000
0(
0%
#24015000
1(
#24017000
1%
#24020000
0(
#24024000
0%
#24025000
1(
#24030000
0(
#24031000
1%
#24035000
1(
#24038000
0%
#24040000
0(
#24045000
1(
1%
#24050000
0(
#24052000
0%
#24055000
1(
#24059000
1%
#24060000
0(
#24065000
1(
#24066000
0%
#24070000
0(
#24073000
1%
#24075000
1(
#24080000
0(
0%
#24085000
1(
#24087000
1%
#24090000
0(
#24094000
0%
#24095000
1(
#24100000
0(
#24101000
1%
#24105000
1(
#24108000
0%
#24110000
0(
#24115000
1(
1%
#24120000
0(
#24122000
0%
#24125000
1(
#24129000
1%
#24130000
0(
#24135000
1(
#24136000
0%
#24140000
0(
#24143000
1%
#24145000
1(
#24150000
0(
0%
#24155000
1(
#24157000
1%
#24160000
0(
#24164000
0%
#24165000
1(
#24170000
0(
#24171000
1%
#24175000
1(
#24178000
0%
#24180000
0(
#24185000
1(
1%
#24190000
0(
#24192000
0%
#24195000
1(
#24199000
1%
#24200000
0(
#24205000
1(
#24206000
0%
#24210000
0(
#24213000
1%
#24215000
1(
#24220000
0(
0%
#24225000
1(
#24227000
1%
#24230000
0(
#24234000
0%
#24235000
1(
#24240000
0(
#24241000
1%
#24245000
1(
#24248000
0%
#24250000
0(
#24255000
1(
1%
#24260000
0(
#24262000
0%
#24265000
1(
#24269000
1%
#24270000
0(
#24275000
1(
#24276000
0%
#24280000
0(
#24283000
1%
#24285000
1(
#24290000
0(
0%
#24295000
1(
#24297000
1%
#24300000
0(
#24304000
0%
#24305000
1(
#24310000
0(
#24311000
1%
#24315000
1(
#24318000
0%
#24320000
0(
#24325000
1(
1%
#24330000
0(
#24332000
0%
#24335000
1(
#24339000
1%
#24340000
0(
#24345000
1(
#24346000
0%
#24350000
0(
#24353000
1%
#24355000
1(
#24360000
0(
0%
#24365000
1(
#24367000
1%
#24370000
0(
#24374000
0%
#24375000
1(
#24380000
0(
#24381000
1%
#24385000
1(
#24388000
0%
#24390000
0(
#24395000
1(
1%
#24400000
0(
#24402000
0%
#24405000
1(
#24409000
1%
#24410000
0(
#24415000
1(
#24416000
0%
#24420000
0(
#24423000
1%
#24425000
1(
#24430000
0(
0%
#24435000
1(
#24437000
1%
#24440000
0(
#24444000
0%
#24445000
1(
#24450000
0(
#24451000
1%
#24455000
1(
#24458000
0%
#24460000
0(
#24465000
1(
1%
#24470000
0(
#24472000
0%
#24475000
1(
#24479000
1%
#24480000
0(
#24485000
1(
#24486000
0%
#24490000
0(
#24493000
1%
#24495000
1(
#24500000
0(
0%
#24505000
1(
#24507000
1%
#24510000
0(
#24514000
0%
#24515000
1(
#24520000
0(
#24521000
1%
#24525000
1(
#24528000
0%
#24530000
0(
#24535000
1(
1%
#24540000
0(
#24542000
0%
#24545000
1(
#24549000
1%
#24550000
0(
#24555000
1(
#24556000
0%
#24560000
0(
#24563000
1%
#24565000
1(
#24570000
0(
0%
#24575000
1(
#24577000
1%
#24580000
0(
#24584000
0%
#24585000
1(
#24590000
0(
#24591000
1%
#24595000
1(
#24598000
0%
#24600000
0(
#24605000
1(
1%
#24610000
0(
#24612000
0%
#24615000
1(
#24619000
1%
#24620000
0(
#24625000
1(
#24626000
0%
#24630000
0(
#24633000
1%
#24635000
1(
#24640000
0(
0%
#24645000
1(
#24647000
1%
#24650000
0(
#24654000
0%
#24655000
1(
#24660000
0(
#24661000
1%
#24665000
1(
#24668000
0%
#24670000
0(
#24675000
1(
1%
#24680000
0(
#24682000
0%
#24685000
1(
#24689000
1%
#24690000
0(
#24695000
1(
#24696000
0%
#24700000
0(
#24703000
1%
#24705000
1(
#24710000
0(
0%
#24715000
1(
#24717000
1%
#24720000
0(
#24724000
0%
#24725000
1(
#24730000
0(
#24731000
1%
#24735000
1(
#24738000
0%
#24740000
0(
#24745000
1(
1%
#24750000
0(
#24752000
0%
#24755000
1(
#24759000
1%
#24760000
0(
#24765000
1(
#24766000
0%
#24770000
0(
#24773000
1%
#24775000
1(
#24780000
0(
0%
#24785000
1(
#24787000
1%
#24790000
0(
#24794000
0%
#24795000
1(
#24800000
0(
#24801000
1%
#24805000
1(
#24808000
0%
#24810000
0(
#24815000
1(
1%
#24820000
0(
#24822000
0%
#24825000
1(
#24829000
1%
#24830000
0(
#24835000
1(
#24836000
0%
#24840000
0(
#24843000
1%
#24845000
1(
#24850000
0(
0%
#24855000
1(
#24857000
1%
#24860000
0(
#24864000
0%
#24865000
1(
#24870000
0(
#24871000
1%
#24875000
1(
#24878000
0%
#24880000
0(
#24885000
1(
1%
#24890000
0(
#24892000
0%
#24895000
1(
#24899000
1%
#24900000
0(
#24905000
1(
#24906000
0%
#24910000
0(
#24913000
1%
#24915000
1(
#24920000
0(
0%
#24925000
1(
#24927000
1%
#24930000
0(
#24934000
0%
#24935000
1(
#24940000
0(
#24941000
1%
#24945000
1(
#24948000
0%
#24950000
0(
#24955000
1(
1%
#24960000
0(
#24962000
0%
#24965000
1(
#24969000
1%
#24970000
0(
#24975000
1(
#24976000
0%
#24980000
0(
#24983000
1%
#24985000
1(
#24990000
0(
0%
#24995000
1(
#24997000
1%
#25000000
0(
#25004000
0%
#25005000
1(
#25010000
0(
#25011000
1%
#25015000
1(
#25018000
0%
#25020000
0(
#25025000
1(
1%
#25030000
0(
#25032000
0%
#25035000
1(
#25039000
1%
#25040000
0(
#25045000
1(
#25046000
0%
#25050000
0(
#25053000
1%
#25055000
1(
#25060000
0(
0%
#25065000
1(
#25067000
1%
#25070000
0(
#25074000
0%
#25075000
1(
#25080000
0(
#25081000
1%
#25085000
1(
#25088000
0%
#25090000
0(
#25095000
1(
1%
#25100000
0(
#25102000
0%
#25105000
1(
#25109000
1%
#25110000
0(
#25115000
1(
#25116000
0%
#25120000
0(
#25123000
1%
#25125000
1(
#25130000
0(
0%
#25135000
1(
#25137000
1%
#25140000
0(
#25144000
0%
#25145000
1(
#25150000
0(
#25151000
1%
#25155000
1(
#25158000
0%
#25160000
0(
#25165000
1(
1%
#25170000
0(
#25172000
0%
#25175000
1(
#25179000
1%
#25180000
0(
#25185000
1(
#25186000
0%
#25190000
0(
#25193000
1%
#25195000
1(
#25200000
0(
0%
#25205000
1(
#25207000
1%
#25210000
0(
#25214000
0%
#25215000
1(
#25220000
0(
#25221000
1%
#25225000
1(
#25228000
0%
#25230000
0(
#25235000
1(
1%
#25240000
0(
#25242000
0%
#25245000
1(
#25249000
1%
#25250000
0(
#25255000
1(
#25256000
0%
#25260000
0(
#25263000
1%
#25265000
1(
#25270000
0(
0%
#25275000
1(
#25277000
1%
#25280000
0(
#25284000
0%
#25285000
1(
#25290000
0(
#25291000
1%
#25295000
1(
#25298000
0%
#25300000
0(
#25305000
1(
1%
#25310000
0(
#25312000
0%
#25315000
1(
#25319000
1%
#25320000
0(
#25325000
1(
#25326000
0%
#25330000
0(
#25333000
1%
#25335000
1(
#25340000
0(
0%
#25345000
1(
#25347000
1%
#25350000
0(
#25354000
0%
#25355000
1(
#25360000
0(
#25361000
1%
#25365000
1(
#25368000
0%
#25370000
0(
#25375000
1(
1%
#25380000
0(
#25382000
0%
#25385000
1(
#25389000
1%
#25390000
0(
#25395000
1(
#25396000
0%
#25400000
0(
#25403000
1%
#25405000
1(
#25410000
0(
0%
#25415000
1(
#25417000
1%
#25420000
0(
#25424000
0%
#25425000
1(
#25430000
0(
#25431000
1%
#25435000
1(
#25438000
0%
#25440000
0(
#25445000
1(
1%
#25450000
0(
#25452000
0%
#25455000
1(
#25459000
1%
#25460000
0(
#25465000
1(
#25466000
0%
#25470000
0(
#25473000
1%
#25475000
1(
#25480000
0(
0%
#25485000
1(
#25487000
1%
#25490000
0(
#25494000
0%
#25495000
1(
#25500000
0(
#25501000
1%
#25505000
1(
#25508000
0%
#25510000
0(
#25515000
1(
1%
#25520000
0(
#25522000
0%
#25525000
1(
#25529000
1%
#25530000
0(
#25535000
1(
#25536000
0%
#25540000
0(
#25543000
1%
#25545000
1(
#25550000
0(
0%
#25555000
1(
#25557000
1%
#25560000
0(
#25564000
0%
#25565000
1(
#25570000
0(
#25571000
1%
#25575000
1(
#25578000
0%
#25580000
0(
#25585000
1(
1%
#25590000
0(
#25592000
0%
#25595000
1(
#25599000
1%
#25600000
0(
#25605000
1(
#25606000
0%
#25610000
0(
#25613000
1%
#25615000
1(
#25620000
0(
0%
#25625000
1(
#25627000
1%
#25630000
0(
#25634000
0%
#25635000
1(
#25640000
0(
#25641000
1%
#25645000
1(
#25648000
0%
#25650000
0(
#25655000
1(
1%
#25660000
0(
#25662000
0%
#25665000
1(
#25669000
1%
#25670000
0(
#25675000
1(
#25676000
0%
#25680000
0(
#25683000
1%
#25685000
1(
#25690000
0(
0%
#25695000
1(
#25697000
1%
#25700000
0(
#25704000
0%
#25705000
1(
#25710000
0(
#25711000
1%
#25715000
1(
#25718000
0%
#25720000
0(
#25725000
1(
1%
#25730000
0(
#25732000
0%
#25735000
1(
#25739000
1%
#25740000
0(
#25745000
1(
#25746000
0%
#25750000
0(
#25753000
1%
#25755000
1(
#25760000
0(
0%
#25765000
1(
#25767000
1%
#25770000
0(
#25774000
0%
#25775000
1(
#25780000
0(
#25781000
1%
#25785000
1(
#25788000
0%
#25790000
0(
#25795000
1(
1%
#25800000
0(
#25802000
0%
#25805000
1(
#25809000
1%
#25810000
0(
#25815000
1(
#25816000
0%
#25820000
0(
#25823000
1%
#25825000
1(
#25830000
0(
0%
#25835000
1(
#25837000
1%
#25840000
0(
#25844000
0%
#25845000
1(
#25850000
0(
#25851000
1%
#25855000
1(
#25858000
0%
#25860000
0(
#25865000
1(
1%
#25870000
0(
#25872000
0%
#25875000
1(
#25879000
1%
#25880000
0(
#25885000
1(
#25886000
0%
#25890000
0(
#25893000
1%
#25895000
1(
#25900000
0(
0%
#25905000
1(
#25907000
1%
#25910000
0(
#25914000
0%
#25915000
1(
#25920000
0(
#25921000
1%
#25925000
1(
#25928000
0%
#25930000
0(
#25935000
1(
1%
#25940000
0(
#25942000
0%
#25945000
1(
#25949000
1%
#25950000
0(
#25955000
1(
#25956000
0%
#25960000
0(
#25963000
1%
#25965000
1(
#25970000
0(
0%
#25975000
1(
#25977000
1%
#25980000
0(
#25984000
0%
#25985000
1(
#25990000
0(
#25991000
1%
#25995000
1(
#25998000
0%
#26000000
0(
#26005000
1(
1%
#26010000
0(
#26012000
0%
#26015000
1(
#26019000
1%
#26020000
0(
#26025000
1(
#26026000
0%
#26030000
0(
#26033000
1%
#26035000
1(
#26040000
0(
0%
#26045000
1(
#26047000
1%
#26050000
0(
#26054000
0%
#26055000
1(
#26060000
0(
#26061000
1%
#26065000
1(
#26068000
0%
#26070000
0(
#26075000
1(
1%
#26080000
0(
#26082000
0%
#26085000
1(
#26089000
1%
#26090000
0(
#26095000
1(
#26096000
0%
#26100000
0(
#26103000
1%
#26105000
1(
#26110000
0(
0%
#26115000
1(
#26117000
1%
#26120000
0(
#26124000
0%
#26125000
1(
#26130000
0(
#26131000
1%
#26135000
1(
#26138000
0%
#26140000
0(
#26145000
1(
1%
#26150000
0(
#26152000
0%
#26155000
1(
#26159000
1%
#26160000
0(
#26165000
1(
#26166000
0%
#26170000
0(
#26173000
1%
#26175000
1(
#26180000
0(
0%
#26185000
1(
#26187000
1%
#26190000
0(
#26194000
0%
#26195000
1(
#26200000
0(
#26201000
1%
#26205000
1(
#26208000
0%
#26210000
0(
#26215000
1(
1%
#26220000
0(
#26222000
0%
#26225000
1(
#26229000
1%
#26230000
0(
#26235000
1(
#26236000
0%
#26240000
0(
#26243000
1%
#26245000
1(
#26250000
0(
0%
#26255000
1(
#26257000
1%
#26260000
0(
#26264000
0%
#26265000
1(
#26270000
0(
#26271000
1%
#26275000
1(
#26278000
0%
#26280000
0(
#26285000
1(
1%
#26290000
0(
#26292000
0%
#26295000
1(
#26299000
1%
#26300000
0(
#26305000
1(
#26306000
0%
#26310000
0(
#26313000
1%
#26315000
1(
#26320000
0(
0%
#26325000
1(
#26327000
1%
#26330000
0(
#26334000
0%
#26335000
1(
#26340000
0(
#26341000
1%
#26345000
1(
#26348000
0%
#26350000
0(
#26355000
1(
1%
#26360000
0(
#26362000
0%
#26365000
1(
#26369000
1%
#26370000
0(
#26375000
1(
#26376000
0%
#26380000
0(
#26383000
1%
#26385000
1(
#26390000
0(
0%
#26395000
1(
#26397000
1%
#26400000
0(
#26404000
0%
#26405000
1(
#26410000
0(
#26411000
1%
#26415000
1(
#26418000
0%
#26420000
0(
#26425000
1(
1%
#26430000
0(
#26432000
0%
#26435000
1(
#26439000
1%
#26440000
0(
#26445000
1(
#26446000
0%
#26450000
0(
#26453000
1%
#26455000
1(
#26460000
0(
0%
#26465000
1(
#26467000
1%
#26470000
0(
#26474000
0%
#26475000
1(
#26480000
0(
#26481000
1%
#26485000
1(
#26488000
0%
#26490000
0(
#26495000
1(
1%
#26500000
0(
#26502000
0%
#26505000
1(
#26509000
1%
#26510000
0(
#26515000
1(
#26516000
0%
#26520000
0(
#26523000
1%
#26525000
1(
#26530000
0(
0%
#26535000
1(
#26537000
1%
#26540000
0(
#26544000
0%
#26545000
1(
#26550000
0(
#26551000
1%
#26555000
1(
#26558000
0%
#26560000
0(
#26565000
1(
1%
#26570000
0(
#26572000
0%
#26575000
1(
#26579000
1%
#26580000
0(
#26585000
1(
#26586000
0%
#26590000
0(
#26593000
1%
#26595000
1(
#26600000
0(
0%
#26605000
1(
#26607000
1%
#26610000
0(
#26614000
0%
#26615000
1(
#26620000
0(
#26621000
1%
#26625000
1(
#26628000
0%
#26630000
0(
#26635000
1(
1%
#26640000
0(
#26642000
0%
#26645000
1(
#26649000
1%
#26650000
0(
#26655000
1(
#26656000
0%
#26660000
0(
#26663000
1%
#26665000
1(
#26670000
0(
0%
#26675000
1(
#26677000
1%
#26680000
0(
#26684000
0&
0%
#26685000
1(
#26690000
0(
#26691000
1%
#26695000
1(
#26698000
0%
#26700000
0(
#26705000
1(
1%
#26710000
0(
#26712000
0%
#26715000
1(
#26719000
1%
#26720000
0(
#26725000
1(
#26726000
0%
#26730000
0(
#26733000
1%
#26735000
1(
#26740000
0(
0%
#26745000
1(
#26747000
1%
#26750000
0(
#26754000
0%
#26755000
1(
#26760000
0(
#26761000
1%
#26765000
1(
#26768000
0%
#26770000
0(
#26775000
1(
1%
#26780000
0(
#26782000
0%
#26785000
1(
#26789000
1%
#26790000
0(
#26795000
1(
#26796000
0%
#26800000
0(
#26803000
1%
#26805000
1(
#26810000
0(
0%
#26815000
1(
#26817000
1#
b0 4
b0 ?
b11111111111111111111111111111111 @
b0 3
b0 B
b0 2
b0 D
b11111111111111111111111111111111 E
b1011110 !
b1011110 0
b0 5
b0 =
b0 8
b0 >
b0 7
b0 9
b0 A
b0 ;
b0 C
b0 :
b0 6
b0 <
0'
b0 )
b0 1
r3 ,
r8 .
1%
#26820000
0(
#26824000
0%
#26827000
1%
#26828000
1(
#26830000
0%
#26833000
1%
#26836000
0%
0(
#26839000
1%
#26842000
0%
#26844000
1(
#26845000
1%
#26848000
0%
#26851000
1%
#26852000
0(
#26854000
0%
#26857000
1%
#26860000
0%
1(
#26863000
1%
#26866000
0%
#26868000
0(
#26869000
1%
#26872000
0%
#26875000
1%
#26876000
1(
#26878000
0%
#26881000
1%
#26884000
0%
0(
#26887000
1%
#26890000
0%
#26892000
1(
#26893000
1%
#26896000
0%
#26899000
1%
#26900000
1'
0(
#26902000
0%
#26905000
1%
#26908000
0%
1(
#26911000
1%
#26914000
0%
#26916000
0(
#26917000
1%
#26920000
0%
#26923000
1%
#26924000
1(
#26926000
0%
#26929000
1%
#26932000
1&
b10110111 )
b10110111 1
1*
0%
0(
#26935000
1%
#26938000
0%
#26940000
b1 3
b1 B
b10110111 !
b10110111 0
b1 9
b1 A
b100011101 /
1(
#26941000
b1 :
1%
#26944000
0&
0%
#26947000
0#
b1 2
b1 D
b11111111111111111111111111111111 E
b1 ;
b1 C
1%
#26948000
0*
0(
#26950000
1&
0%
#26953000
1#
b100111 !
b100111 0
b1 5
b1 =
b1 6
b1 <
b100011101 -
b10110111 F
1%
#26956000
b1 7
0%
1(
#26959000
1%
#26962000
0%
#26964000
0(
#26965000
1%
#26968000
0%
#26971000
1%
#26972000
b1 4
b1 ?
b11111111111111111111111111111111 @
b1 8
b1 >
1(
#26974000
0%
#26977000
1%
#26980000
b1110001 )
b1110001 1
1*
0%
0(
#26983000
1%
#26986000
0%
#26988000
b11 3
b11 B
b1110001 !
b1110001 0
b10 9
b10 A
b100011110 /
1(
#26989000
b11 :
1%
#26992000
0%
#26995000
0#
b10 2
b10 D
b11111111111111111111111111111111 E
b11 ;
b11 C
1%
#26996000
b110000 )
b110000 1
0(
#26998000
0%
#27001000
1#
b11011110 !
b11011110 0
b11 5
b11 =
b10 6
b10 <
b100011110 -
b1110001 F
1%
#27004000
b10 3
b10 B
b110000 !
b110000 0
b11 9
b11 A
b11 7
b100011111 /
0%
1(
#27007000
b10 :
1%
#27010000
0%
#27012000
0*
0(
#27013000
0#
b11 2
b11 D
b11111111111111111111111111111111 E
b10 ;
b10 C
1%
#27016000
0%
#27019000
1#
b11101001 !
b11101001 0
b10 5
b10 =
b11 6
b11 <
b100011111 -
b110000 F
1%
#27020000
b10 4
b10 ?
b11111111111111111111111111111111 @
b11 8
b11 >
b10 7
1(
#27022000
0%
#27025000
1%
#27028000
b1111000 )
b1111000 1
1*
0%
0(
#27031000
1%
#27034000
0%
#27036000
b110 3
b110 B
b11 4
b11 ?
b11111111111111111111111111111111 @
b1111000 !
b1111000 0
b100 9
b100 A
b10 8
b10 >
b100100000 /
1(
#27037000
b110 :
1%
#27040000
0&
0%
#27043000
0#
b100 2
b100 D
b11111111111111111111111111111111 E
b110 ;
b110 C
1%
#27044000
b11 )
b11 1
0(
#27046000
1&
0%
#27049000
1#
b10111111 !
b10111111 0
b110 5
b110 =
b100 6
b100 <
b100100000 -
b1111000 F
1%
#27052000
b111 3
b111 B
b11 !
b11 0
b101 9
b101 A
b110 7
b100100001 /
0%
1(
#27055000
b111 :
1%
#27058000
0&
0%
#27060000
b11011000 )
b11011000 1
0(
#27061000
0#
b101 2
b101 D
b11111111111111111111111111111111 E
b111 ;
b111 C
1%
#27064000
1&
0%
#27067000
1#
b10101000 !
b10101000 0
b111 5
b111 =
b101 6
b101 <
b100100001 -
b11 F
1%
#27068000
b101 3
b101 B
b100 4
b100 ?
b11111111111111111111111111111111 @
b11011000 !
b11011000 0
b110 9
b110 A
b110 8
b110 >
b111 7
b100100010 /
1(
#27070000
0&
0%
#27073000
b101 :
1%
#27076000
1&
0*
0%
0(
#27079000
0#
b110 2
b110 D
b11111111111111111111111111111111 E
b101 ;
b101 C
1%
#27082000
0&
0%
#27084000
b101 4
b101 ?
b11111111111111111111111111111111 @
b111 8
b111 >
1(
#27085000
1%
#27088000
1&
0%
#27091000
1#
b101011 !
b101011 0
b101 5
b101 =
b110 6
b110 <
b100100010 -
b11011000 F
1%
#27092000
b11001011 )
b11001011 1
1*
0(
#27094000
0%
#27097000
1%
#27100000
b100 3
b100 B
b11001011 !
b11001011 0
b111 9
b111 A
b101 7
b100100011 /
0%
1(
#27103000
b100 :
1%
#27106000
0%
#27108000
0*
0(
#27109000
0#
b111 2
b111 D
b11111111111111111111111111111111 E
b100 ;
b100 C
1%
#27112000
0%
#27115000
1#
b11001110 !
b11001110 0
b100 5
b100 =
b111 6
b111 <
b100100011 -
b11001011 F
1%
#27116000
b110 4
b110 ?
b11111111111111111111111111111111 @
b101 8
b101 >
b100 7
1(
#27118000
0&
0%
#27121000
1%
#27124000
1&
b11101011 )
b11101011 1
1*
0%
0(
#27127000
1%
#27130000
0%
#27132000
b1100 3
b1100 B
b111 4
b111 ?
b11111111111111111111111111111111 @
b11101011 !
b11101011 0
b1000 9
b1000 A
b100 8
b100 >
b100100100 /
1(
#27133000
b1100 :
1%
#27136000
0&
0%
#27139000
0#
b1000 2
b1000 D
b11111111111111111111111111111111 E
b1100 ;
b1100 C
1%
#27140000
0*
0(
#27142000
0%
#27145000
1%
#27148000
1&
0%
1(
#27151000
1#
b111011 !
b111011 0
b1100 5
b1100 =
b1000 6
b1000 <
b100100100 -
b11101011 F
1%
#27154000
0%
#27156000
b11100011 )
b11100011 1
1*
0(
#27157000
1%
#27160000
0%
#27163000
1%
#27164000
b1101 3
b1101 B
b11100011 !
b11100011 0
b1001 9
b1001 A
b1100 7
b100100101 /
1(
#27166000
0%
#27169000
b1101 :
1%
#27172000
0*
0%
0(
#27175000
0#
b1001 2
b1001 D
b11111111111111111111111111111111 E
b1101 ;
b1101 C
1%
#27178000
0&
0%
#27180000
b1000 4
b1000 ?
b11111111111111111111111111111111 @
b1100 8
b1100 >
1(
#27181000
1%
#27184000
1&
0%
#27187000
1#
b1110111 !
b1110111 0
b1101 5
b1101 =
b1001 6
b1001 <
b100100101 -
b11100011 F
1%
#27188000
b11011100 )
b11011100 1
1*
0(
#27190000
0%
#27193000
1%
#27196000
b1111 3
b1111 B
0&
b11011100 !
b11011100 0
b1010 9
b1010 A
b1101 7
b100100110 /
0%
1(
#27199000
b1111 :
1%
#27202000
0%
#27204000
0*
0(
#27205000
0#
b1010 2
b1010 D
b11111111111111111111111111111111 E
b1111 ;
b1111 C
1%
#27208000
1&
0%
#27211000
1#
b11111001 !
b11111001 0
b1111 5
b1111 =
b1010 6
b1010 <
b100100110 -
b11011100 F
1%
#27212000
b1001 4
b1001 ?
b11111111111111111111111111111111 @
b1101 8
b1101 >
b1111 7
1(
#27214000
0%
#27217000
1%
#27220000
0%
0(
#27223000
1%
#27226000
0&
0%
#27228000
b1010 4
b1010 ?
b11111111111111111111111111111111 @
b1111 8
b1111 >
1(
#27229000
1%
#27232000
0%
#27235000
1%
#27236000
b110111 )
b110111 1
1*
0(
#27238000
1&
0%
#27241000
1%
#27244000
b1110 3
b1110 B
0&
b110111 !
b110111 0
b1011 9
b1011 A
b100100111 /
0%
1(
#27247000
b1110 :
1%
#27250000
0%
#27252000
b1111011 )
b1111011 1
0(
#27253000
0#
b1011 2
b1011 D
b11111111111111111111111111111111 E
b1110 ;
b1110 C
1%
#27256000
0%
#27259000
1%
#27260000
b1010 3
b1010 B
b1100 9
b1100 A
b100101000 /
1(
#27262000
1&
0%
#27265000
1#
b1111011 !
b1111011 0
b1110 5
b1110 =
b1011 6
b1011 <
b1010 :
b100100111 -
b110111 F
1%
#27268000
b111001 )
b111001 1
0%
0(
#27271000
0#
b1100 2
b1100 D
b11111111111111111111111111111111 E
b1010 ;
b1010 C
1%
#27274000
0%
#27276000
b1011 3
b1011 B
b1101 9
b1101 A
b1110 7
b100101001 /
1(
#27277000
1#
b111001 !
b111001 0
b1010 5
b1010 =
b1100 6
b1100 <
b1011 :
b100101000 -
b1111011 F
1%
#27280000
0%
#27283000
0#
b1101 2
b1101 D
b11111111111111111111111111111111 E
b1011 ;
b1011 C
1%
#27284000
b11 )
b11 1
0(
#27286000
0%
#27289000
1#
b10000101 !
b10000101 0
b1011 5
b1011 =
b1101 6
b1101 <
b100101001 -
b111001 F
1%
#27292000
b1001 3
b1001 B
b1011 4
b1011 ?
b11111111111111111111111111111111 @
b11 !
b11 0
b1110 9
b1110 A
b1110 8
b1110 >
b1011 7
b100101010 /
0%
1(
#27295000
b1001 :
1%
#27298000
0&
0%
#27300000
0*
0(
#27301000
0#
b1110 2
b1110 D
b11111111111111111111111111111111 E
b1001 ;
b1001 C
1%
#27304000
1&
0%
#27307000
1#
b1001100 !
b1001100 0
b1001 5
b1001 =
b1110 6
b1110 <
b100101010 -
b11 F
1%
#27308000
b1101 4
b1101 ?
b11111111111111111111111111111111 @
b1011 8
b1011 >
b1001 7
1(
#27310000
0&
0%
#27313000
1%
#27316000
1&
b101 )
b101 1
1*
0%
0(
#27319000
1%
#27322000
0%
#27324000
b1000 3
b1000 B
b1110 4
b1110 ?
b11111111111111111111111111111111 @
b101 !
b101 0
b1111 9
b1111 A
b1001 8
b1001 >
b100101011 /
1(
#27325000
b1000 :
1%
#27328000
0%
#27331000
0#
b1111 2
b1111 D
b11111111111111111111111111111111 E
b1000 ;
b1000 C
1%
#27332000
0*
0(
#27334000
0%
#27337000
1#
b11001001 !
b11001001 0
b1000 5
b1000 =
b1111 6
b1111 <
b100101011 -
b101 F
1%
#27340000
b1000 7
0%
1(
#27343000
1%
#27346000
0%
#27348000
0(
#27349000
1%
#27352000
0%
#27355000
1%
#27356000
b1111 4
b1111 ?
b11111111111111111111111111111111 @
b1000 8
b1000 >
1(
#27358000
0%
#27361000
1%
#27364000
0%
0(
#27367000
1%
#27370000
0%
#27372000
1(
#27373000
1%
#27376000
0%
#27379000
1%
#27380000
0(
#27382000
0&
0%
#27385000
1%
#27388000
1&
0%
1(
#27391000
1%
#27394000
0%
#27396000
b1110101 )
b1110101 1
1*
0(
#27397000
1%
#27400000
0&
0%
#27403000
1%
#27404000
b11000 3
b11000 B
b1110101 !
b1110101 0
b10000 9
b10000 A
b100101100 /
1(
#27406000
1&
0%
#27409000
b11000 :
1%
#27412000
0*
0%
0(
#27415000
0#
b11111111111111111111111111111111 E
b10000 2
b10000 D
b11000 ;
b11000 C
1%
#27418000
0%
#27420000
1(
#27421000
1#
b10110111 !
b10110111 0
b11000 5
b11000 =
b10000 6
b10000 <
b100101100 -
b1110101 F
1%
#27424000
0%
#27427000
1%
#27428000
0(
#27430000
0%
#27433000
1%
#27436000
b11000 7
0%
1(
#27439000
1%
#27442000
0%
#27444000
b1010111 )
b1010111 1
1*
0(
#27445000
1%
#27448000
0&
0%
#27451000
1%
#27452000
b11001 3
b11001 B
b11111111111111111111111111111111 @
b10000 4
b10000 ?
b1010111 !
b1010111 0
b10001 9
b10001 A
b11000 8
b11000 >
b100101101 /
1(
#27454000
1&
0%
#27457000
b11001 :
1%
#27460000
b10010011 )
b10010011 1
0%
0(
#27463000
0#
b10001 2
b10001 D
b11111111111111111111111111111111 E
b11001 ;
b11001 C
1%
#27466000
0%
#27468000
b11011 3
b11011 B
b10010 9
b10010 A
b100101110 /
1(
#27469000
1#
b10010011 !
b10010011 0
b11001 5
b11001 =
b10001 6
b10001 <
b11011 :
b100101101 -
b1010111 F
1%
#27472000
0%
#27475000
0#
b10010 2
b10010 D
b11111111111111111111111111111111 E
b11011 ;
b11011 C
1%
#27476000
0*
0(
#27478000
0%
#27481000
1#
b110000 !
b110000 0
b11011 5
b11011 =
b10010 6
b10010 <
b100101110 -
b10010011 F
1%
#27484000
b11011 7
0%
1(
#27487000
1%
#27490000
0%
#27492000
1*
0(
#27493000
1%
#27496000
0%
#27499000
1%
#27500000
b11010 3
b11010 B
b10010 4
b10010 ?
b11111111111111111111111111111111 @
b10010011 !
b10010011 0
b10011 9
b10011 A
b11011 8
b11011 >
b100101111 /
1(
#27502000
0&
0%
#27505000
b11010 :
1%
#27508000
1&
0*
0%
0(
#27511000
0#
b10011 2
b10011 D
b11111111111111111111111111111111 E
b11010 ;
b11010 C
1%
#27514000
0%
#27516000
1(
#27517000
1#
b1111000 !
b1111000 0
b11010 5
b11010 =
b10011 6
b10011 <
b100101111 -
1%
#27520000
0%
#27523000
1%
#27524000
b10111011 )
b10111011 1
1*
0(
#27526000
0%
#27529000
1%
#27532000
b11110 3
b11110 B
b10111011 !
b10111011 0
b10100 9
b10100 A
b11010 7
b100110000 /
0%
1(
#27535000
b11110 :
1%
#27538000
0%
#27540000
b10101001 )
b10101001 1
0(
#27541000
0#
b10100 2
b10100 D
b11111111111111111111111111111111 E
b11110 ;
b11110 C
1%
#27544000
0%
#27547000
1#
b11 !
b11 0
b11110 5
b11110 =
b10100 6
b10100 <
b100110000 -
b10111011 F
1%
#27548000
b11111 3
b11111 B
b10011 4
b10011 ?
b11111111111111111111111111111111 @
b10101001 !
b10101001 0
b10101 9
b10101 A
b11010 8
b11010 >
b11110 7
b100110001 /
1(
#27550000
0&
0%
#27553000
b11111 :
1%
#27556000
1&
b1010001 )
b1010001 1
0%
0(
#27559000
0#
b10101 2
b10101 D
b11111111111111111111111111111111 E
b11111 ;
b11111 C
1%
#27562000
0%
#27564000
b11101 3
b11101 B
b10100 4
b10100 ?
b11111111111111111111111111111111 @
b10110 9
b10110 A
b11110 8
b11110 >
b100110010 /
1(
#27565000
1#
b1010001 !
b1010001 0
b11111 5
b11111 =
b10101 6
b10101 <
b11101 :
b100110001 -
b10101001 F
1%
#27568000
0%
#27571000
0#
b10110 2
b10110 D
b11111111111111111111111111111111 E
b11101 ;
b11101 C
1%
#27572000
b111000 )
b111000 1
0(
#27574000
0%
#27577000
1#
b11001011 !
b11001011 0
b11101 5
b11101 =
b10110 6
b10110 <
b100110010 -
b1010001 F
1%
#27580000
b11100 3
b11100 B
b111000 !
b111000 0
b10111 9
b10111 A
b11101 7
b100110011 /
0%
1(
#27583000
b11100 :
1%
#27586000
0%
#27588000
b10111110 )
b10111110 1
0(
#27589000
0#
b10111 2
b10111 D
b11111111111111111111111111111111 E
b11100 ;
b11100 C
1%
#27592000
0&
0%
#27595000
1%
#27596000
b10100 3
b10100 B
b10110 4
b10110 ?
b11111111111111111111111111111111 @
b11000 9
b11000 A
b11101 8
b11101 >
b100110100 /
1(
#27598000
1&
0%
#27601000
1#
b10111110 !
b10111110 0
b11100 5
b11100 =
b10111 6
b10111 <
b10100 :
b100110011 -
b111000 F
1%
#27604000
0&
b11111 )
b11111 1
0%
0(
#27607000
0#
b11000 2
b11000 D
b11111111111111111111111111111111 E
b10100 ;
b10100 C
1%
#27610000
1&
0%
#27612000
b10101 3
b10101 B
b11001 9
b11001 A
b11100 7
b100110101 /
1(
#27613000
1#
b11111 !
b11111 0
b10100 5
b10100 =
b11000 6
b11000 <
b10101 :
b100110100 -
b10111110 F
1%
#27616000
0%
#27619000
0#
b11001 2
b11001 D
b11111111111111111111111111111111 E
b10101 ;
b10101 C
1%
#27620000
b1110101 )
b1110101 1
0(
#27622000
0&
0%
#27625000
1%
#27628000
b10111 3
b10111 B
b10111 4
b10111 ?
b11111111111111111111111111111111 @
b11010 9
b11010 A
b11100 8
b11100 >
b10100 7
b100110110 /
0%
1(
#27631000
b10111 :
1%
#27634000
1&
0%
#27636000
b10110110 )
b10110110 1
0(
#27637000
b1110101 !
b1110101 0
b10101 5
b10101 =
b11010 2
b11010 D
b11111111111111111111111111111111 E
b11001 6
b11001 <
b10111 ;
b10111 C
b100110101 -
b11111 F
1%
#27640000
0%
#27643000
1#
b110111 !
b110111 0
b10111 5
b10111 =
b11010 6
b11010 <
b100110110 -
b1110101 F
1%
#27644000
b10110 3
b10110 B
b11000 4
b11000 ?
b11111111111111111111111111111111 @
b10110110 !
b10110110 0
b11011 9
b11011 A
b10100 8
b10100 >
b10111 7
b100110111 /
1(
#27646000
0%
#27649000
b10110 :
1%
#27652000
b10000 )
b10000 1
0%
0(
#27655000
0#
b11011 2
b11011 D
b11111111111111111111111111111111 E
b10110 ;
b10110 C
1%
#27658000
0%
#27660000
b10010 3
b10010 B
b11010 4
b11010 ?
b11111111111111111111111111111111 @
b11100 9
b11100 A
b10111 8
b10111 >
b100111000 /
1(
#27661000
1#
b10000 !
b10000 0
b10110 5
b10110 =
b11011 6
b11011 <
b10010 :
b100110111 -
b10110110 F
1%
#27664000
0%
#27667000
0#
b11100 2
b11100 D
b11111111111111111111111111111111 E
b10010 ;
b10010 C
1%
#27668000
b11111010 )
b11111010 1
0(
#27670000
0%
#27673000
1#
b111001 !
b111001 0
b10010 5
b10010 =
b11100 6
b11100 <
b100111000 -
b10000 F
1%
#27676000
b10011 3
b10011 B
b11111010 !
b11111010 0
b11101 9
b11101 A
b10010 7
b100111001 /
0%
1(
#27679000
b10011 :
1%
#27682000
0&
0%
#27684000
0*
0(
#27685000
0#
b11101 2
b11101 D
b11111111111111111111111111111111 E
b10011 ;
b10011 C
1%
#27688000
1&
0%
#27691000
1#
b11 !
b11 0
b10011 5
b10011 =
b11101 6
b11101 <
b100111001 -
b11111010 F
1%
#27692000
b11100 4
b11100 ?
b11111111111111111111111111111111 @
b10010 8
b10010 >
b10011 7
1(
#27694000
0%
#27697000
1%
#27700000
b10011010 )
b10011010 1
1*
0%
0(
#27703000
1%
#27706000
0&
0%
#27708000
b10001 3
b10001 B
b11101 4
b11101 ?
b11111111111111111111111111111111 @
b10011010 !
b10011010 0
b11110 9
b11110 A
b10011 8
b10011 >
b100111010 /
1(
#27709000
b10001 :
1%
#27712000
1&
0%
#27715000
0#
b11110 2
b11110 D
b11111111111111111111111111111111 E
b10001 ;
b10001 C
1%
#27716000
b1111010 )
b1111010 1
0(
#27718000
0%
#27721000
1#
b101 !
b101 0
b10001 5
b10001 =
b11110 6
b11110 <
b100111010 -
b10011010 F
1%
#27724000
b10000 3
b10000 B
b1111010 !
b1111010 0
b11111 9
b11111 A
b10001 7
b100111011 /
0%
1(
#27727000
b10000 :
1%
#27730000
0%
#27732000
0*
0(
#27733000
0#
b11111 2
b11111 D
b11111111111111111111111111111111 E
b10000 ;
b10000 C
1%
#27736000
0%
#27739000
1#
b1110101 !
b1110101 0
b10000 5
b10000 =
b11111 6
b11111 <
b100111011 -
b1111010 F
1%
#27740000
b11110 4
b11110 ?
b11111111111111111111111111111111 @
b10001 8
b10001 >
b10000 7
1(
#27742000
0%
#27745000
1%
#27748000
b110110 )
b110110 1
1*
0%
0(
#27751000
1%
#27754000
0%
#27756000
b0 3
b0 B
b11111 4
b11111 ?
b11111111111111111111111111111111 @
b110110 !
b110110 0
b0 9
b0 A
b10000 8
b10000 >
b100111100 /
1(
#27757000
b0 :
1%
#27760000
0&
0%
#27763000
0#
b11111111111111111111111111111111 E
b0 2
b0 D
b0 ;
b0 C
1%
#27764000
b1111100 )
b1111100 1
0(
#27766000
1&
0%
#27769000
1#
b1010111 !
b1010111 0
b0 5
b0 =
b0 6
b0 <
b100111100 -
b110110 F
1%
#27772000
b1 3
b1 B
b1111100 !
b1111100 0
b1 9
b1 A
b0 7
b100111101 /
0%
1(
#27775000
b1 :
1%
#27778000
0%
#27780000
b11100010 )
b11100010 1
0(
#27781000
0#
b1 2
b1 D
b11111111111111111111111111111111 E
b1 ;
b1 C
1%
#27784000
0%
#27787000
1#
b10010011 !
b10010011 0
b1 5
b1 =
b1 6
b1 <
b100111101 -
b1111100 F
1%
#27788000
b11 3
b11 B
b11111111111111111111111111111111 @
b0 4
b0 ?
b11100010 !
b11100010 0
b10 9
b10 A
b0 8
b0 >
b1 7
b100111110 /
1(
#27790000
0&
0%
#27793000
b11 :
1%
#27796000
1&
0*
0%
0(
#27799000
0#
b10 2
b10 D
b11111111111111111111111111111111 E
b11 ;
b11 C
1%
#27802000
0%
#27804000
b1 4
b1 ?
b11111111111111111111111111111111 @
b1 8
b1 >
1(
#27805000
1#
b10010011 !
b10010011 0
b11 5
b11 =
b10 6
b10 <
b100111110 -
b11100010 F
1%
#27808000
0%
#27811000
1%
#27812000
b1101011 )
b1101011 1
1*
0(
#27814000
0%
#27817000
1%
#27820000
b10 3
b10 B
b1101011 !
b1101011 0
b11 9
b11 A
b11 7
b100111111 /
0%
1(
#27823000
b10 :
1%
#27826000
0%
#27828000
b100101 )
b100101 1
0(
#27829000
0#
b11 2
b11 D
b11111111111111111111111111111111 E
b10 ;
b10 C
1%
#27832000
0&
0%
#27835000
1%
#27836000
b110 3
b110 B
b10 4
b10 ?
b11111111111111111111111111111111 @
b100 9
b100 A
b11 8
b11 >
b101000000 /
1(
#27838000
0%
#27841000
b110 :
1%
#27844000
1&
b10011101 )
b10011101 1
0%
0(
#27847000
b100101 !
b100101 0
b10 5
b10 =
b100 2
b100 D
b11111111111111111111111111111111 E
b11 6
b11 <
b110 ;
b110 C
b100111111 -
b1101011 F
1%
#27850000
0%
#27852000
b111 3
b111 B
b101 9
b101 A
b10 7
b101000001 /
1(
#27853000
1#
b10011101 !
b10011101 0
b110 5
b110 =
b100 6
b100 <
b111 :
b101000000 -
b100101 F
1%
#27856000
0&
0%
#27859000
0#
b101 2
b101 D
b11111111111111111111111111111111 E
b111 ;
b111 C
1%
#27860000
b10000010 )
b10000010 1
0(
#27862000
1&
0%
#27865000
1#
b1010001 !
b1010001 0
b111 5
b111 =
b101 6
b101 <
b101000001 -
b10011101 F
1%
#27868000
b101 3
b101 B
b11 4
b11 ?
b11111111111111111111111111111111 @
b10000010 !
b10000010 0
b110 9
b110 A
b10 8
b10 >
b111 7
b101000010 /
0%
1(
#27871000
b101 :
1%
#27874000
0&
0%
#27876000
b1101011 )
b1101011 1
0(
#27877000
0#
b110 2
b110 D
b11111111111111111111111111111111 E
b101 ;
b101 C
1%
#27880000
1&
0%
#27883000
1#
b111000 !
b111000 0
b101 5
b101 =
b110 6
b110 <
b101000010 -
b10000010 F
1%
#27884000
b100 3
b100 B
b101 4
b101 ?
b11111111111111111111111111111111 @
b1101011 !
b1101011 0
b111 9
b111 A
b111 8
b111 >
b101 7
b101000011 /
1(
#27886000
0%
#27889000
b100 :
1%
#27892000
b10110010 )
b10110010 1
0%
0(
#27895000
0#
b111 2
b111 D
b11111111111111111111111111111111 E
b100 ;
b100 C
1%
#27898000
0%
#27900000
b1100 3
b1100 B
b110 4
b110 ?
b11111111111111111111111111111111 @
b1000 9
b1000 A
b101 8
b101 >
b101000100 /
1(
#27901000
1#
b10110010 !
b10110010 0
b100 5
b100 =
b111 6
b111 <
b1100 :
b101000011 -
b1101011 F
1%
#27904000
0%
#27907000
0#
b1000 2
b1000 D
b11111111111111111111111111111111 E
b1100 ;
b1100 C
1%
#27908000
0*
0(
#27910000
0&
0%
#27913000
1%
#27916000
b100 7
0%
1(
#27919000
1%
#27922000
1&
0%
#27924000
0(
#27925000
1#
b11111 !
b11111 0
b1100 5
b1100 =
b1000 6
b1000 <
b101000100 -
b10110010 F
1%
#27928000
0%
#27931000
1%
#27932000
b111 4
b111 ?
b11111111111111111111111111111111 @
b100 8
b100 >
b1100 7
1(
#27934000
0%
#27937000
1%
#27940000
0&
b10111001 )
b10111001 1
1*
0%
0(
#27943000
1%
#27946000
0%
#27948000
b1101 3
b1101 B
b1000 4
b1000 ?
b11111111111111111111111111111111 @
b10111001 !
b10111001 0
b1001 9
b1001 A
b1100 8
b1100 >
b101000101 /
1(
#27949000
b1101 :
1%
#27952000
1&
0%
#27955000
0#
b1001 2
b1001 D
b11111111111111111111111111111111 E
b1101 ;
b1101 C
1%
#27956000
b10010100 )
b10010100 1
0(
#27958000
0%
#27961000
1#
b1110101 !
b1110101 0
b1101 5
b1101 =
b1001 6
b1001 <
b101000101 -
b10111001 F
1%
#27964000
b1111 3
b1111 B
0&
b10010100 !
b10010100 0
b1010 9
b1010 A
b1101 7
b101000110 /
0%
1(
#27967000
b1111 :
1%
#27970000
1&
0%
#27972000
0*
0(
#27973000
0#
b1010 2
b1010 D
b11111111111111111111111111111111 E
b1111 ;
b1111 C
1%
#27976000
0%
#27979000
1#
b10110110 !
b10110110 0
b1111 5
b1111 =
b1010 6
b1010 <
b101000110 -
b10010100 F
1%
#27980000
b1001 4
b1001 ?
b11111111111111111111111111111111 @
b1101 8
b1101 >
b1111 7
1(
#27982000
0%
#27985000
1%
#27988000
0%
0(
#27991000
1%
#27994000
0%
#27996000
b1010 4
b1010 ?
b11111111111111111111111111111111 @
b1111 8
b1111 >
1(
#27997000
1%
#28000000
0%
#28003000
1%
#28004000
b11110011 )
b11110011 1
1*
0(
#28006000
0%
#28009000
1%
#28012000
b1110 3
b1110 B
b11110011 !
b11110011 0
b1011 9
b1011 A
b101000111 /
0%
1(
#28015000
b1110 :
1%
#28018000
0%
#28020000
b1101100 )
b1101100 1
0(
#28021000
0#
b1011 2
b1011 D
b11111111111111111111111111111111 E
b1110 ;
b1110 C
1%
#28024000
0&
0%
#28027000
1%
#28028000
b1010 3
b1010 B
b1100 9
b1100 A
b101001000 /
1(
#28030000
0%
#28033000
b1010 :
1%
#28036000
b11000001 )
b11000001 1
0%
0(
#28039000
b1100 2
b1100 D
b11111111111111111111111111111111 E
b1010 ;
b1010 C
1%
#28042000
1&
0%
#28044000
b1011 3
b1011 B
b1101 9
b1101 A
b101001001 /
1(
#28045000
b1101100 !
b1101100 0
b1110 5
b1110 =
b1011 6
b1011 <
b1011 :
b101000111 -
b11110011 F
1%
#28048000
0%
#28051000
b11000001 !
b11000001 0
b1010 5
b1010 =
b1101 2
b1101 D
b11111111111111111111111111111111 E
b1100 6
b1100 <
b1011 ;
b1011 C
b101001000 -
b1101100 F
1%
#28052000
b10111101 )
b10111101 1
0(
#28054000
0%
#28057000
1#
b10011010 !
b10011010 0
b1011 5
b1011 =
b1101 6
b1101 <
b101001001 -
b11000001 F
1%
#28060000
b1001 3
b1001 B
b10111101 !
b10111101 0
b1110 9
b1110 A
b1011 7
b101001010 /
0%
1(
#28063000
b1001 :
1%
#28066000
0%
#28068000
b1011110 )
b1011110 1
0(
#28069000
0#
b1110 2
b1110 D
b11111111111111111111111111111111 E
b1001 ;
b1001 C
1%
#28072000
0%
#28075000
1#
b1111010 !
b1111010 0
b1001 5
b1001 =
b1110 6
b1110 <
b101001010 -
b10111101 F
1%
#28076000
b1000 3
b1000 B
b1101 4
b1101 ?
b11111111111111111111111111111111 @
b1011110 !
b1011110 0
b1111 9
b1111 A
b1011 8
b1011 >
b1001 7
b101001011 /
1(
#28078000
0&
0%
#28081000
b1000 :
1%
#28084000
0*
0%
0(
#28087000
0#
b1111 2
b1111 D
b11111111111111111111111111111111 E
b1000 ;
b1000 C
1%
#28090000
0%
#28092000
b1110 4
b1110 ?
b11111111111111111111111111111111 @
b1001 8
b1001 >
1(
#28093000
1%
#28096000
1&
0%
#28099000
1#
b110110 !
b110110 0
b1000 5
b1000 =
b1111 6
b1111 <
b101001011 -
b1011110 F
1%
#28100000
0(
#28102000
0&
0%
#28105000
1%
#28108000
1&
b1000 7
0%
1(
#28111000
1%
#28114000
0%
#28116000
b1111001 )
b1111001 1
1*
0(
#28117000
1%
#28120000
0%
#28123000
1%
#28124000
b11000 3
b11000 B
b1111 4
b1111 ?
b11111111111111111111111111111111 @
b1111001 !
b1111001 0
b10000 9
b10000 A
b1000 8
b1000 >
b101001100 /
1(
#28126000
0%
#28129000
b11000 :
1%
#28132000
b11010101 )
b11010101 1
0%
0(
#28135000
0#
b11111111111111111111111111111111 E
b10000 2
b10000 D
b11000 ;
b11000 C
1%
#28138000
0%
#28140000
b11001 3
b11001 B
b10001 9
b10001 A
b101001101 /
1(
#28141000
1#
b11010101 !
b11010101 0
b11000 5
b11000 =
b10000 6
b10000 <
b11001 :
b101001100 -
b1111001 F
1%
#28144000
0%
#28147000
0#
b10001 2
b10001 D
b11111111111111111111111111111111 E
b11001 ;
b11001 C
1%
#28148000
b10110001 )
b10110001 1
0(
#28150000
0&
0%
#28153000
1%
#28156000
b11011 3
b11011 B
b10010 9
b10010 A
b11000 7
b101001110 /
0%
1(
#28159000
b11011 :
1%
#28162000
0%
#28164000
b100100 )
b100100 1
0(
#28165000
b10010 2
b10010 D
b11111111111111111111111111111111 E
b11011 ;
b11011 C
1%
#28168000
0%
#28171000
1%
#28172000
b11010 3
b11010 B
b11111111111111111111111111111111 @
b10000 4
b10000 ?
b10011 9
b10011 A
b11000 8
b11000 >
b101001111 /
1(
#28174000
1&
0%
#28177000
b10110001 !
b10110001 0
b11001 5
b11001 =
b10001 6
b10001 <
b11010 :
b101001101 -
b11010101 F
1%
#28180000
b10101011 )
b10101011 1
0%
0(
#28183000
b100100 !
b100100 0
b11011 5
b11011 =
b10011 2
b10011 D
b11111111111111111111111111111111 E
b10010 6
b10010 <
b11010 ;
b11010 C
b101001110 -
b10110001 F
1%
#28186000
0%
#28188000
b11110 3
b11110 B
b10100 9
b10100 A
b11011 7
b101010000 /
1(
#28189000
1#
b10101011 !
b10101011 0
b11010 5
b11010 =
b10011 6
b10011 <
b11110 :
b101001111 -
b100100 F
1%
#28192000
0%
#28195000
0#
b10100 2
b10100 D
b11111111111111111111111111111111 E
b11110 ;
b11110 C
1%
#28196000
0*
0(
#28198000
0%
#28201000
1#
b10011101 !
b10011101 0
b11110 5
b11110 =
b10100 6
b10100 <
b101010000 -
b10101011 F
1%
#28204000
b10010 4
b10010 ?
b11111111111111111111111111111111 @
b11011 8
b11011 >
b11110 7
0%
1(
#28207000
1%
#28210000
0%
#28212000
b1011010 )
b1011010 1
1*
0(
#28213000
1%
#28216000
0%
#28219000
1%
#28220000
b11111 3
b11111 B
b10100 4
b10100 ?
b11111111111111111111111111111111 @
b1011010 !
b1011010 0
b10101 9
b10101 A
b11110 8
b11110 >
b101010001 /
1(
#28222000
0%
#28225000
b11111 :
1%
#28228000
b11011000 )
b11011000 1
0%
0(
#28231000
0#
b10101 2
b10101 D
b11111111111111111111111111111111 E
b11111 ;
b11111 C
1%
#28234000
0%
#28236000
b11101 3
b11101 B
b10110 9
b10110 A
b101010010 /
1(
#28237000
1#
b11011000 !
b11011000 0
b11111 5
b11111 =
b10101 6
b10101 <
b11101 :
b101010001 -
b1011010 F
1%
#28240000
0&
0%
#28243000
0#
b10110 2
b10110 D
b11111111111111111111111111111111 E
b11101 ;
b11101 C
1%
#28244000
b1011000 )
b1011000 1
0(
#28246000
1&
0%
#28249000
1#
b1101011 !
b1101011 0
b11101 5
b11101 =
b10110 6
b10110 <
b101010010 -
b11011000 F
1%
#28252000
b11100 3
b11100 B
b1011000 !
b1011000 0
b10111 9
b10111 A
b11101 7
b101010011 /
0%
1(
#28255000
b11100 :
1%
#28258000
0&
0%
#28260000
0*
0(
#28261000
0#
b10111 2
b10111 D
b11111111111111111111111111111111 E
b11100 ;
b11100 C
1%
#28264000
1&
0%
#28267000
1#
b10110010 !
b10110010 0
b11100 5
b11100 =
b10111 6
b10111 <
b101010011 -
b1011000 F
1%
#28268000
b10110 4
b10110 ?
b11111111111111111111111111111111 @
b11101 8
b11101 >
b11100 7
1(
#28270000
0%
#28273000
1%
#28276000
0&
b101101 )
b101101 1
1*
0%
0(
#28279000
1%
#28282000
1&
0%
#28284000
b10100 3
b10100 B
b10111 4
b10111 ?
b11111111111111111111111111111111 @
b101101 !
b101101 0
b11000 9
b11000 A
b11100 8
b11100 >
b101010100 /
1(
#28285000
b10100 :
1%
#28288000
0%
#28291000
0#
b11000 2
b11000 D
b11111111111111111111111111111111 E
b10100 ;
b10100 C
1%
#28292000
b11110101 )
b11110101 1
0(
#28294000
0%
#28297000
1#
b10111001 !
b10111001 0
b10100 5
b10100 =
b11000 6
b11000 <
b101010100 -
b101101 F
1%
#28300000
b10101 3
b10101 B
0&
b11110101 !
b11110101 0
b11001 9
b11001 A
b10100 7
b101010101 /
0%
1(
#28303000
b10101 :
1%
#28306000
0%
#28308000
b10101011 )
b10101011 1
0(
#28309000
0#
b11001 2
b11001 D
b11111111111111111111111111111111 E
b10101 ;
b10101 C
1%
#28312000
1&
0%
#28315000
1#
b10010100 !
b10010100 0
b10101 5
b10101 =
b11001 6
b11001 <
b101010101 -
b11110101 F
1%
#28316000
b10111 3
b10111 B
b11000 4
b11000 ?
b11111111111111111111111111111111 @
b10101011 !
b10101011 0
b11010 9
b11010 A
b10100 8
b10100 >
b10101 7
b101010110 /
1(
#28318000
0%
#28321000
b10111 :
1%
#28324000
0*
0%
0(
#28327000
0#
b11010 2
b11010 D
b11111111111111111111111111111111 E
b10111 ;
b10111 C
1%
#28330000
0%
#28332000
b11001 4
b11001 ?
b11111111111111111111111111111111 @
b10101 8
b10101 >
1(
#28333000
1#
b11110011 !
b11110011 0
b10111 5
b10111 =
b11010 6
b11010 <
b101010110 -
b10101011 F
1%
#28336000
0%
#28339000
1%
#28340000
0(
#28342000
0%
#28345000
1%
#28348000
b10111 7
0%
1(
#28351000
1%
#28354000
0%
#28356000
b1 )
b1 1
1*
0(
#28357000
1%
#28360000
0%
#28363000
1%
#28364000
b10110 3
b10110 B
b11010 4
b11010 ?
b11111111111111111111111111111111 @
b1 !
b1 0
b11011 9
b11011 A
b10111 8
b10111 >
b101010111 /
1(
#28366000
0%
#28369000
b10110 :
1%
#28372000
b1100010 )
b1100010 1
0%
0(
#28375000
0#
b11011 2
b11011 D
b11111111111111111111111111111111 E
b10110 ;
b10110 C
1%
#28378000
0&
0%
#28380000
b10010 3
b10010 B
b11100 9
b11100 A
b101011000 /
1(
#28381000
b10010 :
1%
#28384000
0%
#28387000
b11100 2
b11100 D
b11111111111111111111111111111111 E
b10010 ;
b10010 C
1%
#28388000
b1110000 )
b1110000 1
0(
#28390000
1&
0%
#28393000
b1100010 !
b1100010 0
b10110 5
b10110 =
b11011 6
b11011 <
b101010111 -
b1 F
1%
#28396000
b10011 3
b10011 B
b11101 9
b11101 A
b10110 7
b101011001 /
0%
1(
#28399000
1#
b1110000 !
b1110000 0
b10010 5
b10010 =
b11100 6
b11100 <
b10011 :
b101011000 -
b1100010 F
1%
#28402000
0&
0%
#28404000
b11101110 )
b11101110 1
0(
#28405000
0#
b11101 2
b11101 D
b11111111111111111111111111111111 E
b10011 ;
b10011 C
1%
#28408000
0%
#28411000
1%
#28412000
b10001 3
b10001 B
b11011 4
b11011 ?
b11111111111111111111111111111111 @
b11110 9
b11110 A
b10110 8
b10110 >
b10010 7
b101011010 /
1(
#28414000
1&
0%
#28417000
1#
b11101110 !
b11101110 0
b10011 5
b10011 =
b11101 6
b11101 <
b10001 :
b101011001 -
b1110000 F
1%
#28420000
0*
0%
0(
#28423000
0#
b11110 2
b11110 D
b11111111111111111111111111111111 E
b10001 ;
b10001 C
1%
#28426000
0%
#28428000
b11100 4
b11100 ?
b11111111111111111111111111111111 @
b10010 8
b10010 >
b10011 7
1(
#28429000
1#
b1011110 !
b1011110 0
b10001 5
b10001 =
b11110 6
b11110 <
b101011010 -
b11101110 F
1%
#28432000
0%
#28435000
1%
#28436000
b10110110 )
b10110110 1
1*
0(
#28438000
0%
#28441000
1%
#28444000
b10000 3
b10000 B
b11101 4
b11101 ?
b11111111111111111111111111111111 @
b10110110 !
b10110110 0
b11111 9
b11111 A
b10011 8
b10011 >
b10001 7
b101011011 /
0%
1(
#28447000
b10000 :
1%
#28450000
0%
#28452000
0*
0(
#28453000
0#
b11111 2
b11111 D
b11111111111111111111111111111111 E
b10000 ;
b10000 C
1%
#28456000
0%
#28459000
1#
b1111001 !
b1111001 0
b10000 5
b10000 =
b11111 6
b11111 <
b101011011 -
b10110110 F
1%
#28460000
b11110 4
b11110 ?
b11111111111111111111111111111111 @
b10001 8
b10001 >
b10000 7
1(
#28462000
0%
#28465000
1%
#28468000
0&
b111 )
b111 1
1*
0%
0(
#28471000
1%
#28474000
1&
0%
#28476000
b0 3
b0 B
b11111 4
b11111 ?
b11111111111111111111111111111111 @
b111 !
b111 0
b0 9
b0 A
b10000 8
b10000 >
b101011100 /
1(
#28477000
b0 :
1%
#28480000
0%
#28483000
0#
b11111111111111111111111111111111 E
b0 2
b0 D
b0 ;
b0 C
1%
#28484000
b100111 )
b100111 1
0(
#28486000
0%
#28489000
1#
b11010101 !
b11010101 0
b0 5
b0 =
b0 6
b0 <
b101011100 -
b111 F
1%
#28492000
b1 3
b1 B
0&
b100111 !
b100111 0
b1 9
b1 A
b0 7
b101011101 /
0%
1(
#28495000
b1 :
1%
#28498000
1&
0%
#28500000
b10011110 )
b10011110 1
0(
#28501000
0#
b1 2
b1 D
b11111111111111111111111111111111 E
b1 ;
b1 C
1%
#28504000
0&
0%
#28507000
1%
#28508000
b11 3
b11 B
b11111111111111111111111111111111 @
b0 4
b0 ?
b10 9
b10 A
b0 8
b0 >
b101011110 /
1(
#28510000
1&
0%
#28513000
1#
b10011110 !
b10011110 0
b1 5
b1 =
b1 6
b1 <
b11 :
b101011101 -
b100111 F
1%
#28516000
0*
0%
0(
#28519000
0#
b10 2
b10 D
b11111111111111111111111111111111 E
b11 ;
b11 C
1%
#28522000
0%
#28524000
b1 7
1(
#28525000
1#
b100100 !
b100100 0
b11 5
b11 =
b10 6
b10 <
b101011110 -
b10011110 F
1%
#28528000
0%
#28531000
1%
#28532000
0(
#28534000
0%
#28537000
1%
#28540000
b1 4
b1 ?
b11111111111111111111111111111111 @
0&
b1 8
b1 >
b11 7
0%
1(
#28543000
1%
#28546000
1&
0%
#28548000
b11011001 )
b11011001 1
1*
0(
#28549000
1%
#28552000
0&
0%
#28555000
1%
#28556000
b10 3
b10 B
b10 4
b10 ?
b11111111111111111111111111111111 @
b11011001 !
b11011001 0
b11 9
b11 A
b11 8
b11 >
b101011111 /
1(
#28558000
1&
0%
#28561000
b10 :
1%
#28564000
0&
b11000010 )
b11000010 1
0%
0(
#28567000
0#
b11 2
b11 D
b11111111111111111111111111111111 E
b10 ;
b10 C
1%
#28570000
0%
#28572000
b110 3
b110 B
b100 9
b100 A
b101100000 /
1(
#28573000
b110 :
1%
#28576000
1&
0%
#28579000
b11000010 !
b11000010 0
b10 5
b10 =
b100 2
b100 D
b11111111111111111111111111111111 E
b11 6
b11 <
b110 ;
b110 C
b101011111 -
b11011001 F
1%
#28580000
b10111100 )
b10111100 1
0(
#28582000
0%
#28585000
1#
b1011010 !
b1011010 0
b110 5
b110 =
b100 6
b100 <
b101100000 -
b11000010 F
1%
#28588000
b111 3
b111 B
b10111100 !
b10111100 0
b101 9
b101 A
b110 7
b101100001 /
0%
1(
#28591000
b111 :
1%
#28594000
0%
#28596000
b10110111 )
b10110111 1
0(
#28597000
0#
b101 2
b101 D
b11111111111111111111111111111111 E
b111 ;
b111 C
1%
#28600000
0&
0%
#28603000
1%
#28604000
b101 3
b101 B
b100 4
b100 ?
b11111111111111111111111111111111 @
b110 9
b110 A
b110 8
b110 >
b101100010 /
1(
#28606000
1&
0%
#28609000
1#
b10110111 !
b10110111 0
b111 5
b111 =
b101 6
b101 <
b101 :
b101100001 -
b10111100 F
1%
#28612000
0*
0%
0(
#28615000
0#
b110 2
b110 D
b11111111111111111111111111111111 E
b101 ;
b101 C
1%
#28618000
0&
0%
#28620000
b111 7
1(
#28621000
1%
#28624000
0%
#28627000
1%
#28628000
b10000001 )
b10000001 1
1*
0(
#28630000
1&
0%
#28633000
1#
b1011000 !
b1011000 0
b101 5
b101 =
b110 6
b110 <
b101100010 -
b10110111 F
1%
#28636000
b100 3
b100 B
b101 4
b101 ?
b11111111111111111111111111111111 @
b10000001 !
b10000001 0
b111 9
b111 A
b111 8
b111 >
b101 7
b101100011 /
0%
1(
#28639000
b100 :
1%
#28642000
0%
#28644000
b111000 )
b111000 1
0(
#28645000
0#
b111 2
b111 D
b11111111111111111111111111111111 E
b100 ;
b100 C
1%
#28648000
0%
#28651000
1#
b101101 !
b101101 0
b100 5
b100 =
b111 6
b111 <
b101100011 -
b10000001 F
1%
#28652000
b1100 3
b1100 B
b110 4
b110 ?
b11111111111111111111111111111111 @
b111000 !
b111000 0
b1000 9
b1000 A
b101 8
b101 >
b100 7
b101100100 /
1(
#28654000
0&
0%
#28657000
b1100 :
1%
#28660000
1&
0*
0%
0(
#28663000
0#
b1000 2
b1000 D
b11111111111111111111111111111111 E
b1100 ;
b1100 C
1%
#28666000
0%
#28668000
b111 4
b111 ?
b11111111111111111111111111111111 @
b100 8
b100 >
1(
#28669000
1#
b11110101 !
b11110101 0
b1100 5
b1100 =
b1000 6
b1000 <
b101100100 -
b111000 F
1%
#28672000
0%
#28675000
1%
#28676000
b1001 )
b1001 1
1*
0(
#28678000
0%
#28681000
1%
#28684000
b1101 3
b1101 B
0&
b1001 !
b1001 0
b1001 9
b1001 A
b1100 7
b101100101 /
0%
1(
#28687000
b1101 :
1%
#28690000
1&
0%
#28692000
b110001 )
b110001 1
0(
#28693000
0#
b1001 2
b1001 D
b11111111111111111111111111111111 E
b1101 ;
b1101 C
1%
#28696000
0&
0%
#28699000
1%
#28700000
b1111 3
b1111 B
b1000 4
b1000 ?
b11111111111111111111111111111111 @
b1010 9
b1010 A
b1100 8
b1100 >
b101100110 /
1(
#28702000
0%
#28705000
b1111 :
1%
#28708000
b10101 )
b10101 1
0%
0(
#28711000
b1010 2
b1010 D
b11111111111111111111111111111111 E
b1111 ;
b1111 C
1%
#28714000
1&
0%
#28716000
b1110 3
b1110 B
b1011 9
b1011 A
b101100111 /
1(
#28717000
b110001 !
b110001 0
b1101 5
b1101 =
b1001 6
b1001 <
b1110 :
b101100101 -
b1001 F
1%
#28720000
0%
#28723000
b10101 !
b10101 0
b1111 5
b1111 =
b1011 2
b1011 D
b11111111111111111111111111111111 E
b1010 6
b1010 <
b1110 ;
b1110 C
b101100110 -
b110001 F
1%
#28724000
b1111001 )
b1111001 1
0(
#28726000
0&
0%
#28729000
1%
#28732000
b1010 3
b1010 B
1&
b1100 9
b1100 A
b1111 7
b101101000 /
0%
1(
#28735000
1#
b1111001 !
b1111001 0
b1110 5
b1110 =
b1011 6
b1011 <
b1010 :
b101100111 -
b10101 F
1%
#28738000
0%
#28740000
0*
0(
#28741000
0#
b1100 2
b1100 D
b11111111111111111111111111111111 E
b1010 ;
b1010 C
1%
#28744000
0&
0%
#28747000
1%
#28748000
b1010 4
b1010 ?
b11111111111111111111111111111111 @
b1111 8
b1111 >
b1110 7
1(
#28750000
1&
0%
#28753000
1#
b1110000 !
b1110000 0
b1010 5
b1010 =
b1100 6
b1100 <
b101101000 -
b1111001 F
1%
#28756000
0%
0(
#28759000
1%
#28762000
0%
#28764000
b1011 4
b1011 ?
b11111111111111111111111111111111 @
b1110 8
b1110 >
b1010 7
1(
#28765000
1%
#28768000
0%
#28771000
1%
#28772000
b11010010 )
b11010010 1
1*
0(
#28774000
0&
0%
#28777000
1%
#28780000
b1011 3
b1011 B
b1100 4
b1100 ?
b11111111111111111111111111111111 @
b11010010 !
b11010010 0
b1101 9
b1101 A
b1010 8
b1010 >
b101101001 /
0%
1(
#28783000
b1011 :
1%
#28786000
0%
#28788000
b10001100 )
b10001100 1
0(
#28789000
0#
b1101 2
b1101 D
b11111111111111111111111111111111 E
b1011 ;
b1011 C
1%
#28792000
1&
0%
#28795000
1#
b11101110 !
b11101110 0
b1011 5
b1011 =
b1101 6
b1101 <
b101101001 -
b11010010 F
1%
#28796000
b1001 3
b1001 B
b10001100 !
b10001100 0
b1110 9
b1110 A
b1011 7
b101101010 /
1(
#28798000
0&
0%
#28801000
b1001 :
1%
#28804000
1&
0*
0%
0(
#28807000
0#
b1110 2
b1110 D
b11111111111111111111111111111111 E
b1001 ;
b1001 C
1%
#28810000
0%
#28812000
b1101 4
b1101 ?
b11111111111111111111111111111111 @
b1011 8
b1011 >
1(
#28813000
1#
b10110110 !
b10110110 0
b1001 5
b1001 =
b1110 6
b1110 <
b101101010 -
b10001100 F
1%
#28816000
0&
0%
#28819000
1%
#28820000
0(
#28822000
1&
0%
#28825000
1%
#28828000
b1001 7
0%
1(
#28831000
1%
#28834000
0%
#28836000
0(
#28837000
1%
#28840000
0%
#28843000
1%
#28844000
b1110 4
b1110 ?
b11111111111111111111111111111111 @
b1001 8
b1001 >
1(
#28846000
0%
#28849000
1%
#28852000
0&
0%
0(
#28855000
1%
#28858000
1&
0%
#28860000
1(
#28861000
1%
#28864000
0&
0%
#28867000
1%
#28868000
b10111010 )
b10111010 1
1*
0(
#28870000
1&
0%
#28873000
1%
#28876000
b1000 3
b1000 B
0&
b10111010 !
b10111010 0
b1111 9
b1111 A
b101101011 /
0%
1(
#28879000
b1000 :
1%
#28882000
1&
0%
#28884000
b111010 )
b111010 1
0(
#28885000
0#
b1111 2
b1111 D
b11111111111111111111111111111111 E
b1000 ;
b1000 C
1%
#28888000
0%
#28891000
1#
b111 !
b111 0
b1000 5
b1000 =
b1111 6
b1111 <
b101101011 -
b10111010 F
1%
#28892000
b11000 3
b11000 B
b111010 !
b111010 0
b10000 9
b10000 A
b1000 7
b101101100 /
1(
#28894000
0%
#28897000
b11000 :
1%
#28900000
0&
b1101101 )
b1101101 1
0%
0(
#28903000
0#
b11111111111111111111111111111111 E
b10000 2
b10000 D
b11000 ;
b11000 C
1%
#28906000
1&
0%
#28908000
b11001 3
b11001 B
b1111 4
b1111 ?
b11111111111111111111111111111111 @
b10001 9
b10001 A
b1000 8
b1000 >
b101101101 /
1(
#28909000
1#
b1101101 !
b1101101 0
b11000 5
b11000 =
b10000 6
b10000 <
b11001 :
b101101100 -
b111010 F
1%
#28912000
0&
0%
#28915000
0#
b10001 2
b10001 D
b11111111111111111111111111111111 E
b11001 ;
b11001 C
1%
#28916000
0*
0(
#28918000
0%
#28921000
1%
#28924000
1&
b11000 7
0%
1(
#28927000
1#
b10011110 !
b10011110 0
b11001 5
b11001 =
b10001 6
b10001 <
b101101101 -
b1101101 F
1%
#28930000
0&
0%
#28932000
b11100111 )
b11100111 1
1*
0(
#28933000
1%
#28936000
1&
0%
#28939000
1%
#28940000
b11011 3
b11011 B
b11111111111111111111111111111111 @
b10000 4
b10000 ?
b11100111 !
b11100111 0
b10010 9
b10010 A
b11000 8
b11000 >
b11001 7
b101101110 /
1(
#28942000
0%
#28945000
b11011 :
1%
#28948000
0*
0%
0(
#28951000
0#
b10010 2
b10010 D
b11111111111111111111111111111111 E
b11011 ;
b11011 C
1%
#28954000
0%
#28956000
b10001 4
b10001 ?
b11111111111111111111111111111111 @
b11001 8
b11001 >
1(
#28957000
1#
b11011001 !
b11011001 0
b11011 5
b11011 =
b10010 6
b10010 <
b101101110 -
b11100111 F
1%
#28960000
0%
#28963000
1%
#28964000
b100 )
b100 1
1*
0(
#28966000
0&
0%
#28969000
1%
#28972000
b11010 3
b11010 B
1&
b100 !
b100 0
b10011 9
b10011 A
b11011 7
b101101111 /
0%
1(
#28975000
b11010 :
1%
#28978000
0%
#28980000
0*
0(
#28981000
0#
b10011 2
b10011 D
b11111111111111111111111111111111 E
b11010 ;
b11010 C
1%
#28984000
0%
#28987000
1#
b11000010 !
b11000010 0
b11010 5
b11010 =
b10011 6
b10011 <
b101101111 -
b100 F
1%
#28988000
b10010 4
b10010 ?
b11111111111111111111111111111111 @
b11011 8
b11011 >
b11010 7
1(
#28990000
0%
#28993000
1%
#28996000
0%
0(
#28999000
1%
#29002000
0%
#29004000
b10011 4
b10011 ?
b11111111111111111111111111111111 @
b11010 8
b11010 >
1(
#29005000
1%
#29008000
0%
#29011000
1%
#29012000
0(
#29014000
0%
#29017000
1%
#29020000
0&
0%
1(
#29023000
1%
#29026000
1&
0%
#29028000
0(
#29029000
1%
#29032000
0%
#29035000
1%
#29036000
1(
#29038000
0%
#29041000
1%
#29044000
b10011101 )
b10011101 1
1*
0%
0(
#29047000
1%
#29050000
0&
0%
#29052000
b11110 3
b11110 B
b10011101 !
b10011101 0
b10100 9
b10100 A
b101110000 /
1(
#29053000
b11110 :
1%
#29056000
1&
0%
#29059000
0#
b10100 2
b10100 D
b11111111111111111111111111111111 E
b11110 ;
b11110 C
1%
#29060000
b101011 )
b101011 1
0(
#29062000
0%
#29065000
1#
b10111100 !
b10111100 0
b11110 5
b11110 =
b10100 6
b10100 <
b101110000 -
b10011101 F
1%
#29068000
b11111 3
b11111 B
b101011 !
b101011 0
b10101 9
b10101 A
b11110 7
b101110001 /
0%
1(
#29071000
b11111 :
1%
#29074000
0%
#29076000
b11000 )
b11000 1
0(
#29077000
0#
b10101 2
b10101 D
b11111111111111111111111111111111 E
b11111 ;
b11111 C
1%
#29080000
0%
#29083000
1#
b10110111 !
b10110111 0
b11111 5
b11111 =
b10101 6
b10101 <
b101110001 -
b101011 F
1%
#29084000
b11101 3
b11101 B
b10100 4
b10100 ?
b11111111111111111111111111111111 @
b11000 !
b11000 0
b10110 9
b10110 A
b11110 8
b11110 >
b11111 7
b101110010 /
1(
#29086000
0%
#29089000
b11101 :
1%
#29092000
b100001 )
b100001 1
0%
0(
#29095000
0#
b10110 2
b10110 D
b11111111111111111111111111111111 E
b11101 ;
b11101 C
1%
#29098000
0%
#29100000
b11100 3
b11100 B
b10101 4
b10101 ?
b11111111111111111111111111111111 @
b10111 9
b10111 A
b11111 8
b11111 >
b101110011 /
1(
#29101000
1#
b100001 !
b100001 0
b11101 5
b11101 =
b10110 6
b10110 <
b11100 :
b101110010 -
b11000 F
1%
#29104000
0&
0%
#29107000
0#
b10111 2
b10111 D
b11111111111111111111111111111111 E
b11100 ;
b11100 C
1%
#29108000
b1111101 )
b1111101 1
0(
#29110000
1&
0%
#29113000
1#
b111000 !
b111000 0
b11100 5
b11100 =
b10111 6
b10111 <
b101110011 -
b100001 F
1%
#29116000
b10100 3
b10100 B
b1111101 !
b1111101 0
b11000 9
b11000 A
b11100 7
b101110100 /
0%
1(
#29119000
b10100 :
1%
#29122000
0%
#29124000
b1100011 )
b1100011 1
0(
#29125000
0#
b11000 2
b11000 D
b11111111111111111111111111111111 E
b10100 ;
b10100 C
1%
#29128000
0%
#29131000
1#
b1001 !
b1001 0
b10100 5
b10100 =
b11000 6
b11000 <
b101110100 -
b1111101 F
1%
#29132000
b10101 3
b10101 B
b10111 4
b10111 ?
b11111111111111111111111111111111 @
b1100011 !
b1100011 0
b11001 9
b11001 A
b11100 8
b11100 >
b10100 7
b101110101 /
1(
#29134000
0%
#29137000
b10101 :
1%
#29140000
b11000010 )
b11000010 1
0%
0(
#29143000
0#
b11001 2
b11001 D
b11111111111111111111111111111111 E
b10101 ;
b10101 C
1%
#29146000
0&
0%
#29148000
b10111 3
b10111 B
b11000 4
b11000 ?
b11111111111111111111111111111111 @
b11010 9
b11010 A
b10100 8
b10100 >
b101110110 /
1(
#29149000
b10111 :
1%
#29152000
1&
0%
#29155000
b11000010 !
b11000010 0
b10101 5
b10101 =
b11010 2
b11010 D
b11111111111111111111111111111111 E
b11001 6
b11001 <
b10111 ;
b10111 C
b101110101 -
b1100011 F
1%
#29156000
0*
0(
#29158000
0%
#29161000
1#
b10101 !
b10101 0
b10111 5
b10111 =
b11010 6
b11010 <
b101110110 -
b11000010 F
1%
#29164000
b10111 7
0%
1(
#29167000
1%
#29170000
0%
#29172000
0(
#29173000
1%
#29176000
0%
#29179000
1%
#29180000
b11010 4
b11010 ?
b11111111111111111111111111111111 @
b10111 8
b10111 >
1(
#29182000
0%
#29185000
1%
#29188000
0&
b11011100 )
b11011100 1
1*
0%
0(
#29191000
1%
#29194000
0%
#29196000
b10110 3
b10110 B
b11011100 !
b11011100 0
b11011 9
b11011 A
b101110111 /
1(
#29197000
b10110 :
1%
#29200000
1&
0%
#29203000
0#
b11011 2
b11011 D
b11111111111111111111111111111111 E
b10110 ;
b10110 C
1%
#29204000
0*
0(
#29206000
0%
#29209000
1#
b1111001 !
b1111001 0
b10110 5
b10110 =
b11011 6
b11011 <
b101110111 -
b11011100 F
1%
#29212000
b10110 7
0%
1(
#29215000
1%
#29218000
0&
0%
#29220000
b11100100 )
b11100100 1
1*
0(
#29221000
1%
#29224000
1&
0%
#29227000
1%
#29228000
b10010 3
b10010 B
b11011 4
b11011 ?
b11111111111111111111111111111111 @
b11100100 !
b11100100 0
b11100 9
b11100 A
b10110 8
b10110 >
b101111000 /
1(
#29230000
0%
#29233000
b10010 :
1%
#29236000
0*
0%
0(
#29239000
0#
b11100 2
b11100 D
b11111111111111111111111111111111 E
b10010 ;
b10010 C
1%
#29242000
0%
#29244000
1(
#29245000
1#
b11010010 !
b11010010 0
b10010 5
b10010 =
b11100 6
b11100 <
b101111000 -
b11100100 F
1%
#29248000
0%
#29251000
1%
#29252000
b100000 )
b100000 1
1*
0(
#29254000
0&
0%
#29257000
1%
#29260000
b10011 3
b10011 B
1&
b100000 !
b100000 0
b11101 9
b11101 A
b10010 7
b101111001 /
0%
1(
#29263000
b10011 :
1%
#29266000
0&
0%
#29268000
0*
0(
#29269000
0#
b11101 2
b11101 D
b11111111111111111111111111111111 E
b10011 ;
b10011 C
1%
#29272000
1&
0%
#29275000
1#
b10001100 !
b10001100 0
b10011 5
b10011 =
b11101 6
b11101 <
b101111001 -
b100000 F
1%
#29276000
b11100 4
b11100 ?
b11111111111111111111111111111111 @
b10010 8
b10010 >
b10011 7
1(
#29278000
0%
#29281000
1%
#29284000
0%
0(
#29287000
1%
#29290000
0%
#29292000
b11101 4
b11101 ?
b11111111111111111111111111111111 @
b10011 8
b10011 >
1(
#29293000
1%
#29296000
0%
#29299000
1%
#29300000
0(
#29302000
0%
#29305000
1%
#29308000
0%
1(
#29311000
1%
#29314000
0&
0%
#29316000
b1010100 )
b1010100 1
1*
0(
#29317000
1%
#29320000
0%
#29323000
1%
#29324000
b10001 3
b10001 B
b1010100 !
b1010100 0
b11110 9
b11110 A
b101111010 /
1(
#29326000
1&
0%
#29329000
b10001 :
1%
#29332000
0*
0%
0(
#29335000
0#
b11110 2
b11110 D
b11111111111111111111111111111111 E
b10001 ;
b10001 C
1%
#29338000
0%
#29340000
1(
#29341000
1#
b10111010 !
b10111010 0
b10001 5
b10001 =
b11110 6
b11110 <
b101111010 -
b1010100 F
1%
#29344000
0&
0%
#29347000
1%
#29348000
b100100 )
b100100 1
1*
0(
#29350000
1&
0%
#29353000
1%
#29356000
b10000 3
b10000 B
b100100 !
b100100 0
b11111 9
b11111 A
b10001 7
b101111011 /
0%
1(
#29359000
b10000 :
1%
#29362000
0%
#29364000
b11110010 )
b11110010 1
0(
#29365000
0#
b11111 2
b11111 D
b11111111111111111111111111111111 E
b10000 ;
b10000 C
1%
#29368000
0%
#29371000
1#
b111010 !
b111010 0
b10000 5
b10000 =
b11111 6
b11111 <
b101111011 -
b100100 F
1%
#29372000
b0 3
b0 B
b11110 4
b11110 ?
b11111111111111111111111111111111 @
b11110010 !
b11110010 0
b0 9
b0 A
b10001 8
b10001 >
b10000 7
b101111100 /
1(
#29374000
0%
#29377000
b0 :
1%
#29380000
0&
b10100000 )
b10100000 1
0%
0(
#29383000
0#
b11111111111111111111111111111111 E
b0 2
b0 D
b0 ;
b0 C
1%
#29386000
1&
0%
#29388000
b1 3
b1 B
b11111 4
b11111 ?
b11111111111111111111111111111111 @
b1 9
b1 A
b10000 8
b10000 >
b101111101 /
1(
#29389000
1#
b10100000 !
b10100000 0
b0 5
b0 =
b0 6
b0 <
b1 :
b101111100 -
b11110010 F
1%
#29392000
0&
0%
#29395000
0#
b1 2
b1 D
b11111111111111111111111111111111 E
b1 ;
b1 C
1%
#29396000
0*
0(
#29398000
0%
#29401000
1%
#29404000
1&
b0 7
0%
1(
#29407000
1#
b11100111 !
b11100111 0
b1 5
b1 =
b1 6
b1 <
b101111101 -
b10100000 F
1%
#29410000
0&
0%
#29412000
0(
#29413000
1%
#29416000
1&
0%
#29419000
1%
#29420000
b11111111111111111111111111111111 @
b0 4
b0 ?
b0 8
b0 >
b1 7
1(
#29422000
0%
#29425000
1%
#29428000
0&
0%
0(
#29431000
1%
#29434000
1&
0%
#29436000
b1 4
b1 ?
b11111111111111111111111111111111 @
b1 8
b1 >
1(
#29437000
1%
#29440000
0%
#29443000
1%
#29444000
0(
#29446000
0&
0%
#29449000
1%
#29452000
0%
1(
#29455000
1%
#29458000
1&
0%
#29460000
b10011100 )
b10011100 1
1*
0(
#29461000
1%
#29464000
0%
#29467000
1%
#29468000
b11 3
b11 B
b10011100 !
b10011100 0
b10 9
b10 A
b101111110 /
1(
#29470000
0%
#29473000
b11 :
1%
#29476000
0&
0*
0%
0(
#29479000
0#
b10 2
b10 D
b11111111111111111111111111111111 E
b11 ;
b11 C
1%
#29482000
1&
0%
#29484000
1(
#29485000
1#
b100 !
b100 0
b11 5
b11 =
b10 6
b10 <
b101111110 -
b10011100 F
1%
#29488000
0%
#29491000
1%
#29492000
0(
#29494000
0%
#29497000
1%
#29500000
0&
b11 7
0%
1(
#29503000
1%
#29506000
1&
0%
#29508000
0(
#29509000
1%
#29512000
0&
0%
#29515000
1%
#29516000
b10 4
b10 ?
b11111111111111111111111111111111 @
b11 8
b11 >
1(
#29518000
0%
#29521000
1%
#29524000
0%
0(
#29527000
1%
#29530000
0%
#29532000
1(
#29533000
1%
#29536000
1&
0%
#29539000
1%
#29540000
0(
#29542000
0&
0%
#29545000
1%
#29548000
0%
1(
#29551000
1%
#29554000
1&
0%
#29556000
b10100011 )
b10100011 1
1*
0(
#29557000
1%
#29560000
0%
#29563000
1%
#29564000
b10 3
b10 B
b10100011 !
b10100011 0
b11 9
b11 A
b101111111 /
1(
#29566000
0&
0%
#29569000
b10 :
1%
#29572000
b111111 )
b111111 1
0%
0(
#29575000
0#
b11 2
b11 D
b11111111111111111111111111111111 E
b10 ;
b10 C
1%
#29578000
1&
0%
#29580000
b110 3
b110 B
b100 9
b100 A
b110000000 /
1(
#29581000
1#
b111111 !
b111111 0
b10 5
b10 =
b11 6
b11 <
b110 :
b101111111 -
b10100011 F
1%
#29584000
0%
#29587000
0#
b100 2
b100 D
b11111111111111111111111111111111 E
b110 ;
b110 C
1%
#29588000
b1111000 )
b1111000 1
0(
#29590000
0%
#29593000
1#
b101011 !
b101011 0
b110 5
b110 =
b100 6
b100 <
b110000000 -
b111111 F
1%
#29596000
b111 3
b111 B
b1111000 !
b1111000 0
b101 9
b101 A
b110 7
b110000001 /
0%
1(
#29599000
b111 :
1%
#29602000
0&
0%
#29604000
0*
0(
#29605000
0#
b101 2
b101 D
b11111111111111111111111111111111 E
b111 ;
b111 C
1%
#29608000
0%
#29611000
1%
#29612000
b100 4
b100 ?
b11111111111111111111111111111111 @
b110 8
b110 >
1(
#29614000
0%
#29617000
1%
#29620000
1&
0%
0(
#29623000
1#
b11000 !
b11000 0
b111 5
b111 =
b101 6
b101 <
b110000001 -
b1111000 F
1%
#29626000
0%
#29628000
b111 7
1(
#29629000
1%
#29632000
0%
#29635000
1%
#29636000
b10101101 )
b10101101 1
1*
0(
#29638000
0%
#29641000
1%
#29644000
b101 3
b101 B
b101 4
b101 ?
b11111111111111111111111111111111 @
b10101101 !
b10101101 0
b110 9
b110 A
b111 8
b111 >
b110000010 /
0%
1(
#29647000
b101 :
1%
#29650000
0%
#29652000
b11100110 )
b11100110 1
0(
#29653000
0#
b110 2
b110 D
b11111111111111111111111111111111 E
b101 ;
b101 C
1%
#29656000
0%
#29659000
1#
b100001 !
b100001 0
b101 5
b101 =
b110 6
b110 <
b110000010 -
b10101101 F
1%
#29660000
b100 3
b100 B
b11100110 !
b11100110 0
b111 9
b111 A
b101 7
b110000011 /
1(
#29662000
0%
#29665000
b100 :
1%
#29668000
0&
b1001 )
b1001 1
0%
0(
#29671000
0#
b111 2
b111 D
b11111111111111111111111111111111 E
b100 ;
b100 C
1%
#29674000
0%
#29676000
b1100 3
b1100 B
b110 4
b110 ?
b11111111111111111111111111111111 @
b1000 9
b1000 A
b101 8
b101 >
b110000100 /
1(
#29677000
b1100 :
1%
#29680000
1&
0%
#29683000
b1001 !
b1001 0
b100 5
b100 =
b1000 2
b1000 D
b11111111111111111111111111111111 E
b111 6
b111 <
b1100 ;
b1100 C
b110000011 -
b11100110 F
1%
#29684000
0*
0(
#29686000
0%
#29689000
1#
b1100011 !
b1100011 0
b1100 5
b1100 =
b1000 6
b1000 <
b110000100 -
b1001 F
1%
#29692000
b1100 7
0%
1(
#29695000
1%
#29698000
0%
#29700000
0(
#29701000
1%
#29704000
0%
#29707000
1%
#29708000
b1000 4
b1000 ?
b11111111111111111111111111111111 @
b1100 8
b1100 >
1(
#29710000
0&
0%
#29713000
1%
#29716000
1&
0%
0(
#29719000
1%
#29722000
0%
#29724000
1(
#29725000
1%
#29728000
0&
0%
#29731000
1%
#29732000
0(
#29734000
1&
0%
#29737000
1%
#29740000
0&
0%
1(
#29743000
1%
#29746000
1&
0%
#29748000
0(
#29749000
1%
#29752000
0%
#29755000
1%
#29756000
1(
#29758000
0%
#29761000
1%
#29764000
b11000110 )
b11000110 1
1*
0%
0(
#29767000
1%
#29770000
0&
0%
#29772000
b1101 3
b1101 B
b11000110 !
b11000110 0
b1001 9
b1001 A
b110000101 /
1(
#29773000
b1101 :
1%
#29776000
1&
0%
#29779000
0#
b1001 2
b1001 D
b11111111111111111111111111111111 E
b1101 ;
b1101 C
1%
#29780000
0*
0(
#29782000
0&
0%
#29785000
1%
#29788000
1&
0%
1(
#29791000
1#
b11000010 !
b11000010 0
b1101 5
b1101 =
b1001 6
b1001 <
b110000101 -
b11000110 F
1%
#29794000
0%
#29796000
b11001101 )
b11001101 1
1*
0(
#29797000
1%
#29800000
0%
#29803000
1%
#29804000
b1111 3
b1111 B
b11001101 !
b11001101 0
b1010 9
b1010 A
b1101 7
b110000110 /
1(
#29806000
0&
0%
#29809000
b1111 :
1%
#29812000
1&
b11111111 )
b11111111 1
0%
0(
#29815000
0#
b1010 2
b1010 D
b11111111111111111111111111111111 E
b1111 ;
b1111 C
1%
#29818000
0%
#29820000
b1110 3
b1110 B
b1001 4
b1001 ?
b11111111111111111111111111111111 @
b1011 9
b1011 A
b1101 8
b1101 >
b110000111 /
1(
#29821000
1#
b11111111 !
b11111111 0
b1111 5
b1111 =
b1010 6
b1010 <
b1110 :
b110000110 -
b11001101 F
1%
#29824000
0%
#29827000
0#
b1011 2
b1011 D
b11111111111111111111111111111111 E
b1110 ;
b1110 C
1%
#29828000
b11110101 )
b11110101 1
0(
#29830000
0&
0%
#29833000
1%
#29836000
b1010 3
b1010 B
1&
b1100 9
b1100 A
b1111 7
b110001000 /
0%
1(
#29839000
1#
b11110101 !
b11110101 0
b1110 5
b1110 =
b1011 6
b1011 <
b1010 :
b110000111 -
b11111111 F
1%
#29842000
0&
0%
#29844000
b111111 )
b111111 1
0(
#29845000
0#
b1100 2
b1100 D
b11111111111111111111111111111111 E
b1010 ;
b1010 C
1%
#29848000
1&
0%
#29851000
1#
b100000 !
b100000 0
b1010 5
b1010 =
b1100 6
b1100 <
b110001000 -
b11110101 F
1%
#29852000
b1011 3
b1011 B
b1010 4
b1010 ?
b11111111111111111111111111111111 @
b111111 !
b111111 0
b1101 9
b1101 A
b1111 8
b1111 >
b1010 7
b110001001 /
1(
#29854000
0&
0%
#29857000
b1011 :
1%
#29860000
1&
0*
0%
0(
#29863000
0#
b1101 2
b1101 D
b11111111111111111111111111111111 E
b1011 ;
b1011 C
1%
#29866000
0%
#29868000
b1100 4
b1100 ?
b11111111111111111111111111111111 @
b1010 8
b1010 >
1(
#29869000
1#
b1010100 !
b1010100 0
b1011 5
b1011 =
b1101 6
b1101 <
b110001001 -
b111111 F
1%
#29872000
0%
#29875000
1%
#29876000
b11100111 )
b11100111 1
1*
0(
#29878000
0%
#29881000
1%
#29884000
b1001 3
b1001 B
0&
b11100111 !
b11100111 0
b1110 9
b1110 A
b1011 7
b110001010 /
0%
1(
#29887000
b1001 :
1%
#29890000
1&
0%
#29892000
0*
0(
#29893000
0#
b1110 2
b1110 D
b11111111111111111111111111111111 E
b1001 ;
b1001 C
1%
#29896000
0&
0%
#29899000
1%
#29900000
b1101 4
b1101 ?
b11111111111111111111111111111111 @
b1011 8
b1011 >
1(
#29902000
1&
0%
#29905000
1#
b100100 !
b100100 0
b1001 5
b1001 =
b1110 6
b1110 <
b110001010 -
b11100111 F
1%
#29908000
0%
0(
#29911000
1%
#29914000
0%
#29916000
b1001 7
1(
#29917000
1%
#29920000
0%
#29923000
1%
#29924000
b1100111 )
b1100111 1
1*
0(
#29926000
0%
#29929000
1%
#29932000
b1000 3
b1000 B
b1110 4
b1110 ?
b11111111111111111111111111111111 @
b1100111 !
b1100111 0
b1111 9
b1111 A
b1001 8
b1001 >
b110001011 /
0%
1(
#29935000
b1000 :
1%
#29938000
0%
#29940000
b10011010 )
b10011010 1
0(
#29941000
0#
b1111 2
b1111 D
b11111111111111111111111111111111 E
b1000 ;
b1000 C
1%
#29944000
0%
#29947000
1#
b11110010 !
b11110010 0
b1000 5
b1000 =
b1111 6
b1111 <
b110001011 -
b1100111 F
1%
#29948000
b11000 3
b11000 B
b10011010 !
b10011010 0
b10000 9
b10000 A
b1000 7
b110001100 /
1(
#29950000
0&
0%
#29953000
b11000 :
1%
#29956000
1&
b10010110 )
b10010110 1
0%
0(
#29959000
0#
b11111111111111111111111111111111 E
b10000 2
b10000 D
b11000 ;
b11000 C
1%
#29962000
0%
#29964000
b11001 3
b11001 B
b1111 4
b1111 ?
b11111111111111111111111111111111 @
b10001 9
b10001 A
b1000 8
b1000 >
b110001101 /
1(
#29965000
1#
b10010110 !
b10010110 0
b11000 5
b11000 =
b10000 6
b10000 <
b11001 :
b110001100 -
b10011010 F
1%
#29968000
0%
#29971000
0#
b10001 2
b10001 D
b11111111111111111111111111111111 E
b11001 ;
b11001 C
1%
#29972000
b10100000 )
b10100000 1
0(
#29974000
0&
0%
#29977000
1%
#29980000
b11011 3
b11011 B
1&
b10010 9
b10010 A
b11000 7
b110001110 /
0%
1(
#29983000
1#
b10100000 !
b10100000 0
b11001 5
b11001 =
b10001 6
b10001 <
b11011 :
b110001101 -
b10010110 F
1%
#29986000
0%
#29988000
b1000101 )
b1000101 1
0(
#29989000
0#
b10010 2
b10010 D
b11111111111111111111111111111111 E
b11011 ;
b11011 C
1%
#29992000
0&
0%
#29995000
1%
#29996000
b11010 3
b11010 B
b11111111111111111111111111111111 @
b10000 4
b10000 ?
b10011 9
b10011 A
b11000 8
b11000 >
b11001 7
b110001111 /
1(
#29998000
1&
0%
#30001000
1#
b1000101 !
b1000101 0
b11011 5
b11011 =
b10010 6
b10010 <
b11010 :
b110001110 -
b10100000 F
1%
#30004000
0*
0%
0(
#30007000
0#
b10011 2
b10011 D
b11111111111111111111111111111111 E
b11010 ;
b11010 C
1%
#30010000
0%
#30012000
b10001 4
b10001 ?
b11111111111111111111111111111111 @
b11001 8
b11001 >
b11011 7
1(
#30013000
1#
b111111 !
b111111 0
b11010 5
b11010 =
b10011 6
b10011 <
b110001111 -
b1000101 F
1%
#30016000
0%
#30019000
1%
#30020000
b1011011 )
b1011011 1
1*
0(
#30022000
0&
0%
#30025000
1%
#30028000
b11110 3
b11110 B
b10010 4
b10010 ?
b11111111111111111111111111111111 @
1&
b1011011 !
b1011011 0
b10100 9
b10100 A
b11011 8
b11011 >
b11010 7
b110010000 /
0%
1(
#30031000
b11110 :
1%
#30034000
0%
#30036000
b1000011 )
b1000011 1
0(
#30037000
0#
b10100 2
b10100 D
b11111111111111111111111111111111 E
b11110 ;
b11110 C
1%
#30040000
0%
#30043000
1#
b1111000 !
b1111000 0
b11110 5
b11110 =
b10100 6
b10100 <
b110010000 -
b1011011 F
1%
#30044000
b11111 3
b11111 B
b10011 4
b10011 ?
b11111111111111111111111111111111 @
b1000011 !
b1000011 0
b10101 9
b10101 A
b11010 8
b11010 >
b11110 7
b110010001 /
1(
#30046000
0&
0%
#30049000
b11111 :
1%
#30052000
b10001010 )
b10001010 1
0%
0(
#30055000
0#
b10101 2
b10101 D
b11111111111111111111111111111111 E
b11111 ;
b11111 C
1%
#30058000
0%
#30060000
b11101 3
b11101 B
b10100 4
b10100 ?
b11111111111111111111111111111111 @
b10110 9
b10110 A
b11110 8
b11110 >
b110010010 /
1(
#30061000
b11101 :
1%
#30064000
1&
0%
#30067000
b10001010 !
b10001010 0
b11111 5
b11111 =
b10110 2
b10110 D
b11111111111111111111111111111111 E
b10101 6
b10101 <
b11101 ;
b11101 C
b110010001 -
b1000011 F
1%
#30068000
b111001 )
b111001 1
0(
#30070000
0%
#30073000
1#
b11100110 !
b11100110 0
b11101 5
b11101 =
b10110 6
b10110 <
b110010010 -
b10001010 F
1%
#30076000
b11100 3
b11100 B
b111001 !
b111001 0
b10111 9
b10111 A
b11101 7
b110010011 /
0%
1(
#30079000
b11100 :
1%
#30082000
0&
0%
#30084000
0*
0(
#30085000
0#
b10111 2
b10111 D
b11111111111111111111111111111111 E
b11100 ;
b11100 C
1%
#30088000
0%
#30091000
1%
#30092000
b10110 4
b10110 ?
b11111111111111111111111111111111 @
b11101 8
b11101 >
1(
#30094000
0%
#30097000
1%
#30100000
b10110111 )
b10110111 1
1*
0%
0(
#30103000
1%
#30106000
1&
0%
#30108000
b10100 3
b10100 B
b11000 9
b11000 A
b110010100 /
1(
#30109000
1#
b10110111 !
b10110111 0
b11100 5
b11100 =
b10111 6
b10111 <
b10100 :
b110010011 -
b111001 F
1%
#30112000
0%
#30115000
0#
b11000 2
b11000 D
b11111111111111111111111111111111 E
b10100 ;
b10100 C
1%
#30116000
b1010000 )
b1010000 1
0(
#30118000
0&
0%
#30121000
1%
#30124000
b10101 3
b10101 B
1&
b11001 9
b11001 A
b11100 7
b110010101 /
0%
1(
#30127000
1#
b1010000 !
b1010000 0
b10100 5
b10100 =
b11000 6
b11000 <
b10101 :
b110010100 -
b10110111 F
1%
#30130000
0%
#30132000
0*
0(
#30133000
0#
b11001 2
b11001 D
b11111111111111111111111111111111 E
b10101 ;
b10101 C
1%
#30136000
0%
#30139000
1#
b11001101 !
b11001101 0
b10101 5
b10101 =
b11001 6
b11001 <
b110010101 -
b1010000 F
1%
#30140000
b10111 4
b10111 ?
b11111111111111111111111111111111 @
b11100 8
b11100 >
b10101 7
1(
#30142000
0%
#30145000
1%
#30148000
b1101100 )
b1101100 1
1*
0%
0(
#30151000
1%
#30154000
0%
#30156000
b10111 3
b10111 B
b11001 4
b11001 ?
b11111111111111111111111111111111 @
b1101100 !
b1101100 0
b11010 9
b11010 A
b10101 8
b10101 >
b110010110 /
1(
#30157000
b10111 :
1%
#30160000
0%
#30163000
0#
b11010 2
b11010 D
b11111111111111111111111111111111 E
b10111 ;
b10111 C
1%
#30164000
b11000 )
b11000 1
0(
#30166000
0%
#30169000
1#
b11111111 !
b11111111 0
b10111 5
b10111 =
b11010 6
b11010 <
b110010110 -
b1101100 F
1%
#30172000
b10110 3
b10110 B
0&
b11000 !
b11000 0
b11011 9
b11011 A
b10111 7
b110010111 /
0%
1(
#30175000
b10110 :
1%
#30178000
1&
0%
#30180000
b10110 )
b10110 1
0(
#30181000
0#
b11011 2
b11011 D
b11111111111111111111111111111111 E
b10110 ;
b10110 C
1%
#30184000
0%
#30187000
1#
b11110101 !
b11110101 0
b10110 5
b10110 =
b11011 6
b11011 <
b110010111 -
b11000 F
1%
#30188000
b10010 3
b10010 B
b11010 4
b11010 ?
b11111111111111111111111111111111 @
b10110 !
b10110 0
b11100 9
b11100 A
b10111 8
b10111 >
b10110 7
b110011000 /
1(
#30190000
0&
0%
#30193000
b10010 :
1%
#30196000
b11110101 )
b11110101 1
0%
0(
#30199000
0#
b11100 2
b11100 D
b11111111111111111111111111111111 E
b10010 ;
b10010 C
1%
#30202000
0%
#30204000
b10011 3
b10011 B
b11011 4
b11011 ?
b11111111111111111111111111111111 @
b11101 9
b11101 A
b10110 8
b10110 >
b110011001 /
1(
#30205000
b10011 :
1%
#30208000
0%
#30211000
b11101 2
b11101 D
b11111111111111111111111111111111 E
b10011 ;
b10011 C
1%
#30212000
0*
0(
#30214000
0%
#30217000
1%
#30220000
0%
1(
#30223000
1%
#30226000
1&
0%
#30228000
b10010110 )
b10010110 1
1*
0(
#30229000
b11110101 !
b11110101 0
b10010 5
b10010 =
b11100 6
b11100 <
b110011000 -
b10110 F
1%
#30232000
0%
#30235000
1#
b11100111 !
b11100111 0
b10011 5
b10011 =
b11101 6
b11101 <
b110011001 -
b11110101 F
1%
#30236000
b10001 3
b10001 B
b10010110 !
b10010110 0
b11110 9
b11110 A
b10011 7
b110011010 /
1(
#30238000
0%
#30241000
b10001 :
1%
#30244000
b10101000 )
b10101000 1
0%
0(
#30247000
0#
b11110 2
b11110 D
b11111111111111111111111111111111 E
b10001 ;
b10001 C
1%
#30250000
0%
#30252000
b10000 3
b10000 B
b11101 4
b11101 ?
b11111111111111111111111111111111 @
b11111 9
b11111 A
b10011 8
b10011 >
b110011011 /
1(
#30253000
1#
b10101000 !
b10101000 0
b10001 5
b10001 =
b11110 6
b11110 <
b10000 :
b110011010 -
b10010110 F
1%
#30256000
0&
0%
#30259000
0#
b11111 2
b11111 D
b11111111111111111111111111111111 E
b10000 ;
b10000 C
1%
#30260000
b10000001 )
b10000001 1
0(
#30262000
1&
0%
#30265000
1#
b10011010 !
b10011010 0
b10000 5
b10000 =
b11111 6
b11111 <
b110011011 -
b10101000 F
1%
#30268000
b0 3
b0 B
0&
b10000001 !
b10000001 0
b0 9
b0 A
b10000 7
b110011100 /
0%
1(
#30271000
b0 :
1%
#30274000
0%
#30276000
b101100 )
b101100 1
0(
#30277000
0#
b11111111111111111111111111111111 E
b0 2
b0 D
b0 ;
b0 C
1%
#30280000
1&
0%
#30283000
1#
b10010110 !
b10010110 0
b0 5
b0 =
b0 6
b0 <
b110011100 -
b10000001 F
1%
#30284000
b1 3
b1 B
b11111 4
b11111 ?
b11111111111111111111111111111111 @
b101100 !
b101100 0
b1 9
b1 A
b10000 8
b10000 >
b0 7
b110011101 /
1(
#30286000
0&
0%
#30289000
b1 :
1%
#30292000
1&
b11001010 )
b11001010 1
0%
0(
#30295000
0#
b1 2
b1 D
b11111111111111111111111111111111 E
b1 ;
b1 C
1%
#30298000
0%
#30300000
b11 3
b11 B
b11111111111111111111111111111111 @
b0 4
b0 ?
b10 9
b10 A
b0 8
b0 >
b110011110 /
1(
#30301000
1#
b11001010 !
b11001010 0
b1 5
b1 =
b1 6
b1 <
b11 :
b110011101 -
b101100 F
1%
#30304000
0%
#30307000
0#
b10 2
b10 D
b11111111111111111111111111111111 E
b11 ;
b11 C
1%
#30308000
b1101 )
b1101 1
0(
#30310000
0%
#30313000
1#
b1000101 !
b1000101 0
b11 5
b11 =
b10 6
b10 <
b110011110 -
b11001010 F
1%
#30316000
b10 3
b10 B
b1101 !
b1101 0
b11 9
b11 A
b11 7
b110011111 /
0%
1(
#30319000
b10 :
1%
#30322000
0&
0%
#30324000
b10100100 )
b10100100 1
0(
#30325000
0#
b11 2
b11 D
b11111111111111111111111111111111 E
b10 ;
b10 C
1%
#30328000
1&
0%
#30331000
1#
b1011011 !
b1011011 0
b10 5
b10 =
b11 6
b11 <
b110011111 -
b1101 F
1%
#30332000
b110 3
b110 B
b10 4
b10 ?
b11111111111111111111111111111111 @
b10100100 !
b10100100 0
b100 9
b100 A
b11 8
b11 >
b10 7
b110100000 /
1(
#30334000
0%
#30337000
b110 :
1%
#30340000
0*
0%
0(
#30343000
0#
b100 2
b100 D
b11111111111111111111111111111111 E
b110 ;
b110 C
1%
#30346000
0%
#30348000
b11 4
b11 ?
b11111111111111111111111111111111 @
b10 8
b10 >
1(
#30349000
1#
b1000011 !
b1000011 0
b110 5
b110 =
b100 6
b100 <
b110100000 -
b10100100 F
1%
#30352000
0&
0%
#30355000
1%
#30356000
b10111000 )
b10111000 1
1*
0(
#30358000
1&
0%
#30361000
1%
#30364000
b111 3
b111 B
b10111000 !
b10111000 0
b101 9
b101 A
b110 7
b110100001 /
0%
1(
#30367000
b111 :
1%
#30370000
0&
0%
#30372000
b11011010 )
b11011010 1
0(
#30373000
0#
b101 2
b101 D
b11111111111111111111111111111111 E
b111 ;
b111 C
1%
#30376000
1&
0%
#30379000
1#
b10001010 !
b10001010 0
b111 5
b111 =
b101 6
b101 <
b110100001 -
b10111000 F
1%
#30380000
b101 3
b101 B
b100 4
b100 ?
b11111111111111111111111111111111 @
b11011010 !
b11011010 0
b110 9
b110 A
b110 8
b110 >
b111 7
b110100010 /
1(
#30382000
0%
#30385000
b101 :
1%
#30388000
b10111101 )
b10111101 1
0%
0(
#30391000
0#
b110 2
b110 D
b11111111111111111111111111111111 E
b101 ;
b101 C
1%
#30394000
0%
#30396000
b100 3
b100 B
b101 4
b101 ?
b11111111111111111111111111111111 @
b111 9
b111 A
b111 8
b111 >
b110100011 /
1(
#30397000
1#
b10111101 !
b10111101 0
b101 5
b101 =
b110 6
b110 <
b100 :
b110100010 -
b11011010 F
1%
#30400000
0%
#30403000
0#
b111 2
b111 D
b11111111111111111111111111111111 E
b100 ;
b100 C
1%
#30404000
0*
0(
#30406000
0%
#30409000
1#
b10110111 !
b10110111 0
b100 5
b100 =
b111 6
b111 <
b110100011 -
b10111101 F
1%
#30412000
b100 7
0%
1(
#30415000
1%
#30418000
0%
#30420000
b11101101 )
b11101101 1
1*
0(
#30421000
1%
#30424000
0%
#30427000
1%
#30428000
b1100 3
b1100 B
b111 4
b111 ?
b11111111111111111111111111111111 @
b11101101 !
b11101101 0
b1000 9
b1000 A
b100 8
b100 >
b110100100 /
1(
#30430000
0&
0%
#30433000
b1100 :
1%
#30436000
1&
b11101 )
b11101 1
0%
0(
#30439000
0#
b1000 2
b1000 D
b11111111111111111111111111111111 E
b1100 ;
b1100 C
1%
#30442000
0%
#30444000
b1101 3
b1101 B
b1001 9
b1001 A
b110100101 /
1(
#30445000
1#
b11101 !
b11101 0
b1100 5
b1100 =
b1000 6
b1000 <
b1101 :
b110100100 -
b11101101 F
1%
#30448000
0&
0%
#30451000
0#
b1001 2
b1001 D
b11111111111111111111111111111111 E
b1101 ;
b1101 C
1%
#30452000
b1101 )
b1101 1
0(
#30454000
0%
#30457000
1%
#30460000
b1111 3
b1111 B
b1010 9
b1010 A
b1100 7
b110100110 /
0%
1(
#30463000
b1111 :
1%
#30466000
1&
0%
#30468000
b100011 )
b100011 1
0(
#30469000
b1101 !
b1101 0
b1101 5
b1101 =
b1010 2
b1010 D
b11111111111111111111111111111111 E
b1001 6
b1001 <
b1111 ;
b1111 C
b110100101 -
b11101 F
1%
#30472000
0%
#30475000
1#
b11000 !
b11000 0
b1111 5
b1111 =
b1010 6
b1010 <
b110100110 -
b1101 F
1%
#30476000
b1110 3
b1110 B
b1000 4
b1000 ?
b11111111111111111111111111111111 @
b100011 !
b100011 0
b1011 9
b1011 A
b1100 8
b1100 >
b1111 7
b110100111 /
1(
#30478000
0%
#30481000
b1110 :
1%
#30484000
0*
0%
0(
#30487000
0#
b1011 2
b1011 D
b11111111111111111111111111111111 E
b1110 ;
b1110 C
1%
#30490000
0%
#30492000
b1010 4
b1010 ?
b11111111111111111111111111111111 @
b1111 8
b1111 >
1(
#30493000
1#
b10110 !
b10110 0
b1110 5
b1110 =
b1011 6
b1011 <
b110100111 -
b100011 F
1%
#30496000
0%
#30499000
1%
#30500000
b1000110 )
b1000110 1
1*
0(
#30502000
0%
#30505000
1%
#30508000
b1010 3
b1010 B
0&
b1000110 !
b1000110 0
b1100 9
b1100 A
b1110 7
b110101000 /
0%
1(
#30511000
b1010 :
1%
#30514000
1&
0%
#30516000
0*
0(
#30517000
0#
b1100 2
b1100 D
b11111111111111111111111111111111 E
b1010 ;
b1010 C
1%
#30520000
0&
0%
#30523000
1%
#30524000
b1011 4
b1011 ?
b11111111111111111111111111111111 @
b1110 8
b1110 >
1(
#30526000
1&
0%
#30529000
1#
b11110101 !
b11110101 0
b1010 5
b1010 =
b1100 6
b1100 <
b110101000 -
b1000110 F
1%
#30532000
b111111 )
b111111 1
1*
0%
0(
#30535000
1%
#30538000
0%
#30540000
b1011 3
b1011 B
b111111 !
b111111 0
b1101 9
b1101 A
b1010 7
b110101001 /
1(
#30541000
b1011 :
1%
#30544000
0%
#30547000
0#
b1101 2
b1101 D
b11111111111111111111111111111111 E
b1011 ;
b1011 C
1%
#30548000
0*
0(
#30550000
0%
#30553000
1#
b10010110 !
b10010110 0
b1011 5
b1011 =
b1101 6
b1101 <
b110101001 -
b111111 F
1%
#30556000
b1100 4
b1100 ?
b11111111111111111111111111111111 @
b1010 8
b1010 >
b1011 7
0%
1(
#30559000
1%
#30562000
0%
#30564000
b1001011 )
b1001011 1
1*
0(
#30565000
1%
#30568000
0&
0%
#30571000
1%
#30572000
b1001 3
b1001 B
b1101 4
b1101 ?
b11111111111111111111111111111111 @
b1001011 !
b1001011 0
b1110 9
b1110 A
b1011 8
b1011 >
b110101010 /
1(
#30574000
0%
#30577000
b1001 :
1%
#30580000
1&
0*
0%
0(
#30583000
0#
b1110 2
b1110 D
b11111111111111111111111111111111 E
b1001 ;
b1001 C
1%
#30586000
0%
#30588000
1(
#30589000
1#
b10101000 !
b10101000 0
b1001 5
b1001 =
b1110 6
b1110 <
b110101010 -
b1001011 F
1%
#30592000
0%
#30595000
1%
#30596000
b100011 )
b100011 1
1*
0(
#30598000
0%
#30601000
1%
#30604000
b1000 3
b1000 B
b100011 !
b100011 0
b1111 9
b1111 A
b1001 7
b110101011 /
0%
1(
#30607000
b1000 :
1%
#30610000
0&
0%
#30612000
0*
0(
#30613000
0#
b1111 2
b1111 D
b11111111111111111111111111111111 E
b1000 ;
b1000 C
1%
#30616000
1&
0%
#30619000
1#
b10000001 !
b10000001 0
b1000 5
b1000 =
b1111 6
b1111 <
b110101011 -
b100011 F
1%
#30620000
b1110 4
b1110 ?
b11111111111111111111111111111111 @
b1001 8
b1001 >
b1000 7
1(
#30622000
0&
0%
#30625000
1%
#30628000
b10010110 )
b10010110 1
1*
0%
0(
#30631000
1%
#30634000
1&
0%
#30636000
b11000 3
b11000 B
b1111 4
b1111 ?
b11111111111111111111111111111111 @
b10010110 !
b10010110 0
b10000 9
b10000 A
b1000 8
b1000 >
b110101100 /
1(
#30637000
b11000 :
1%
#30640000
0&
0%
#30643000
0#
b11111111111111111111111111111111 E
b10000 2
b10000 D
b11000 ;
b11000 C
1%
#30644000
0*
0(
#30646000
1&
0%
#30649000
1#
b101100 !
b101100 0
b11000 5
b11000 =
b10000 6
b10000 <
b110101100 -
b10010110 F
1%
#30652000
0&
b11000 7
0%
1(
#30655000
1%
#30658000
1&
0%
#30660000
0(
#30661000
1%
#30664000
0&
0%
#30667000
1%
#30668000
b11111111111111111111111111111111 @
b10000 4
b10000 ?
b11000 8
b11000 >
1(
#30670000
1&
0%
#30673000
1%
#30676000
0&
b1001110 )
b1001110 1
1*
0%
0(
#30679000
1%
#30682000
1&
0%
#30684000
b11001 3
b11001 B
b1001110 !
b1001110 0
b10001 9
b10001 A
b110101101 /
1(
#30685000
b11001 :
1%
#30688000
0&
0%
#30691000
0#
b10001 2
b10001 D
b11111111111111111111111111111111 E
b11001 ;
b11001 C
1%
#30692000
0*
0(
#30694000
1&
0%
#30697000
1#
b11001010 !
b11001010 0
b11001 5
b11001 =
b10001 6
b10001 <
b110101101 -
b1001110 F
1%
#30700000
b11001 7
0%
1(
#30703000
1%
#30706000
0%
#30708000
0(
#30709000
1%
#30712000
0%
#30715000
1%
#30716000
b10001 4
b10001 ?
b11111111111111111111111111111111 @
b11001 8
b11001 >
1(
#30718000
0%
#30721000
1%
#30724000
b10100011 )
b10100011 1
1*
0%
0(
#30727000
1%
#30730000
0%
#30732000
b11011 3
b11011 B
b10100011 !
b10100011 0
b10010 9
b10010 A
b110101110 /
1(
#30733000
b11011 :
1%
#30736000
0%
#30739000
0#
b10010 2
b10010 D
b11111111111111111111111111111111 E
b11011 ;
b11011 C
1%
#30740000
b1001100 )
b1001100 1
0(
#30742000
0%
#30745000
1#
b1101 !
b1101 0
b11011 5
b11011 =
b10010 6
b10010 <
b110101110 -
b10100011 F
1%
#30748000
b11010 3
b11010 B
0&
b1001100 !
b1001100 0
b10011 9
b10011 A
b11011 7
b110101111 /
0%
1(
#30751000
b11010 :
1%
#30754000
1&
0%
#30756000
0*
0(
#30757000
0#
b10011 2
b10011 D
b11111111111111111111111111111111 E
b11010 ;
b11010 C
1%
#30760000
0%
#30763000
1#
b10100100 !
b10100100 0
b11010 5
b11010 =
b10011 6
b10011 <
b110101111 -
b1001100 F
1%
#30764000
b10010 4
b10010 ?
b11111111111111111111111111111111 @
b11011 8
b11011 >
b11010 7
1(
#30766000
0%
#30769000
1%
#30772000
0&
0%
0(
#30775000
1%
#30778000
1&
0%
#30780000
b10011 4
b10011 ?
b11111111111111111111111111111111 @
b11010 8
b11010 >
1(
#30781000
1%
#30784000
0%
#30787000
1%
#30788000
0(
#30790000
0&
0%
#30793000
1%
#30796000
0%
1(
#30799000
1%
#30802000
0%
#30804000
b11000110 )
b11000110 1
1*
0(
#30805000
1%
#30808000
1&
0%
#30811000
1%
#30812000
b11110 3
b11110 B
b11000110 !
b11000110 0
b10100 9
b10100 A
b110110000 /
1(
#30814000
0%
#30817000
b11110 :
1%
#30820000
0*
0%
0(
#30823000
0#
b10100 2
b10100 D
b11111111111111111111111111111111 E
b11110 ;
b11110 C
1%
#30826000
0&
0%
#30828000
1(
#30829000
1%
#30832000
1&
0%
#30835000
1#
b10111000 !
b10111000 0
b11110 5
b11110 =
b10100 6
b10100 <
b110110000 -
b11000110 F
1%
#30836000
0(
#30838000
0&
0%
#30841000
1%
#30844000
1&
b11110 7
0%
1(
#30847000
1%
#30850000
0&
0%
#30852000
b10101011 )
b10101011 1
1*
0(
#30853000
1%
#30856000
0%
#30859000
1%
#30860000
b11111 3
b11111 B
b10100 4
b10100 ?
b11111111111111111111111111111111 @
b10101011 !
b10101011 0
b10101 9
b10101 A
b11110 8
b11110 >
b110110001 /
1(
#30862000
1&
0%
#30865000
b11111 :
1%
#30868000
b101110 )
b101110 1
0%
0(
#30871000
0#
b10101 2
b10101 D
b11111111111111111111111111111111 E
b11111 ;
b11111 C
1%
#30874000
0%
#30876000
b11101 3
b11101 B
b10110 9
b10110 A
b110110010 /
1(
#30877000
1#
b101110 !
b101110 0
b11111 5
b11111 =
b10101 6
b10101 <
b11101 :
b110110001 -
b10101011 F
1%
#30880000
0&
0%
#30883000
0#
b10110 2
b10110 D
b11111111111111111111111111111111 E
b11101 ;
b11101 C
1%
#30884000
0*
0(
#30886000
1&
0%
#30889000
1#
b10111101 !
b10111101 0
b11101 5
b11101 =
b10110 6
b10110 <
b110110010 -
b101110 F
1%
#30892000
b11101 7
0%
1(
#30895000
1%
#30898000
0%
#30900000
0(
#30901000
1%
#30904000
0%
#30907000
1%
#30908000
b10110 4
b10110 ?
b11111111111111111111111111111111 @
b11101 8
b11101 >
1(
#30910000
0&
0%
#30913000
1%
#30916000
1&
0%
0(
#30919000
1%
#30922000
0%
#30924000
1(
#30925000
1%
#30928000
0%
#30931000
1%
#30932000
0(
#30934000
0%
#30937000
1%
#30940000
0&
0%
1(
#30943000
1%
#30946000
1&
0%
#30948000
0(
#30949000
1%
#30952000
0%
#30955000
1%
#30956000
1(
#30958000
0%
#30961000
1%
#30964000
0%
0(
#30967000
1%
#30970000
0&
0%
#30972000
1(
#30973000
1%
#30976000
1&
0%
#30979000
1%
#30980000
0(
#30982000
0&
0%
#30985000
1%
#30988000
1&
0%
1(
#30991000
1%
#30994000
0%
#30996000
0(
#30997000
1%
#31000000
0&
0%
#31003000
1%
#31004000
1(
#31006000
1&
0%
#31009000
1%
#31012000
b10011100 )
b10011100 1
1*
0%
0(
#31015000
1%
#31018000
0&
0%
#31020000
b11100 3
b11100 B
b10011100 !
b10011100 0
b10111 9
b10111 A
b110110011 /
1(
#31021000
b11100 :
1%
#31024000
1&
0%
#31027000
0#
b10111 2
b10111 D
b11111111111111111111111111111111 E
b11100 ;
b11100 C
1%
#31028000
0*
0(
#31030000
0%
#31033000
1#
b11101101 !
b11101101 0
b11100 5
b11100 =
b10111 6
b10111 <
b110110011 -
b10011100 F
1%
#31036000
0&
b11100 7
0%
1(
#31039000
1%
#31042000
1&
0%
#31044000
b111110 )
b111110 1
1*
0(
#31045000
1%
#31048000
0%
#31051000
1%
#31052000
b10100 3
b10100 B
b10111 4
b10111 ?
b11111111111111111111111111111111 @
b111110 !
b111110 0
b11000 9
b11000 A
b11100 8
b11100 >
b110110100 /
1(
#31054000
0%
#31057000
b10100 :
1%
#31060000
b11101 )
b11101 1
0%
0(
#31063000
0#
b11000 2
b11000 D
b11111111111111111111111111111111 E
b10100 ;
b10100 C
1%
#31066000
0&
0%
#31068000
b10101 3
b10101 B
b11001 9
b11001 A
b110110101 /
1(
#31069000
b10101 :
1%
#31072000
1&
0%
#31075000
b11101 !
b11101 0
b10100 5
b10100 =
b11001 2
b11001 D
b11111111111111111111111111111111 E
b11000 6
b11000 <
b10101 ;
b10101 C
b110110100 -
b111110 F
1%
#31076000
0*
0(
#31078000
0&
0%
#31081000
1%
#31084000
1&
b10100 7
0%
1(
#31087000
1#
b1101 !
b1101 0
b10101 5
b10101 =
b11001 6
b11001 <
b110110101 -
b11101 F
1%
#31090000
0&
0%
#31092000
0(
#31093000
1%
#31096000
0%
#31099000
1%
#31100000
b11000 4
b11000 ?
b11111111111111111111111111111111 @
b10100 8
b10100 >
b10101 7
1(
#31102000
0%
#31105000
1%
#31108000
1&
b11100111 )
b11100111 1
1*
0%
0(
#31111000
1%
#31114000
0%
#31116000
b10111 3
b10111 B
b11001 4
b11001 ?
b11111111111111111111111111111111 @
b11100111 !
b11100111 0
b11010 9
b11010 A
b10101 8
b10101 >
b110110110 /
1(
#31117000
b10111 :
1%
#31120000
0%
#31123000
0#
b11010 2
b11010 D
b11111111111111111111111111111111 E
b10111 ;
b10111 C
1%
#31124000
b1111010 )
b1111010 1
0(
#31126000
0%
#31129000
1#
b100011 !
b100011 0
b10111 5
b10111 =
b11010 6
b11010 <
b110110110 -
b11100111 F
1%
#31132000
b10110 3
b10110 B
b1111010 !
b1111010 0
b11011 9
b11011 A
b10111 7
b110110111 /
0%
1(
#31135000
b10110 :
1%
#31138000
0%
#31140000
b10110101 )
b10110101 1
0(
#31141000
0#
b11011 2
b11011 D
b11111111111111111111111111111111 E
b10110 ;
b10110 C
1%
#31144000
0&
0%
#31147000
1%
#31148000
b10010 3
b10010 B
b11010 4
b11010 ?
b11111111111111111111111111111111 @
b11100 9
b11100 A
b10111 8
b10111 >
b110111000 /
1(
#31150000
1&
0%
#31153000
1#
b10110101 !
b10110101 0
b10110 5
b10110 =
b11011 6
b11011 <
b10010 :
b110110111 -
b1111010 F
1%
#31156000
b111001 )
b111001 1
0%
0(
#31159000
0#
b11100 2
b11100 D
b11111111111111111111111111111111 E
b10010 ;
b10010 C
1%
#31162000
0%
#31164000
b10011 3
b10011 B
b11101 9
b11101 A
b10110 7
b110111001 /
1(
#31165000
1#
b111001 !
b111001 0
b10010 5
b10010 =
b11100 6
b11100 <
b10011 :
b110111000 -
b10110101 F
1%
#31168000
0%
#31171000
0#
b11101 2
b11101 D
b11111111111111111111111111111111 E
b10011 ;
b10011 C
1%
#31172000
0*
0(
#31174000
0&
0%
#31177000
1%
#31180000
b11011 4
b11011 ?
b11111111111111111111111111111111 @
1&
b10110 8
b10110 >
b10010 7
0%
1(
#31183000
1#
b1001011 !
b1001011 0
b10011 5
b10011 =
b11101 6
b11101 <
b110111001 -
b111001 F
1%
#31186000
0&
0%
#31188000
b101 )
b101 1
1*
0(
#31189000
1%
#31192000
0%
#31195000
1%
#31196000
b10001 3
b10001 B
b11100 4
b11100 ?
b11111111111111111111111111111111 @
b101 !
b101 0
b11110 9
b11110 A
b10010 8
b10010 >
b10011 7
b110111010 /
1(
#31198000
0%
#31201000
b10001 :
1%
#31204000
b10101001 )
b10101001 1
0%
0(
#31207000
0#
b11110 2
b11110 D
b11111111111111111111111111111111 E
b10001 ;
b10001 C
1%
#31210000
1&
0%
#31212000
b10000 3
b10000 B
b11101 4
b11101 ?
b11111111111111111111111111111111 @
b11111 9
b11111 A
b10011 8
b10011 >
b110111011 /
1(
#31213000
1#
b10101001 !
b10101001 0
b10001 5
b10001 =
b11110 6
b11110 <
b10000 :
b110111010 -
b101 F
1%
#31216000
0&
0%
#31219000
0#
b11111 2
b11111 D
b11111111111111111111111111111111 E
b10000 ;
b10000 C
1%
#31220000
b11001110 )
b11001110 1
0(
#31222000
1&
0%
#31225000
1#
b10010110 !
b10010110 0
b10000 5
b10000 =
b11111 6
b11111 <
b110111011 -
b10101001 F
1%
#31228000
b0 3
b0 B
b11001110 !
b11001110 0
b0 9
b0 A
b10000 7
b110111100 /
0%
1(
#31231000
b0 :
1%
#31234000
0%
#31236000
b10001010 )
b10001010 1
0(
#31237000
0#
b11111111111111111111111111111111 E
b0 2
b0 D
b0 ;
b0 C
1%
#31240000
0&
0%
#31243000
1%
#31244000
b1 3
b1 B
b11111 4
b11111 ?
b11111111111111111111111111111111 @
b1 9
b1 A
b10000 8
b10000 >
b110111101 /
1(
#31246000
1&
0%
#31249000
1#
b10001010 !
b10001010 0
b0 5
b0 =
b0 6
b0 <
b1 :
b110111100 -
b11001110 F
1%
#31252000
0*
0%
0(
#31255000
0#
b1 2
b1 D
b11111111111111111111111111111111 E
b1 ;
b1 C
1%
#31258000
0&
0%
#31260000
b0 7
1(
#31261000
1%
#31264000
1&
0%
#31267000
1#
b10100011 !
b10100011 0
b1 5
b1 =
b1 6
b1 <
b110111101 -
b10001010 F
1%
#31268000
b101100 )
b101100 1
1*
0(
#31270000
0%
#31273000
1%
#31276000
b11 3
b11 B
b11111111111111111111111111111111 @
b0 4
b0 ?
b101100 !
b101100 0
b10 9
b10 A
b0 8
b0 >
b1 7
b110111110 /
0%
1(
#31279000
b11 :
1%
#31282000
0%
#31284000
b11110100 )
b11110100 1
0(
#31285000
0#
b10 2
b10 D
b11111111111111111111111111111111 E
b11 ;
b11 C
1%
#31288000
0%
#31291000
1#
b1001100 !
b1001100 0
b11 5
b11 =
b10 6
b10 <
b110111110 -
b101100 F
1%
#31292000
b10 3
b10 B
b1 4
b1 ?
b11111111111111111111111111111111 @
b11110100 !
b11110100 0
b11 9
b11 A
b1 8
b1 >
b11 7
b110111111 /
1(
#31294000
0&
0%
#31297000
b10 :
1%
#31300000
1&
b11111011 )
b11111011 1
0%
0(
#31303000
0#
b11 2
b11 D
b11111111111111111111111111111111 E
b10 ;
b10 C
1%
#31306000
0%
#31308000
b110 3
b110 B
b10 4
b10 ?
b11111111111111111111111111111111 @
b100 9
b100 A
b11 8
b11 >
b111000000 /
1(
#31309000
1#
b11111011 !
b11111011 0
b10 5
b10 =
b11 6
b11 <
b110 :
b110111111 -
b11110100 F
1%
#31312000
0%
#31315000
0#
b100 2
b100 D
b11111111111111111111111111111111 E
b110 ;
b110 C
1%
#31316000
b1010010 )
b1010010 1
0(
#31318000
0%
#31321000
1#
b10101011 !
b10101011 0
b110 5
b110 =
b100 6
b100 <
b111000000 -
b11111011 F
1%
#31324000
b111 3
b111 B
b1010010 !
b1010010 0
b101 9
b101 A
b110 7
b111000001 /
0%
1(
#31327000
b111 :
1%
#31330000
0%
#31332000
b10110 )
b10110 1
0(
#31333000
0#
b101 2
b101 D
b11111111111111111111111111111111 E
b111 ;
b111 C
1%
#31336000
0%
#31339000
1#
b101110 !
b101110 0
b111 5
b111 =
b101 6
b101 <
b111000001 -
b1010010 F
1%
#31340000
b101 3
b101 B
b100 4
b100 ?
b11111111111111111111111111111111 @
b10110 !
b10110 0
b110 9
b110 A
b110 8
b110 >
b111 7
b111000010 /
1(
#31342000
0%
#31345000
b101 :
1%
#31348000
0&
0*
0%
0(
#31351000
0#
b110 2
b110 D
b11111111111111111111111111111111 E
b101 ;
b101 C
1%
#31354000
1&
0%
#31356000
b101 4
b101 ?
b11111111111111111111111111111111 @
b111 8
b111 >
1(
#31357000
1#
b10011100 !
b10011100 0
b101 5
b101 =
b110 6
b110 <
b111000010 -
b10110 F
1%
#31360000
0%
#31363000
1%
#31364000
b101010 )
b101010 1
1*
0(
#31366000
0%
#31369000
1%
#31372000
b100 3
b100 B
b101010 !
b101010 0
b111 9
b111 A
b101 7
b111000011 /
0%
1(
#31375000
b100 :
1%
#31378000
0&
0%
#31380000
0*
0(
#31381000
0#
b111 2
b111 D
b11111111111111111111111111111111 E
b100 ;
b100 C
1%
#31384000
1&
0%
#31387000
1#
b111110 !
b111110 0
b100 5
b100 =
b111 6
b111 <
b111000011 -
b101010 F
1%
#31388000
b110 4
b110 ?
b11111111111111111111111111111111 @
b101 8
b101 >
b100 7
1(
#31390000
0&
0%
#31393000
1%
#31396000
1&
0%
0(
#31399000
1%
#31402000
0%
#31404000
b111 4
b111 ?
b11111111111111111111111111111111 @
b100 8
b100 >
1(
#31405000
1%
#31408000
0%
#31411000
1%
#31412000
b10110000 )
b10110000 1
1*
0(
#31414000
0%
#31417000
1%
#31420000
b1100 3
b1100 B
0&
b10110000 !
b10110000 0
b1000 9
b1000 A
b111000100 /
0%
1(
#31423000
b1100 :
1%
#31426000
1&
0%
#31428000
b10111010 )
b10111010 1
0(
#31429000
0#
b1000 2
b1000 D
b11111111111111111111111111111111 E
b1100 ;
b1100 C
1%
#31432000
0%
#31435000
1#
b11101 !
b11101 0
b1100 5
b1100 =
b1000 6
b1000 <
b111000100 -
b10110000 F
1%
#31436000
b1101 3
b1101 B
b10111010 !
b10111010 0
b1001 9
b1001 A
b1100 7
b111000101 /
1(
#31438000
0%
#31441000
b1101 :
1%
#31444000
0&
0*
0%
0(
#31447000
0#
b1001 2
b1001 D
b11111111111111111111111111111111 E
b1101 ;
b1101 C
1%
#31450000
1&
0%
#31452000
b1000 4
b1000 ?
b11111111111111111111111111111111 @
b1100 8
b1100 >
1(
#31453000
1#
b11100111 !
b11100111 0
b1101 5
b1101 =
b1001 6
b1001 <
b111000101 -
b10111010 F
1%
#31456000
0%
#31459000
1%
#31460000
b11101 )
b11101 1
1*
0(
#31462000
0&
0%
#31465000
1%
#31468000
b1111 3
b1111 B
1&
b11101 !
b11101 0
b1010 9
b1010 A
b1101 7
b111000110 /
0%
1(
#31471000
b1111 :
1%
#31474000
0%
#31476000
b11 )
b11 1
0(
#31477000
0#
b1010 2
b1010 D
b11111111111111111111111111111111 E
b1111 ;
b1111 C
1%
#31480000
0%
#31483000
1#
b1111010 !
b1111010 0
b1111 5
b1111 =
b1010 6
b1010 <
b111000110 -
b11101 F
1%
#31484000
b1110 3
b1110 B
b1001 4
b1001 ?
b11111111111111111111111111111111 @
b11 !
b11 0
b1011 9
b1011 A
b1101 8
b1101 >
b1111 7
b111000111 /
1(
#31486000
0%
#31489000
b1110 :
1%
#31492000
0&
0*
0%
0(
#31495000
0#
b1011 2
b1011 D
b11111111111111111111111111111111 E
b1110 ;
b1110 C
1%
#31498000
0%
#31500000
b1010 4
b1010 ?
b11111111111111111111111111111111 @
b1111 8
b1111 >
1(
#31501000
1%
#31504000
0%
#31507000
1%
#31508000
b10101100 )
b10101100 1
1*
0(
#31510000
0%
#31513000
1%
#31516000
b1010 3
b1010 B
b1100 9
b1100 A
b111001000 /
0%
1(
#31519000
b1010 :
1%
#31522000
1&
0%
#31524000
0*
0(
#31525000
b10101100 !
b10101100 0
b1110 5
b1110 =
b1100 2
b1100 D
b11111111111111111111111111111111 E
b1011 6
b1011 <
b1010 ;
b1010 C
b111000111 -
b11 F
1%
#31528000
0%
#31531000
1#
b111001 !
b111001 0
b1010 5
b1010 =
b1100 6
b1100 <
b111001000 -
b10101100 F
1%
#31532000
b1010 7
1(
#31534000
0%
#31537000
1%
#31540000
b1100010 )
b1100010 1
1*
0%
0(
#31543000
1%
#31546000
0%
#31548000
b1011 3
b1011 B
b1100 4
b1100 ?
b11111111111111111111111111111111 @
b1100010 !
b1100010 0
b1101 9
b1101 A
b1010 8
b1010 >
b111001001 /
1(
#31549000
b1011 :
1%
#31552000
0%
#31555000
0#
b1101 2
b1101 D
b11111111111111111111111111111111 E
b1011 ;
b1011 C
1%
#31556000
b10001011 )
b10001011 1
0(
#31558000
0%
#31561000
1#
b101 !
b101 0
b1011 5
b1011 =
b1101 6
b1101 <
b111001001 -
b1100010 F
1%
#31564000
b1001 3
b1001 B
0&
b10001011 !
b10001011 0
b1110 9
b1110 A
b1011 7
b111001010 /
0%
1(
#31567000
b1001 :
1%
#31570000
1&
0%
#31572000
b1010100 )
b1010100 1
0(
#31573000
0#
b1110 2
b1110 D
b11111111111111111111111111111111 E
b1001 ;
b1001 C
1%
#31576000
0%
#31579000
1#
b10101001 !
b10101001 0
b1001 5
b1001 =
b1110 6
b1110 <
b111001010 -
b10001011 F
1%
#31580000
b1000 3
b1000 B
b1101 4
b1101 ?
b11111111111111111111111111111111 @
b1010100 !
b1010100 0
b1111 9
b1111 A
b1011 8
b1011 >
b1001 7
b111001011 /
1(
#31582000
0%
#31585000
b1000 :
1%
#31588000
0&
0*
0%
0(
#31591000
0#
b1111 2
b1111 D
b11111111111111111111111111111111 E
b1000 ;
b1000 C
1%
#31594000
0%
#31596000
b1110 4
b1110 ?
b11111111111111111111111111111111 @
b1001 8
b1001 >
1(
#31597000
1%
#31600000
1&
0%
#31603000
1#
b11001110 !
b11001110 0
b1000 5
b1000 =
b1111 6
b1111 <
b111001011 -
b1010100 F
1%
#31604000
0(
#31606000
0%
#31609000
1%
#31612000
b1000 7
0%
1(
#31615000
1%
#31618000
0%
#31620000
0(
#31621000
1%
#31624000
0%
#31627000
1%
#31628000
b1111 4
b1111 ?
b11111111111111111111111111111111 @
b1000 8
b1000 >
1(
#31630000
0%
#31633000
1%
#31636000
b11010011 )
b11010011 1
1*
0%
0(
#31639000
1%
#31642000
0%
#31644000
b11000 3
b11000 B
b11010011 !
b11010011 0
b10000 9
b10000 A
b111001100 /
1(
#31645000
b11000 :
1%
#31648000
0&
0%
#31651000
0#
b11111111111111111111111111111111 E
b10000 2
b10000 D
b11000 ;
b11000 C
1%
#31652000
b10100110 )
b10100110 1
0(
#31654000
1&
0%
#31657000
1#
b10001010 !
b10001010 0
b11000 5
b11000 =
b10000 6
b10000 <
b111001100 -
b11010011 F
1%
#31660000
b11001 3
b11001 B
0&
b10100110 !
b10100110 0
b10001 9
b10001 A
b11000 7
b111001101 /
0%
1(
#31663000
b11001 :
1%
#31666000
0%
#31668000
0*
0(
#31669000
0#
b10001 2
b10001 D
b11111111111111111111111111111111 E
b11001 ;
b11001 C
1%
#31672000
1&
0%
#31675000
1#
b101100 !
b101100 0
b11001 5
b11001 =
b10001 6
b10001 <
b111001101 -
b10100110 F
1%
#31676000
b11111111111111111111111111111111 @
b10000 4
b10000 ?
b11000 8
b11000 >
b11001 7
1(
#31678000
0&
0%
#31681000
1%
#31684000
b111 )
b111 1
1*
0%
0(
#31687000
1%
#31690000
1&
0%
#31692000
b11011 3
b11011 B
b10001 4
b10001 ?
b11111111111111111111111111111111 @
b111 !
b111 0
b10010 9
b10010 A
b11001 8
b11001 >
b111001110 /
1(
#31693000
b11011 :
1%
#31696000
0%
#31699000
0#
b10010 2
b10010 D
b11111111111111111111111111111111 E
b11011 ;
b11011 C
1%
#31700000
b11010111 )
b11010111 1
0(
#31702000
0%
#31705000
1#
b11110100 !
b11110100 0
b11011 5
b11011 =
b10010 6
b10010 <
b111001110 -
b111 F
1%
#31708000
b11010 3
b11010 B
b11010111 !
b11010111 0
b10011 9
b10011 A
b11011 7
b111001111 /
0%
1(
#31711000
b11010 :
1%
#31714000
0%
#31716000
0*
0(
#31717000
0#
b10011 2
b10011 D
b11111111111111111111111111111111 E
b11010 ;
b11010 C
1%
#31720000
0&
0%
#31723000
1%
#31724000
b10010 4
b10010 ?
b11111111111111111111111111111111 @
b11011 8
b11011 >
1(
#31726000
0%
#31729000
1%
#31732000
0%
0(
#31735000
1%
#31738000
1&
0%
#31740000
1(
#31741000
1#
b11111011 !
b11111011 0
b11010 5
b11010 =
b10011 6
b10011 <
b111001111 -
b11010111 F
1%
#31744000
0%
#31747000
1%
#31748000
0(
#31750000
0%
#31753000
1%
#31756000
b11010 7
0%
1(
#31759000
1%
#31762000
0%
#31764000
0(
#31765000
1%
#31768000
0%
#31771000
1%
#31772000
b10011 4
b10011 ?
b11111111111111111111111111111111 @
b11010 8
b11010 >
1(
#31774000
0%
#31777000
1%
#31780000
0%
0(
#31783000
1%
#31786000
0%
#31788000
1(
#31789000
1%
#31792000
0%
#31795000
1%
#31796000
0(
#31798000
0%
#31801000
1%
#31804000
0%
1(
#31807000
1%
#31810000
0%
#31812000
0(
#31813000
1%
#31816000
0%
#31819000
1%
#31820000
1(
#31822000
0%
#31825000
1%
#31828000
0%
0(
#31831000
1%
#31834000
0%
#31836000
1(
#31837000
1%
#31840000
0%
#31843000
1%
#31844000
0(
#31846000
0%
#31849000
1%
#31852000
0%
1(
#31855000
1%
#31858000
0%
#31860000
0(
#31861000
1%
#31864000
0%
#31867000
1%
#31868000
1(
#31870000
0%
#31873000
1%
#31876000
0%
0(
#31879000
1%
#31882000
0%
#31884000
1(
#31885000
1%
#31888000
0%
#31891000
1%
#31892000
0(
#31894000
0%
#31897000
1%
#31900000
0%
1(
#31903000
1%
#31906000
0%
#31908000
0(
#31909000
1%
#31912000
0%
#31915000
1%
#31916000
1(
#31918000
0%
#31921000
1%
#31924000
0%
0(
#31927000
1%
#31930000
0%
#31932000
1(
#31933000
1%
#31936000
0%
#31939000
1%
#31940000
0(
#31942000
0%
#31945000
1%
#31948000
0%
1(
#31951000
1%
#31954000
0%
#31956000
0(
#31957000
1%
#31960000
0%
#31963000
1%
#31964000
1(
#31966000
0%
#31969000
1%
#31972000
0%
0(
#31975000
1%
#31978000
0%
#31980000
1(
#31981000
1%
#31984000
0%
#31987000
1%
#31988000
0(
#31990000
0%
#31993000
1%
#31996000
0%
1(
#31999000
1%
#32002000
0%
#32004000
0(
#32005000
1%
#32008000
0%
#32011000
1%
#32012000
1(
#32014000
0%
#32017000
1%
#32020000
0%
0(
#32023000
1%
#32026000
0%
#32028000
1(
#32029000
1%
#32032000
0%
#32035000
1%
#32036000
0(
#32038000
0%
#32041000
1%
#32044000
0%
1(
#32047000
1%
#32050000
0%
#32052000
0(
#32053000
1%
#32056000
0%
#32059000
1%
#32060000
1(
#32062000
0%
#32065000
1%
#32068000
0%
0(
#32071000
1%
#32074000
0%
#32076000
1(
#32077000
1%
#32080000
0%
#32083000
1%
#32084000
0(
#32086000
0%
#32089000
1%
#32092000
0%
1(
#32095000
1%
#32098000
0%
#32100000
0(
#32101000
1%
#32104000
0%
#32107000
1%
#32108000
1(
#32110000
0%
#32113000
1%
#32116000
0%
0(
#32119000
1%
#32122000
0%
#32124000
1(
#32125000
1%
#32128000
0%
#32131000
1%
#32132000
0(
#32134000
0%
#32137000
1%
#32140000
0%
1(
#32143000
1%
#32146000
0%
#32148000
0(
#32149000
1%
#32152000
0%
#32155000
1%
#32156000
1(
#32158000
0%
#32161000
1%
#32164000
0%
0(
#32167000
1%
#32170000
0%
#32172000
1(
#32173000
1%
#32176000
0%
#32179000
1%
#32180000
0(
#32182000
0%
#32185000
1%
#32188000
0%
1(
#32191000
1%
#32194000
0%
#32196000
0(
#32197000
1%
#32200000
0%
#32203000
1%
#32204000
1(
#32206000
0%
#32209000
1%
#32212000
0%
0(
#32215000
1%
#32218000
0%
#32220000
1(
#32221000
1%
#32224000
0%
#32227000
1%
#32228000
0(
#32230000
0%
#32233000
1%
#32236000
0%
1(
#32239000
1%
#32242000
0%
#32244000
0(
#32245000
1%
#32248000
0%
#32251000
1%
#32252000
1(
#32254000
0%
#32257000
1%
#32260000
0%
0(
#32263000
1%
#32266000
0%
#32268000
1(
#32269000
1%
#32272000
0%
#32275000
1%
#32276000
0(
#32278000
0%
#32281000
1%
#32284000
0%
1(
#32287000
1%
#32290000
0%
#32292000
0(
#32293000
1%
#32296000
0%
#32299000
1%
#32300000
1(
#32302000
0%
#32305000
1%
#32308000
0%
0(
#32311000
1%
#32314000
0%
#32316000
1(
#32317000
1%
#32320000
0%
#32323000
1%
#32324000
0(
#32326000
0%
#32329000
1%
#32332000
0%
1(
#32335000
1%
#32338000
0%
#32340000
0(
#32341000
1%
#32344000
0%
#32347000
1%
#32348000
1(
#32350000
0%
#32353000
1%
#32356000
0%
0(
#32359000
1%
#32362000
0%
#32364000
1(
#32365000
1%
#32368000
0%
#32371000
1%
#32372000
0(
#32374000
0%
#32377000
1%
#32380000
0%
1(
#32383000
1%
#32386000
0%
#32388000
0(
#32389000
1%
#32392000
0%
#32395000
1%
#32396000
1(
#32398000
0%
#32401000
1%
#32404000
0%
0(
#32407000
1%
#32410000
0%
#32412000
1(
#32413000
1%
#32416000
0%
#32419000
1%
#32420000
0(
#32422000
0%
#32425000
1%
#32428000
0%
1(
#32431000
1%
#32434000
0%
#32436000
0(
#32437000
1%
#32440000
0%
#32443000
1%
#32444000
1(
#32446000
0%
#32449000
1%
#32452000
0%
0(
#32455000
1%
#32458000
0%
#32460000
1(
#32461000
1%
#32464000
0%
#32467000
1%
#32468000
0(
#32470000
0%
#32473000
1%
#32476000
0%
1(
#32479000
1%
#32482000
0%
#32484000
0(
#32485000
1%
#32488000
0%
#32491000
1%
#32492000
1(
#32494000
0%
#32497000
1%
#32500000
0%
0(
#32503000
1%
#32506000
0%
#32508000
1(
#32509000
1%
#32512000
0%
#32515000
1%
#32516000
0(
#32518000
0%
#32521000
1%
#32524000
0%
1(
#32527000
1%
#32530000
0%
#32532000
0(
#32533000
1%
#32536000
0%
#32539000
1%
#32540000
1(
#32542000
0%
#32545000
1%
#32548000
0%
0(
#32551000
1%
#32554000
0%
#32556000
1(
#32557000
1%
#32560000
0%
#32563000
1%
#32564000
0(
#32566000
0%
#32569000
1%
#32572000
0%
1(
#32575000
1%
#32578000
0%
#32580000
0(
#32581000
1%
#32584000
0%
#32587000
1%
#32588000
1(
#32590000
0%
#32593000
1%
#32596000
0%
0(
#32599000
1%
#32602000
0%
#32604000
1(
#32605000
1%
#32608000
0%
#32611000
1%
#32612000
0(
#32614000
0%
#32617000
1%
#32620000
0%
1(
#32623000
1%
#32626000
0%
#32628000
0(
#32629000
1%
#32632000
0%
#32635000
1%
#32636000
1(
#32638000
0%
#32641000
1%
#32644000
0%
0(
#32647000
1%
#32650000
0%
#32652000
1(
#32653000
1%
#32656000
0%
#32659000
1%
#32660000
0(
#32662000
0%
#32665000
1%
#32668000
0%
1(
#32671000
1%
#32674000
0%
#32676000
0(
#32677000
1%
#32680000
0%
#32683000
1%
#32684000
1(
#32686000
0%
#32689000
1%
#32692000
0%
0(
#32695000
1%
#32698000
0%
#32700000
1(
#32701000
1%
#32704000
0%
#32707000
1%
#32708000
0(
#32710000
0%
#32713000
1%
#32716000
0%
1(
#32719000
1%
#32722000
0%
#32724000
0(
#32725000
1%
#32728000
0%
#32731000
1%
#32732000
1(
#32734000
0%
#32737000
1%
#32740000
0%
0(
#32743000
1%
#32746000
0%
#32748000
1(
#32749000
1%
#32752000
0%
#32755000
1%
#32756000
0(
#32758000
0%
#32761000
1%
#32764000
0%
1(
#32767000
1%
#32770000
0%
#32772000
0(
#32773000
1%
#32776000
0%
#32779000
1%
#32780000
1(
#32782000
0%
#32785000
1%
#32788000
0%
0(
#32791000
1%
#32794000
0%
#32796000
1(
#32797000
1%
#32800000
0%
#32803000
1%
#32804000
0(
#32806000
0%
#32809000
1%
#32812000
0%
1(
#32815000
1%
#32818000
0%
#32820000
0(
#32821000
1%
#32824000
0%
#32827000
1%
#32828000
1(
#32830000
0%
#32833000
1%
#32836000
0%
0(
#32839000
1%
#32842000
0%
#32844000
1(
#32845000
1%
#32848000
0%
#32851000
1%
#32852000
0(
#32854000
0%
#32857000
1%
#32860000
0%
1(
#32863000
1%
#32866000
0%
#32868000
0(
#32869000
1%
#32872000
0%
#32875000
1%
#32876000
1(
#32878000
0%
#32881000
1%
#32884000
0%
0(
#32887000
1%
#32890000
0%
#32892000
1(
#32893000
1%
#32896000
0%
#32899000
1%
#32900000
0(
#32902000
0%
#32905000
1%
#32908000
0%
1(
#32911000
1%
#32914000
0%
#32916000
0(
#32917000
1%
#32920000
0%
#32923000
1%
#32924000
1(
#32926000
0%
#32929000
1%
#32932000
0%
0(
#32935000
1%
#32938000
0%
#32940000
1(
#32941000
1%
#32944000
0%
#32947000
1%
#32948000
0(
#32950000
0%
#32953000
1%
#32956000
0%
1(
#32959000
1%
#32962000
0%
#32964000
0(
#32965000
1%
#32968000
0%
#32971000
1%
#32972000
1(
#32974000
0%
#32977000
1%
#32980000
0%
0(
#32983000
1%
#32986000
0%
#32988000
1(
#32989000
1%
#32992000
0%
#32995000
1%
#32996000
0(
#32998000
0%
#33001000
1%
#33004000
0%
1(
#33007000
1%
#33010000
0%
#33012000
0(
#33013000
1%
#33016000
0%
#33019000
1%
#33020000
1(
#33022000
0%
#33025000
1%
#33028000
0%
0(
#33031000
1%
#33034000
0%
#33036000
1(
#33037000
1%
#33040000
0%
#33043000
1%
#33044000
0(
#33046000
0%
#33049000
1%
#33052000
0%
1(
#33055000
1%
#33058000
0%
#33060000
0(
#33061000
1%
#33064000
0%
#33067000
1%
#33068000
1(
#33070000
0%
#33073000
1%
#33076000
0%
0(
#33079000
1%
#33082000
0%
#33084000
1(
#33085000
1%
#33088000
0%
#33091000
1%
#33092000
0(
#33094000
0%
#33097000
1%
#33100000
0%
1(
#33103000
1%
#33106000
0%
#33108000
0(
#33109000
1%
#33112000
0%
#33115000
1%
#33116000
1(
#33118000
0%
#33121000
1%
#33124000
0%
0(
#33127000
1%
#33130000
0%
#33132000
1(
#33133000
1%
#33136000
0%
#33139000
1%
#33140000
0(
#33142000
0%
#33145000
1%
#33148000
0%
1(
#33151000
1%
#33154000
0%
#33156000
0(
#33157000
1%
#33160000
0%
#33163000
1%
#33164000
1(
#33166000
0%
#33169000
1%
#33172000
0%
0(
#33175000
1%
#33178000
0%
#33180000
1(
#33181000
1%
#33184000
0%
#33187000
1%
#33188000
0(
#33190000
0%
#33193000
1%
#33196000
0%
1(
#33199000
1%
#33202000
0%
#33204000
0(
#33205000
1%
#33208000
0%
#33211000
1%
#33212000
1(
#33214000
0%
#33217000
1%
#33220000
0%
0(
#33223000
1%
#33226000
0%
#33228000
1(
#33229000
1%
#33232000
0%
#33235000
1%
#33236000
0(
#33238000
0%
#33241000
1%
#33244000
0%
1(
#33247000
1%
#33250000
0%
#33252000
0(
#33253000
1%
#33256000
0%
#33259000
1%
#33260000
1(
#33262000
0%
#33265000
1%
#33268000
0%
0(
#33271000
1%
#33274000
0%
#33276000
1(
#33277000
1%
#33280000
0%
#33283000
1%
#33284000
0(
#33286000
0%
#33289000
1%
#33292000
0%
1(
#33295000
1%
#33298000
0%
#33300000
0(
#33301000
1%
#33304000
0%
#33307000
1%
#33308000
1(
#33310000
0%
#33313000
1%
#33316000
0%
0(
#33319000
1%
#33322000
0%
#33324000
1(
#33325000
1%
#33328000
0%
#33331000
1%
#33332000
0(
#33334000
0%
#33337000
1%
#33340000
0%
1(
#33343000
1%
#33346000
0%
#33348000
0(
#33349000
1%
#33352000
0%
#33355000
1%
#33356000
1(
#33358000
0%
#33361000
1%
#33364000
0%
0(
#33367000
1%
#33370000
0%
#33372000
1(
#33373000
1%
#33376000
0%
#33379000
1%
#33380000
0(
#33382000
0%
#33385000
1%
#33388000
0%
1(
#33391000
1%
#33394000
0%
#33396000
0(
#33397000
1%
#33400000
0%
#33403000
1%
#33404000
1(
#33406000
0%
#33409000
1%
#33412000
0%
0(
#33415000
1%
#33418000
0%
#33420000
1(
#33421000
1%
#33424000
0%
#33427000
1%
#33428000
0(
#33430000
0%
#33433000
1%
#33436000
0%
1(
#33439000
1%
#33442000
0%
#33444000
0(
#33445000
1%
#33448000
0%
#33451000
1%
#33452000
1(
#33454000
0%
#33457000
1%
#33460000
0%
0(
#33463000
1%
#33466000
0%
#33468000
1(
#33469000
1%
#33472000
0%
#33475000
1%
#33476000
0(
#33478000
0%
#33481000
1%
#33484000
0%
1(
#33487000
1%
#33490000
0%
#33492000
0(
#33493000
1%
#33496000
0%
#33499000
1%
#33500000
1(
#33502000
0%
#33505000
1%
#33508000
0%
0(
#33511000
1%
#33514000
0%
#33516000
1(
#33517000
1%
#33520000
0%
#33523000
1%
#33524000
0(
#33526000
0%
#33529000
1%
#33532000
0%
1(
#33535000
1%
#33538000
0%
#33540000
0(
#33541000
1%
#33544000
0%
#33547000
1%
#33548000
1(
#33550000
0%
#33553000
1%
#33556000
0%
0(
#33559000
1%
#33562000
0%
#33564000
1(
#33565000
1%
#33568000
0%
#33571000
1%
#33572000
0(
#33574000
0%
#33577000
1%
#33580000
0%
1(
#33583000
1%
#33586000
0%
#33588000
0(
#33589000
1%
#33592000
0%
#33595000
1%
#33596000
1(
#33598000
0%
#33601000
1%
#33604000
0%
0(
#33607000
1%
#33610000
0%
#33612000
1(
#33613000
1%
#33616000
0%
#33619000
1%
#33620000
0(
#33622000
0%
#33625000
1%
#33628000
0%
1(
#33631000
1%
#33634000
0%
#33636000
0(
#33637000
1%
#33640000
0%
#33643000
1%
#33644000
1(
#33646000
0%
#33649000
1%
#33652000
0%
0(
#33655000
1%
#33658000
0%
#33660000
1(
#33661000
1%
#33664000
0%
#33667000
1%
#33668000
0(
#33670000
0%
#33673000
1%
#33676000
0%
1(
#33679000
1%
#33682000
0%
#33684000
0(
#33685000
1%
#33688000
0%
#33691000
1%
#33692000
1(
#33694000
0%
#33697000
1%
#33700000
0%
0(
#33703000
1%
#33706000
0%
#33708000
1(
#33709000
1%
#33712000
0%
#33715000
1%
#33716000
0(
#33718000
0%
#33721000
1%
#33724000
0%
1(
#33727000
1%
#33730000
0%
#33732000
0(
#33733000
1%
#33736000
0%
#33739000
1%
#33740000
1(
#33742000
0%
#33745000
1%
#33748000
0%
0(
#33751000
1%
#33754000
0%
#33756000
1(
#33757000
1%
#33760000
0%
#33763000
1%
#33764000
0(
#33766000
0%
#33769000
1%
#33772000
0%
1(
#33775000
1%
#33778000
0%
#33780000
0(
#33781000
1%
#33784000
0%
#33787000
1%
#33788000
1(
#33790000
0%
#33793000
1%
#33796000
0%
0(
#33799000
1%
#33802000
0%
#33804000
1(
#33805000
1%
#33808000
0%
#33811000
1%
#33812000
0(
#33814000
0%
#33817000
1%
#33820000
0%
1(
#33823000
1%
#33826000
0%
#33828000
0(
#33829000
1%
#33832000
0%
#33835000
1%
#33836000
1(
#33838000
0%
#33841000
1%
#33844000
0%
0(
#33847000
1%
#33850000
0%
#33852000
1(
#33853000
1%
#33856000
0%
#33859000
1%
#33860000
0(
#33862000
0%
#33865000
1%
#33868000
0%
1(
#33871000
1%
#33874000
0%
#33876000
0(
#33877000
1%
#33880000
0%
#33883000
1%
#33884000
1(
#33886000
0%
#33889000
1%
#33892000
0%
0(
#33895000
1%
#33898000
0%
#33900000
1(
#33901000
1%
#33904000
0%
#33907000
1%
#33908000
0(
#33910000
0%
#33913000
1%
#33916000
0%
1(
#33919000
1%
#33922000
0%
#33924000
0(
#33925000
1%
#33928000
0%
#33931000
1%
#33932000
1(
#33934000
0%
#33937000
1%
#33940000
0%
0(
#33943000
1%
#33946000
0%
#33948000
1(
#33949000
1%
#33952000
0%
#33955000
1%
#33956000
0(
#33958000
0%
#33961000
1%
#33964000
0%
1(
#33967000
1%
#33970000
0%
#33972000
0(
#33973000
1%
#33976000
0%
#33979000
1%
#33980000
1(
#33982000
0%
#33985000
1%
#33988000
0%
0(
#33991000
1%
#33994000
0%
#33996000
1(
#33997000
1%
#34000000
0%
#34003000
1%
#34004000
0(
#34006000
0%
#34009000
1%
#34012000
0%
1(
#34015000
1%
#34018000
0%
#34020000
0(
#34021000
1%
#34024000
0%
#34027000
1%
#34028000
1(
#34030000
0%
#34033000
1%
#34036000
0%
0(
#34039000
1%
#34042000
0%
#34044000
1(
#34045000
1%
#34048000
0%
#34051000
1%
#34052000
0(
#34054000
0%
#34057000
1%
#34060000
0%
1(
#34063000
1%
#34066000
0%
#34068000
0(
#34069000
1%
#34072000
0%
#34075000
1%
#34076000
1(
#34078000
0%
#34081000
1%
#34084000
0%
0(
#34087000
1%
#34090000
0%
#34092000
1(
#34093000
1%
#34096000
0%
#34099000
1%
#34100000
0(
#34102000
0%
#34105000
1%
#34108000
0%
1(
#34111000
1%
#34114000
0%
#34116000
0(
#34117000
1%
#34120000
0%
#34123000
1%
#34124000
1(
#34126000
0%
#34129000
1%
#34132000
0%
0(
#34135000
1%
#34138000
0&
0%
#34140000
1(
#34141000
1%
#34144000
0%
#34147000
1%
#34148000
0(
#34150000
0%
#34153000
1%
#34156000
0%
1(
#34159000
1%
#34162000
0%
#34164000
0(
#34165000
1%
#34168000
0%
#34171000
1%
#34172000
1(
#34174000
0%
#34177000
1%
#34180000
0%
0(
#34183000
1%
#34186000
0%
#34188000
1(
#34189000
1%
#34192000
0%
#34195000
1%
